"","logFC","AveExpr","t","P.Value","adj.P.Val","B"
"L08246_at",5670.65078999675,3218.00674756821,6.81378650974761,4.39752768255486e-08,0.000313587699042987,-4.58995356259467
"X95826_at",4257.47804572283,1090.52527919235,6.57087171801347,9.41649477657456e-08,0.000335745121258766,-4.59013123379364
"U46751_at",7899.55443791019,4642.29367275294,6.16824259883847,3.34652568658406e-07,0.000598480958948257,-4.59044240265355
"M23254_at",1124.15261943737,-2.47545219330708,6.16724616622239,3.35706609983597e-07,0.000598480958948257,-4.59044319875577
"M11147_at",18572.7839210449,21941.9214631346,5.97996671009798,6.06444662708802e-07,0.000690583017991916,-4.59059511071462
"Y00787_s_at",15679.6591331452,4860.0302868934,5.94627568053902,6.7455189483082e-07,0.000690583017991916,-4.59062292100433
"M55153_at",1951.59085505703,1483.85579350163,5.94471005308793,6.778966660978e-07,0.000690583017991916,-4.59062421691798
"M80333_at",853.208956779131,-383.425634031344,5.84741344374072,9.21865594195246e-07,0.000814987762973897,-4.5907053721724
"M84605_at",6862.59870786007,846.884224818161,5.78922421386283,1.10792318237798e-06,0.000814987762973897,-4.59075448965364
"M57730_at",7317.26157994905,1836.52342591907,5.7793913412875,1.14288004904487e-06,0.000814987762973897,-4.59076283244026
"M28209_at",13948.4970331887,3623.14670918881,5.7124376563248,1.41205873268469e-06,0.000915399165706776,-4.59081996831938
"U85943_at",823.199463215877,-390.970933412009,5.68259170563132,1.5516360831714e-06,0.000922059742424602,-4.59084562182559
"L20941_at",12844.7014197011,10473.6443549885,5.49467896353152,2.80766740057405e-06,0.00154011355642258,-4.59100972108079
"HG3494-HT3688_at",2652.1699488401,485.627155487358,5.40280569595624,3.75055400917568e-06,0.00191037147424513,-4.59109155352589
"U50136_rna1_at",2832.62693350021,2018.52778248418,5.31666723657888,4.91872016604088e-06,0.00219830002866606,-4.5911692161444
"J04027_at",924.369952580468,-271.656806551076,5.30005871530712,5.18249063743176e-06,0.00219830002866606,-4.59118429362579
"Y12711_at",1617.4038186016,611.883814947446,5.29650971480734,5.2406535531234e-06,0.00219830002866606,-4.59118751976172
"M62783_at",3450.40955323502,2740.58518660126,5.22240941990813,6.61476033434996e-06,0.00262054755245831,-4.59125522217197
"M63154_at",7330.08998391832,4961.30915512157,5.20338281478345,7.02194547534149e-06,0.00263544700971896,-4.59127271095742
"M69066_at",14685.9598771592,10669.7829758115,5.11523097557587,9.25799841730714e-06,0.00330093933569086,-4.59135428950977
"D10495_at",1429.22233028796,-282.923226585824,5.06918570725623,1.06937754509545e-05,0.00363130060670271,-4.5913972571896
"M22976_at",2637.77841050581,1073.51972358469,5.0315961087492,1.20279686291583e-05,0.00389870201338764,-4.5914325125077
"L07758_at",-608.300284895181,238.308952997796,-4.94089717866696,1.59653215525093e-05,0.00494994382569321,-4.59151822649451
"AJ000480_at",1580.94105385872,1265.04109852804,4.88985534667225,1.87172291811243e-05,0.00556135672044155,-4.59156685732502
"X04106_at",5047.10247616748,4349.51730004231,4.81572436141949,2.35689250088585e-05,0.00668902578964251,-4.59163797882342
"M96684_at",12549.7659144092,4031.73899972296,4.80429247952481,2.4420414907879e-05,0.00668902578964251,-4.59164899751744
"X17094_at",9000.18009178298,4838.90634135846,4.79255163811502,2.53265595737411e-05,0.00668902578964251,-4.59166032796511
"L42379_at",2726.88166023105,1287.66936767873,4.71148339878257,3.25566946027102e-05,0.00829149247185452,-4.59173894239636
"U50327_s_at",1584.90060131835,-130.63949565934,4.694376623636,3.43249658888394e-05,0.00844039075011427,-4.5917556146656
"M95712_at",2836.24327360389,2882.32994690416,4.66380325834073,3.77243211933216e-05,0.00896707114765255,-4.59178548218426
"D38128_at",-1749.16975472038,-2867.16081305524,-4.58661642288114,4.78540836232021e-05,0.0110079829134534,-4.59186128119532
"J03589_at",-563.448585946019,-487.498570668656,-4.56013431617221,5.19129984514036e-05,0.0115672988250425,-4.59188741385332
"D26308_at",4770.32476219529,2353.40940273138,4.54633049283838,5.41612271537701e-05,0.0115672988250425,-4.59190106056529
"D50310_at",4704.48354561047,9681.08735093788,4.54042607977259,5.51518945521587e-05,0.0115672988250425,-4.59190690296248
"M31241_s_at",-794.586843008511,28.0100115324156,-4.48883498085626,6.46020143957088e-05,0.0130171559803601,-4.59195808226202
"HG1879-HT1919_at",495.386943197362,89.8901005748587,4.48069558930613,6.62317381579632e-05,0.0130171559803601,-4.59196617767736
"L42572_at",-530.116241613037,63.4784285701764,-4.46346895173981,6.98154277933626e-05,0.0130171559803601,-4.59198332975763
"M21934_at",3780.77069073273,241.679874472386,4.46225227937774,7.0075620861388e-05,0.0130171559803601,-4.59198454210872
"D32050_at",-1294.91041196191,1247.4713842267,-4.45097767102385,7.25325533165479e-05,0.0130171559803601,-4.59199578255578
"L19779_at",13882.907374602,11658.597210957,4.44796176910816,7.32039964829057e-05,0.0130171559803601,-4.59199879111283
"HG2855-HT2995_at",-2480.1346340946,2607.8064455187,-4.44071382462364,7.48427142328933e-05,0.0130171559803601,-4.59200602448348
"X90872_at",1300.2545647739,-75.44771333063,4.42117557154137,7.94418472144649e-05,0.0132243110323549,-4.59202554493054
"L11669_at",1918.63031838051,1250.8907497506,4.41993638194044,7.97427253388389e-05,0.0132243110323549,-4.59202678403961
"U40369_rna1_at",2006.67596858749,584.346869395841,4.39923089612385,8.49388249935113e-05,0.0137658809324711,-4.59204750647865
"D26579_at",1185.80179869307,183.385367853353,4.37290930057427,9.20262860545872e-05,0.0143243346396112,-4.59207389879936
"HG1612-HT1612_at",-5411.27200148918,6133.20044767912,-4.37156973262767,9.2402102569361e-05,0.0143243346396112,-4.59207524341818
"L47738_at",-2303.23439373157,1278.18135950766,-4.35524647386587,9.71043571950434e-05,0.0147330036416565,-4.592091639371
"HG4321-HT4591_at",435.392712434949,-769.624442170873,4.34214016181461,0.00010104911137174,0.0149731508001224,-4.59210481882398
"M33308_at",2777.89843868057,470.87223273593,4.33620556857355,0.000102886606255223,0.0149731508001224,-4.5921107908165
"HG1102-HT1102_at",752.08002970157,247.856372667349,4.31083783537686,0.000111117377624257,0.015542529534843,-4.59213634807393
"M31328_at",-4485.18386808514,5714.76778337358,-4.31071671698217,0.000111158183463328,0.015542529534843,-4.59213647021134
"D14874_at",436.079304294378,-368.562731179377,4.29594749641751,0.000116245725048115,0.0156551528507406,-4.59215137171402
"U49844_at",-381.06374335199,-363.705990902938,-4.29259803685558,0.000117430871171619,0.0156551528507406,-4.59215475337359
"D43950_at",-1130.6654734455,631.00070619288,-4.27375374808467,0.000124322534464325,0.0156551528507406,-4.59217379379261
"U02031_at",3873.9683615926,869.287565669822,4.2725193515807,0.000124787547269296,0.0156551528507406,-4.59217504191658
"J03909_at",4661.66739991678,1733.70634890201,4.26839577168128,0.000126353335732219,0.0156551528507406,-4.59217921213164
"D88422_at",4938.33442686497,976.316994153319,4.26642576827697,0.000127108153085217,0.0156551528507406,-4.592181204836
"M83233_at",1852.03082849278,1252.75876386278,4.26245613828055,0.000128642575974749,0.0156551528507406,-4.59218522103399
"L13278_at",-283.327230081802,-574.827546582997,-4.25716521167556,0.000130715961024418,0.0156551528507406,-4.59219057573565
"U29680_at",1403.54640785755,131.388089115412,4.25166132370215,0.000132907517006413,0.0156551528507406,-4.59219614802415
"M82809_at",463.879610135774,-481.83744917581,4.24853407025545,0.000134168720495057,0.0156551528507406,-4.59219931507248
"J05243_at",-1603.65681094713,655.083446116036,-4.24376980229867,0.000136112673782908,0.0156551528507406,-4.59220414125609
"K03195_at",1259.59627139955,1043.65563476092,4.22743942659676,0.000142987403714975,0.0161600352551481,-4.59222069556567
"L32831_s_at",2002.78705860981,-146.100235196748,4.22272461437113,0.000145034673444044,0.0161600352551481,-4.59222547836954
"D49950_at",350.852960273557,-503.209415507919,4.21519618578391,0.000148363275324378,0.0162765925590482,-4.59223311843154
"D63391_at",-961.343788627112,-854.375241824198,-4.20547775092242,0.000152770842474602,0.0165061951164604,-4.59224298650251
"D43948_at",-494.748883182776,29.6301636259897,-4.1757944554881,0.000167040824137076,0.0176359436674703,-4.59227316468347
"L29277_at",1003.46146755774,758.725125512933,4.16935514350968,0.000170304281403016,0.0176359436674703,-4.59227971873654
"U66468_at",-803.997244599908,240.059209528034,-4.16612440012857,0.000171965021726956,0.0176359436674703,-4.59228300802304
"U29171_at",2511.8477404087,1859.2937778391,4.16389619311361,0.000173119626521234,0.0176359436674703,-4.59228527698421
"L08177_at",365.929663662835,-793.192678844387,4.15316551371655,0.000178786948410018,0.0179567567480541,-4.59229620821517
"D63874_at",-9339.94608045564,15946.4725305425,-4.14119638240811,0.000185322287157267,0.0183546281905343,-4.5923084093251
"D50918_at",-1160.86662784895,598.602033204135,-4.13127692769922,0.000190914794653273,0.0184724786593117,-4.59231852755185
"U79293_at",-370.120891030858,-342.069808802695,-4.12870331682153,0.000192392495821187,0.0184724786593117,-4.59232115368864
"M86407_at",-524.776363041716,-686.723951772083,-4.12543783210928,0.000194283536593518,0.0184724786593117,-4.59232448638174
"AFFX-HUMTFRR/M11507_M_at",654.555155994441,-533.327456136015,4.10934733937657,0.000203869751464357,0.0188923537414891,-4.59234091711848
"X55019_s_at",-6294.79090293368,4917.46838595815,-4.10913677469227,0.000203998210362454,0.0188923537414891,-4.5923411322348
"X74295_at",-2328.6006169038,1488.46118874885,-4.08606718244502,0.000218561198080206,0.0199227621046843,-4.59236471570811
"X15525_rna1_at",-1640.15779513033,1624.75054788611,-4.08278761867448,0.000220712131015294,0.0199227621046843,-4.59236807073787
"M95549_at",653.99695623046,-12.0772633333574,4.06300772939949,0.000234129565183948,0.0207149551428924,-4.5923883182109
"U05291_at",-7314.68323971493,5088.76034483815,-4.05976657202128,0.000236402711417989,0.0207149551428924,-4.5923916379915
"U46499_at",1820.91305065927,238.191497333152,4.0567274959742,0.000238553669050764,0.0207149551428924,-4.59239475129409
"M31210_at",774.006038720192,-460.902456633868,4.05315298078158,0.000241108018070406,0.0207149551428924,-4.59239841373588
"M21574_at",446.938376397366,-158.59381991316,4.03728075604715,0.000252776021378,0.0214588786719824,-4.59241468441228
"D49817_at",1597.50641017764,53.5593991423418,4.0295921150835,0.000258624170589349,0.0215327872092326,-4.5924225707018
"U72507_at",-969.457233740586,61.1164777010561,-4.0282145182337,0.00025968583648773,0.0215327872092326,-4.59242398402681
"M29580_at",-473.658693351972,-552.271503963493,-4.0192086043852,0.000266731731389431,0.021670535219506,-4.59243322584209
"M22919_rna2_at",-928.245782767862,286.855696747798,-4.0183351433075,0.000267424919270302,0.021670535219506,-4.59243412239636
"D87076_at",-1153.63160877158,135.360989374788,-4.00453928085238,0.000278609001089485,0.0223231549075182,-4.59244828794214
"U61849_at",1311.79030927108,-389.274395097794,3.99079587240541,0.000290202898205106,0.0229937429677846,-4.59246240869837
"M59371_at",2204.92531239874,961.671476112141,3.93589738090793,0.000341380157994163,0.0267514495236964,-4.59251889996401
"D38122_at",-1319.68297740058,596.799556575965,-3.93088699491625,0.000346465696001391,0.0268548573715861,-4.59252406217181
"AFFX-HUMTFRR/M11507_3_at",1382.00359346049,156.949784440854,3.91488457084933,0.000363206156276663,0.0277605327094698,-4.5925405563115
"D50063_at",-773.853456742788,1398.10539927477,-3.90818855101891,0.000370441911058055,0.0277605327094698,-4.5925474610973
"X52142_at",1761.36204737282,-490.744109593531,3.90181279245741,0.000377461627093791,0.0277605327094698,-4.59255403724943
"X17098_at",1000.61002627581,-369.732557632832,3.90181188010185,0.000377462640784783,0.0277605327094698,-4.59255403819058
"D14658_at",-1319.95215600992,991.859999522966,-3.90167489136114,0.000377614874886912,0.0277605327094698,-4.59255417950202
"Z35227_at",-942.158397256018,300.173364547134,-3.89353181533768,0.000386772109686311,0.0278583270802848,-4.5925625808077
"M63438_s_at",2385.77868230023,-230.614787262329,3.89107864118193,0.000389572826892,0.0278583270802848,-4.59256511226216
"U33936_s_at",2279.0088898177,715.607457845332,3.89008791961495,0.000390709478681924,0.0278583270802848,-4.59256613466063
"M63175_at",706.576264900292,911.745503275347,3.88619206217796,0.000395210494112244,0.0278583270802848,-4.59257015543269
"AFFX-HUMTFRR/M11507_5_at",703.996131492468,14.8710728095383,3.88339043652696,0.000398478384825277,0.0278583270802848,-4.59257304723082
"U70136_at",427.547179713175,-481.836459610555,3.86215812478702,0.000424111443237444,0.0293625116672448,-4.5925949720011
"L22075_at",549.734278384597,-343.405908754504,3.85529732324204,0.000432731148993316,0.0293875680520211,-4.59260205988579
"M17236_at",11985.2580311177,4170.20930704398,3.85265647079571,0.000436094136234972,0.0293875680520211,-4.59260478856709
"U77413_at",1875.50072984553,104.936926587244,3.85207605339496,0.000436836658745511,0.0293875680520211,-4.59260538831887
"L20298_at",-1946.56202753959,2369.97898911448,-3.84341210056652,0.000448067231150691,0.0296334686114527,-4.59261434218929
"J04615_at",-3357.24817708445,2655.99978558759,-3.84285181442224,0.000448803058482245,0.0296334686114527,-4.59261492130775
"D63880_at",-809.908373770946,262.058219401655,-3.83528594152624,0.000458854857980252,0.0299929727090763,-4.59262274246293
"X75208_at",519.12798921185,-43.344259195677,3.83084787992422,0.000464852360862899,0.0299929727090763,-4.59262733110664
"X01388_at",2858.83689245548,1715.06994293995,3.82937040993384,0.000466865793115617,0.0299929727090763,-4.59262885884189
"U82818_at",892.699078732354,-17.6391649107837,3.81917156075237,0.000480996766037513,0.0306248923090491,-4.59263940647579
"X61615_at",1710.72043940098,331.803344300731,3.80997396544332,0.000494095303283901,0.0311804744045796,-4.59264892125786
"M92303_at",-6073.55641336361,5750.16932181742,-3.80550751548379,0.000500580129369389,0.0313126044081852,-4.59265354261579
"M92843_s_at",12169.4643459692,6670.13251596999,3.80179354165065,0.000506035162185255,0.031378580361244,-4.59265738582792
"X66113_s_at",-389.680823799994,-303.253895900403,-3.79694034078366,0.000513250332223319,0.0313893611526434,-4.59266240848605
"D87078_at",-1367.75868804817,296.580998454134,-3.79487337033072,0.000516353430100691,0.0313893611526434,-4.59266454782366
"X59434_at",-6283.49142761674,5687.81805532535,-3.78790366909581,0.000526951405918448,0.0313893611526434,-4.59267176238818
"J04990_at",9567.14163452506,3262.46604252358,3.78585783870296,0.000530102038504133,0.0313893611526434,-4.59267388033775
"M19645_at",7643.29728487345,2548.54014411765,3.78263057179435,0.000535109231317101,0.0313893611526434,-4.59267722159299
"M64269_s_at",-1199.04985850696,535.645802751354,-3.7814452995747,0.000536959687252532,0.0313893611526434,-4.59267844879693
"L21954_at",3566.50661660924,2027.03744983056,3.77927039310138,0.000540371295413352,0.0313893611526434,-4.59268070073905
"U32944_at",-3041.23095669798,1979.09429150777,-3.77860225323359,0.000541423562161708,0.0313893611526434,-4.59268139256869
"J05032_at",-496.266987758265,-128.062611303524,-3.76931866694378,0.000556251339524784,0.0319889379205745,-4.59269100647028
"U33822_at",-930.66684981863,-966.266526471668,-3.75958539602046,0.000572219230969889,0.0326439626883702,-4.59270108830163
"M15841_at",-822.935267188799,89.458704909117,-3.75243296916161,0.000584234936007999,0.0328103716216086,-4.5927084982733
"D00726_at",1336.56606572791,428.91294645774,3.75237199630075,0.000584338409191459,0.0328103716216086,-4.59270856144667
"J03473_at",-2306.91774594966,2042.63757080075,-3.74647767212195,0.000594425434398034,0.0331159982241592,-4.59271466888616
"M13792_at",-10995.60515238,10795.8393811846,-3.73065174397117,0.000622348756693293,0.0344028603409293,-4.5927310706974
"X96506_s_at",1172.86406608234,1868.24457253324,3.71179261158719,0.000657281999201068,0.0360544456638678,-4.59275062260044
"J05500_at",761.533965969362,158.203839216744,3.6931540315026,0.000693664604241337,0.0370980386328307,-4.59276995211423
"D28473_s_at",725.612451205263,-667.050910442628,3.69232271216827,0.000695331855982919,0.0370980386328307,-4.59277081438406
"X58431_rna2_s_at",524.33220070499,-78.1015558581493,3.69128095858756,0.000697426608349175,0.0370980386328307,-4.59277189493807
"X53800_s_at",2847.72596191622,211.404187733265,3.68910732890467,0.000701816973651786,0.0370980386328307,-4.59277414957959
"D38521_at",635.135466009425,213.913976620491,3.68885972624823,0.000702318779334196,0.0370980386328307,-4.5927744064151
"X59372_at",-2071.04587273052,50.5886775872385,-3.65856807760871,0.000766394636952497,0.0396532269484419,-4.5928058341664
"M14016_at",1098.46679832858,398.530927274394,3.65829907715459,0.000766988173030585,0.0396532269484419,-4.59280611330926
"M28825_at",875.514447068154,962.857297449619,3.65812423749732,0.000767374185792314,0.0396532269484419,-4.59280629474155
"D79988_at",-359.804902485357,-527.177892523049,-3.65455723091685,0.00077529050215098,0.0397740760491988,-4.59280999632592
"M27691_at",971.667501074688,-174.752938782748,3.65039275620617,0.000784632491272319,0.0399658163947351,-4.59281431810273
"U35451_at",-590.84120181666,-26.2580747845849,-3.62064012552622,0.000854605531058395,0.0432212201558682,-4.59284519955065
"HG2724-HT2820_at",1789.9168707506,-975.066369213109,3.61622455542925,0.000865489671433081,0.0434634284999246,-4.59284978328041
"L36870_at",-2049.55655977056,1666.13205268875,-3.61057017892611,0.000879622569256605,0.0438104592490186,-4.59285565318844
"X66899_at",-705.215696291866,159.645638807727,-3.60856507930467,0.000884687439609968,0.0438104592490186,-4.59285773476637
"L76670_f_at",-817.370511724623,-699.428975732462,-3.59968125341941,0.000907467912413594,0.0444054635504333,-4.59286695771275
"X59932_s_at",990.259670380194,730.867675044597,3.59812385228645,0.000911519274698177,0.0444054635504333,-4.59286857460634
"M33764_at",-8247.94517497018,11561.0776782609,-3.59664440622196,0.000915383977270187,0.0444054635504333,-4.59287011057755
"U49516_at",-339.913136685778,-287.675342460766,-3.59029888313939,0.000932139878823737,0.0449127667290004,-4.59287669865115
"X62466_at",5166.50230985323,2625.5293407291,3.5785951903103,0.000963822252010996,0.0461276273764457,-4.59288885007822
"D29963_at",833.663252509243,1731.08787655669,3.56796313875897,0.000993500112248495,0.0470877188216819,-4.59289988914991
"X64643_at",1080.45965171511,-667.66397178048,3.56361540373517,0.00100588781180705,0.0470877188216819,-4.59290440336869
"M98776_rna1_at",664.03526479415,537.549500434337,3.56340053942518,0.00100650384736301,0.0470877188216819,-4.59290462646093
"X68561_at",-731.190945628301,135.077463012043,-3.56208066122669,0.00101029602856785,0.0470877188216819,-4.59290599688247
"X77922_s_at",-1657.95081234826,1168.12480881729,-3.55623945859595,0.00102724419800639,0.0473458504596841,-4.59291206177055
"D14664_at",377.975410980048,-530.058916492191,3.55399052992732,0.00103384206918448,0.0473458504596841,-4.59291439681833
"M93107_at",2089.33237847493,972.982250230437,3.55334184773598,0.00103575272356061,0.0473458504596841,-4.59291507034018
"D83785_at",-627.174971890189,64.1152244361178,-3.54619606418906,0.00105702620227686,0.0476897905472641,-4.59292248972517
"X07767_at",1443.7172069046,48.7755253487269,3.54389153926188,0.00106397607371585,0.0476897905472641,-4.59292488247124
"D23673_at",-1654.09831435698,3771.40451116212,-3.54288592225891,0.00106702251236857,0.0476897905472641,-4.59292592658186
"L05148_at",-1700.87864458776,1474.35066976764,-3.53941575101027,0.00107759965605869,0.0476897905472641,-4.59292952956971
"HG4018-HT4288_at",547.313156694693,6.94254962560908,3.53745623203827,0.00108361675499803,0.0476897905472641,-4.59293156407404
"U26312_s_at",-616.422482206106,-6.4027071558722,-3.53518819908659,0.00109062153328329,0.0476897905472641,-4.59293391888518
"D86967_at",-3179.58519321916,3209.8674684565,-3.53507497852539,0.00109097235104319,0.0476897905472641,-4.59293403643733
"S81916_at",1684.5956676607,-306.111685588079,3.53320628837563,0.00109677824284831,0.0476897905472641,-4.59293597661402
"L07956_at",-643.410567096375,-305.969729976999,-3.52838734464736,0.00111188771851789,0.0478629934704205,-4.59294097985148
"D86978_at",-519.921569403699,196.979623240787,-3.52665446486427,0.00111736978682713,0.0478629934704205,-4.59294277898166
"M23533_at",-562.27496076754,-355.728336539465,-3.5255436779372,0.0011208974771505,0.0478629934704205,-4.59294393222911
"U21049_at",-2304.21686940966,2217.42313330213,-3.51885265338098,0.00114237459637159,0.0484897217067014,-4.59295087890624
"AF009426_at",-257.736118067446,-699.934537688566,-3.51064710961821,0.0011692530458253,0.0487277636004667,-4.59295939765706
"M68874_at",-1350.18252330157,403.58943591809,-3.50920175529021,0.00117405000312253,0.0487277636004667,-4.59296089814034
"L40391_at",-1387.75811158465,1247.22523039875,-3.50889915911967,0.00117505667324868,0.0487277636004667,-4.59296121227654
"M33374_at",-1793.86044740919,1353.42198033691,-3.50751276012168,0.00117967952273448,0.0487277636004667,-4.59296265154084
"J02645_at",-585.403681152954,-257.254057079185,-3.50677435616787,0.00118214880141365,0.0487277636004667,-4.59296341809609
"U16660_at",3355.36803065558,409.29817101731,3.50171649839906,0.00119919657716508,0.0491463838607138,-4.59296866868318
"D55654_at",-2255.6547300628,2973.50269761488,-3.49645330496878,0.00121718695160172,0.0495594987919714,-4.59297413223396
"X64559_at",3877.46007945649,2207.06094206526,3.49471757878425,0.00122317652326279,0.0495594987919714,-4.59297593398815
"D16469_at",1201.9122755861,982.892281077654,3.49240808518533,0.00123118990507035,0.0496023458364785,-4.59297833129821
"L41870_at",-675.781130452832,-164.817946855017,-3.48961256403726,0.0012409571037557,0.0497149725105726,-4.59298123305649
"AB002559_at",1264.07634748636,1803.58891901299,3.48394643079859,0.00126098245579325,0.0501660078229146,-4.59298711430474
"HG2788-HT2896_at",4797.42877918054,3267.40179517213,3.48246042502421,0.00126628543095283,0.0501660078229146,-4.59298865667735
"L19437_at",1864.03740833078,3426.73213378998,3.47691047796116,0.00128628084696512,0.0506766227608193,-4.59299441695147
"U79286_at",-663.094368317186,-366.388891540891,-3.47268229390791,0.00130171711416899,0.0508426114249883,-4.59299880515802
"X86693_at",-1880.4320406874,647.19030909287,-3.47185622798179,0.00130475359567703,0.0508426114249883,-4.59299966246523
"U57592_at",820.153960208228,22.9993577014039,3.467033484206,0.0013226172637377,0.0508771751342385,-4.59300466744945
"L24783_at",-575.275695300718,425.389663857864,-3.46612361375106,0.00132601366266285,0.0508771751342385,-4.59300561167185
"X81836_s_at",-4123.45793415564,2967.8340236354,-3.46584789281027,0.00132704453442271,0.0508771751342385,-4.59300589780065
"D50912_at",-319.220278212174,-4.33432221786199,-3.46236988544024,0.00134011435533655,0.0509234253885221,-4.59300950701714
"Y08613_at",-504.846296039645,-128.560731178882,-3.46119202060172,0.00134456850226009,0.0509234253885221,-4.59301072928401
"L28821_at",695.635191203451,-503.892703259881,3.45984642636788,0.00134967429511018,0.0509234253885221,-4.59301212558208
"M81057_at",869.21413436207,373.661001467887,3.44999980727868,0.00138760654315316,0.0520790645222377,-4.59302234252121
"L28010_at",-1353.56076859849,1351.3702251819,-3.43420370495481,0.00145060070124377,0.0539225778626004,-4.59303872983452
"M83712_s_at",1773.69226613255,-424.26864362687,3.43173422570999,0.00146069321951645,0.0539225778626004,-4.59304129139417
"Z23091_rna1_at",-6340.59696286143,5854.01733874503,-3.43156899922087,0.00146137087899397,0.0539225778626004,-4.593041462778
"L12392_at",755.667861277049,1575.90456058891,3.43020604626045,0.00146697238891382,0.0539225778626004,-4.59304287650586
"HG3730-HT4000_s_at",452.214139741438,60.4983568060773,3.42799012022274,0.00147612339560933,0.0539806970978982,-4.59304517491764
"L09717_at",297.971888449628,-563.138519084568,3.41867162561085,0.00151520732141028,0.0547248384507511,-4.59305483936682
"D87446_at",-396.823689895184,-244.666520044636,-3.41790045752478,0.00151848579638942,0.0547248384507511,-4.59305563909643
"D87116_at",1890.26796514087,1008.04317005627,3.41766341927353,0.0015194948833612,0.0547248384507511,-4.59305588491164
"D38524_at",-570.380690190112,-49.6478356950781,-3.40352266090099,0.00158086814331699,0.0566490991456956,-4.59307054736288
"L05424_cds2_at",748.887245707388,-939.530922756363,3.39863381141518,0.00160263309357336,0.057141882951358,-4.59307561566423
"S53911_at",-556.339443993117,-120.396473521297,-3.393139689902,0.00162743476667638,0.0576026156827291,-4.59308131086472
"HG4126-HT4396_at",-304.269798628272,-632.454906095697,-3.38991743458985,0.00164215109124695,0.0576026156827291,-4.593084650752
"X63755_at",-1041.30847221765,169.379142141819,-3.38731467311352,0.00165413096717883,0.0576026156827291,-4.59308734836482
"M68895_rna1_at",715.298567054755,219.596026879063,3.38638119149028,0.00165844788274074,0.0576026156827291,-4.59308831582842
"D31884_at",807.052731781089,1241.28430200984,3.38422474628946,0.00166846166030569,0.0576026156827291,-4.59309055070122
"D86479_at",-1607.42639485417,1759.86381589677,-3.37985875611169,0.00168891309222362,0.0576026156827291,-4.59309507515451
"M83652_s_at",820.303272526087,329.027486706749,3.37985717788894,0.00168892052818006,0.0576026156827291,-4.59309507678994
"D38548_at",-881.323061843546,851.62175503465,-3.3784470059691,0.00169557721923162,0.0576026156827291,-4.59309653804992
"M81182_s_at",-240.336669687406,-553.350251641684,-3.37836926123168,0.00169594494043043,0.0576026156827291,-4.59309661860986
"X07024_at",941.254478020967,277.50853544691,3.37828727337698,0.00169633281354272,0.0576026156827291,-4.59309670356641
"HG2274-HT2370_at",-695.227034570374,189.672579628395,-3.37651955614336,0.00170471629151876,0.0576129472740298,-4.59309853525258
"M87789_s_at",6181.83715251128,3611.29805135236,3.37006666882857,0.00173565681388338,0.0583819280179359,-4.59310522101974
"U54644_s_at",1055.13984997249,602.021935921238,3.3651155089423,0.00175975992389202,0.0589147794238216,-4.59311035017289
"D13636_at",-571.74507054946,-665.973111976229,-3.36256552915357,0.00177229812160946,0.0590572799308272,-4.59311299158404
"U04209_at",-284.903555655717,-731.04624055645,-3.36066315025909,0.00178170762139878,0.0590946839450917,-4.59311496206605
"Z15005_at",-1747.47954690411,609.971688615264,-3.34993596941954,0.00183566585818851,0.060328597795119,-4.59312607149324
"Y10209_at",-614.138939376848,-479.770002720311,-3.34990374425375,0.00183583027927932,0.060328597795119,-4.59312610486205
"X62025_rna1_at",-982.023400867472,1203.48549312916,-3.34711891825949,0.00185009242309192,0.0605183902250847,-4.59312898841223
"AF015950_at",-619.616349757918,-1453.99320784948,-3.34168331093569,0.0018782355727113,0.0611584377580105,-4.59313461609526
"M92424_at",1163.03160171167,-313.85697751828,3.33869738214446,0.00189386882854304,0.0613871755288201,-4.59313770718076
"U25750_at",-390.435909331166,69.8729123652259,-3.32635397849989,0.00195982230347352,0.0631072988499041,-4.59315048251979
"X56465_at",-297.100704834121,-493.877653085102,-3.32546864229652,0.00196463614425448,0.0631072988499041,-4.59315139866108
"M61832_s_at",1088.66033317629,272.529774581432,3.31991276418682,0.00199510363519546,0.0637985830608916,-4.59315714730241
"U38846_at",-2663.89955653016,3221.97049664698,-3.31806547427203,0.00200533332317568,0.0638394282480614,-4.59315905847102
"D29675_s_at",-447.708947497574,-320.18831833274,-3.31588484262506,0.00201747333739573,0.0639404549731953,-4.59316131436898
"L38951_at",-1432.57090953595,734.099254030171,-3.3077193025173,0.00206355811665287,0.0645035179868382,-4.59316976038653
"M23575_f_at",7075.14224393769,3842.93713508893,3.3057425095554,0.00207486474263517,0.0645035179868382,-4.59317180475095
"U05259_rna1_at",-852.91467670025,775.473216377752,-3.30439499700958,0.00208260591180884,0.0645035179868382,-4.5931731982499
"U43653_at",-716.436297562087,242.489465993643,-3.30437809245764,0.00208270319946713,0.0645035179868382,-4.59317321573097
"M95623_cds1_at",675.285203690986,394.943740244118,3.30188037703107,0.00209712555208002,0.0645035179868382,-4.59317579852263
"Y07683_at",1486.8641184904,1226.13892075034,3.30167864592398,0.00209829453727867,0.0645035179868382,-4.59317600711581
"L76702_at",-914.832853348971,-345.601611619523,-3.30163321748389,0.00209855787027717,0.0645035179868382,-4.59317605408934
"U72671_at",1548.97133447915,-539.24227245454,3.29991764322248,0.0021085255522158,0.0645317412568706,-4.59317782796182
"U37426_at",1112.56652853816,1138.58205922171,3.29098080841077,0.00216118359066296,0.0655594340931017,-4.5931870668406
"D16611_s_at",1933.13605924732,2139.77690219884,3.29034764103811,0.00216496152365138,0.0655594340931017,-4.59318772130121
"M92449_at",-351.482257621473,-159.910383918729,-3.28955741992651,0.00216968538016716,0.0655594340931017,-4.59318853807721
"HG3327-HT3504_s_at",978.798784445285,-685.116148694104,3.28751402931848,0.00218194612104501,0.0656517206294176,-4.59319065003122
"X59244_f_at",6773.79533369214,3591.83677680356,3.28517592053048,0.00219605620088402,0.0657986418844704,-4.59319306640794
"U80628_at",-772.1542249543,-396.21836061006,-3.28165744302993,0.00221745353123566,0.0661617620554038,-4.59319670229142
"D11327_s_at",-10143.3353237656,8651.28795106533,-3.27929794875007,0.00223191367867716,0.0663157351776951,-4.5931991402634
"M27826_at",858.454824459644,-382.582725981101,3.27436349633312,0.00226244526218955,0.0663696457505708,-4.59320423816701
"Y07827_s_at",-1270.52528929779,673.662975752295,-3.27384973352844,0.00226564689598789,0.0663696457505708,-4.59320476889527
"D16217_at",720.382889107664,721.542618623836,3.27367795910701,0.00226671831070754,0.0663696457505708,-4.5932049463398
"L19872_at",484.49831745299,-508.047630835275,3.27284686389942,0.00227190894783355,0.0663696457505708,-4.59320580485277
"K01396_at",1717.06392709218,437.752671988998,3.27009740722612,0.00228916155530189,0.0663696457505708,-4.59320864482604
"HG3576-HT3779_f_at",5351.80644719927,4033.15074187867,3.27003235042076,0.00228957128798772,0.0663696457505708,-4.59320871202111
"U29091_at",1281.99110792264,-633.25834037199,3.26747688548591,0.00230572114805013,0.0665671963835848,-4.5932113513491
"X76092_at",-339.906791660063,-504.141674831908,-3.26415926560467,0.00232684944977934,0.0669063041386147,-4.59321477746517
"L38608_at",256.555783010656,-523.633301951117,3.26116116265463,0.00234610130660389,0.067188949467439,-4.59321787324319
"L20010_at",-1305.4103045636,1974.2354012202,-3.25768453511874,0.00236861575284831,0.0675623957342451,-4.59322146268819
"L41067_at",-682.480132029769,200.64573179644,-3.25599151343588,0.00237965396307517,0.0676068223533428,-4.59322321047318
"X07876_at",491.33100687278,-494.281651094397,3.25428731745574,0.00239081444896286,0.0676543564902942,-4.59322496967677
"M20203_s_at",4286.25615318557,530.976726533721,3.25276530172301,0.00240082395198821,0.067669073524221,-4.59322654071979
"X77744_at",5476.65370280335,1810.33017579423,3.24631961323113,0.00244365751565226,0.0686052037169932,-4.59323319298
"U79298_at",-281.546319376274,-364.308925853338,-3.24096350612838,0.0024798024568496,0.0691519011624778,-4.59323871941831
"D80006_at",-1068.67934900497,728.948500227477,-3.24056306171357,0.00248252512937797,0.0691519011624778,-4.59323913254851
"X59618_at",-385.04577601447,-398.941658562434,-3.23778460457537,0.00250149464633396,0.0694091763541148,-4.59324199883606
"U30255_at",1027.89469928925,357.621374028992,3.23159319953562,0.00254426250332054,0.0700762382092518,-4.59324838475756
"X04654_s_at",1015.41750938081,540.250313039693,3.23146011147865,0.00254518941189121,0.0700762382092518,-4.59324852200848
"U01824_at",1710.1772484699,59.536001180941,3.22795622234587,0.00256970847633385,0.0704064554185185,-4.59325213521413
"U31814_at",-829.535626005313,546.985105093725,-3.22581887330009,0.00258477500597583,0.0704064554185185,-4.59325433897749
"U25029_at",-547.376202895708,-37.7426508431522,-3.22470289417187,0.00259267505205822,0.0704064554185185,-4.59325548955237
"HG4417-HT4687_f_at",684.952583967645,-798.261143949308,3.22413891889788,0.00259667617095363,0.0704064554185185,-4.59325607098978
"D00763_at",-2250.03465854147,2655.33465013943,-3.21186623659384,0.0026852115040742,0.0725312243770953,-4.59326872006989
"D45248_at",-2008.87231586435,2934.56966569814,-3.20849610670717,0.0027100209968141,0.0728122945612544,-4.59327219233597
"U15590_at",569.357957827179,-712.17514466443,3.20768310671805,0.00271603847332684,0.0728122945612544,-4.59327302989464
"D87448_at",-303.868198484171,-522.982596545165,-3.20359893535357,0.00274646021878459,0.0733520892140559,-4.59327723696202
"L17131_rna1_at",4550.03100521268,9183.33055960147,3.20105361235303,0.00276558290371417,0.0735872077850214,-4.59327985847072
"HG3162-HT3339_at",682.934642579881,1012.94862894721,3.19548282862978,0.00280787748189858,0.0742025687981093,-4.5932855948981
"M11722_at",-6011.6818486426,4187.61324365774,-3.19526797822122,0.00280952090527128,0.0742025687981093,-4.59328581610648
"M29877_at",-3712.10371948666,2901.3837563627,-3.19154634950046,0.00283813348743746,0.0746816601436035,-4.59328964750507
"X77383_at",-386.909049456967,-731.205478044386,-3.18444028626142,0.00289353603180869,0.0758595788339256,-4.59329696123746
"HG1869-HT1904_at",-802.601815929024,968.394659144725,-3.18052051319704,0.00292453413760982,0.0761664995335655,-4.59330099446579
"X85786_at",478.696332730216,537.75927952625,3.1796368312562,0.00293156579843467,0.0761664995335655,-4.59330190361632
"D84276_at",-300.274505344139,-485.652884078793,-3.17891942869077,0.00293728612701311,0.0761664995335655,-4.5933026416655
"U07223_at",467.334503511658,301.658172492982,3.17540199754596,0.00296548648573936,0.0764621292099966,-4.59330625994073
"U51920_at",-241.430759382543,-275.518791084467,-3.17477104746895,0.00297057209606633,0.0764621292099966,-4.59330690891181
"J03798_at",-228.165371493807,-323.917743708326,-3.17349850284149,0.00298085428696944,0.0764621292099966,-4.59330821773901
"S76965_at",-1499.57817613405,-224.264134206151,-3.17173061955477,0.00299519485000072,0.0765546038543195,-4.59331003588657
"M21056_at",4235.05736971535,1288.96999476575,3.16809523548202,0.00302488987238095,0.0766831751350392,-4.59331377411187
"L07633_at",-3045.05516848523,6817.61549734884,-3.16778028862543,0.00302747555892514,0.0766831751350392,-4.59331409793515
"M90299_at",-3298.71897619123,824.846035259723,-3.16295843296935,0.00306732513004914,0.0766831751350392,-4.59331905502526
"L76159_at",-370.193678764369,-4.42994734991051,-3.16185781742925,0.00307649045644039,0.0766831751350392,-4.59332018633302
"D31891_at",-738.019228017146,881.443121353822,-3.16080359778427,0.00308529375724358,0.0766831751350392,-4.5933212698894
"M31165_at",325.175824244899,-409.349808869481,3.15961837742185,0.0030952194921725,0.0766831751350392,-4.5933224880197
"D21262_at",-476.918326068311,-360.543406018313,-3.15670185127759,0.00311977321803535,0.0766831751350392,-4.59332548520157
"D63477_at",-273.355000961821,-431.655976659355,-3.1564597139207,0.00312182000716551,0.0766831751350392,-4.59332573401416
"U07151_at",1260.64701399915,1796.56592430121,3.15576894649965,0.00312766606518319,0.0766831751350392,-4.59332644380687
"L40410_at",-463.505087753737,469.041376350226,-3.15431736928282,0.00313998477976778,0.0766831751350392,-4.59332793527789
"L08666_at",1009.03929890427,2300.52800815676,3.15357338362097,0.00314631637070227,0.0766831751350392,-4.59332869966532
"M95627_at",1339.26557259485,741.650578319327,3.15353495391866,0.00314664374990415,0.0766831751350392,-4.59332873914802
"M20919_at",951.387397491804,124.812499401837,3.15344521951211,0.00314740831497194,0.0766831751350392,-4.59332883134088
"D49400_at",820.164642033751,1977.38712762772,3.15305043075951,0.0031507741290936,0.0766831751350392,-4.59332923694035
"D26598_at",-1252.69639265243,3501.34132827064,-3.14977380405295,0.00317884126579682,0.0770908791997233,-4.59333260295727
"S48983_at",-333.434628206559,-342.848960837446,-3.14857752844923,0.00318914729545903,0.0770908791997233,-4.59333383171884
"D21261_at",8131.23371207214,17970.7928534733,3.14677987982922,0.0032046937463331,0.0771963659089845,-4.59333567803271
"U58087_at",-567.782345708764,395.46590865762,-3.14557406765896,0.00321516206352102,0.0771963659089845,-4.59333691638579
"M81379_at",-263.575283613648,-550.691473435417,-3.13683293916448,0.00329202261797705,0.0783119333537366,-4.59334589092531
"L20316_at",1030.56835413595,2145.92460250151,3.1362879786059,0.00329687160701307,0.0783119333537366,-4.59334645029187
"J03801_f_at",5092.95133204825,2236.05298298276,3.1356789796016,0.00330229840230862,0.0783119333537366,-4.59334707536929
"M55040_at",1293.81459102563,-204.941101241537,3.13531430274679,0.00330555208799253,0.0783119333537366,-4.59334744966379
"AB003698_at",-276.487100807753,-353.627356883785,-3.13312592944435,0.00332514082698649,0.0785151630372206,-4.59334969558805
"D83032_at",-647.068347258861,-52.7754617453266,-3.13072573159931,0.00334675200407374,0.0787266936695593,-4.59335215858461
"L41887_rna1_at",-491.402220494751,-112.925077505522,-3.12968329769396,0.00335617934028131,0.0787266936695593,-4.593353228187
"U77949_at",-1416.27149105294,1225.60908192239,-3.12722678612306,0.00337849450114112,0.0789629096361486,-4.59335574846702
"D14811_at",488.276595778778,6.02983877700359,3.1261417412625,0.00338839578581706,0.0789629096361486,-4.59335686156426
"L05514_f_at",6715.21801768467,3756.32328951923,3.12424207432049,0.00340579684067757,0.0791098933904616,-4.59335881017521
"U67988_at",1057.36659401687,712.634000109116,3.12290406333408,0.00341810381343946,0.0791379814728467,-4.59336018252957
"M27533_s_at",-439.661375877451,-465.496744045093,-3.11795373732869,0.00346400352430188,0.0796795542130595,-4.59336525897836
"D83776_at",-520.040973142311,-42.59219543742,-3.11722407582158,0.00347081809401821,0.0796795542130595,-4.59336600710411
"M86808_at",-1699.932863376,325.575289231556,-3.11677523062397,0.0034750163175237,0.0796795542130595,-4.5933664672913
"X76648_at",-490.808518284575,372.659716572962,-3.11112804750952,0.0035282486785304,0.0805030730586909,-4.59337225611795
"L76703_at",-292.480003014333,-105.154621475515,-3.11057425032914,0.00353351028851076,0.0805030730586909,-4.59337282369958
"X85373_at",-1093.07175278375,1197.03591913893,-3.1043883525616,0.00359278885659483,0.0815929214534322,-4.59337916226941
"S75213_s_at",805.321354295497,380.15067857228,3.10233030423467,0.00361271840545151,0.0817850633310308,-4.59338127057895
"D83782_at",-724.788738643276,-1385.01280685474,-3.09984712472996,0.00363690392493528,0.0820720312933972,-4.59338381404492
"L31881_at",328.917926187229,-832.66001490819,3.08805813005788,0.00375382817012151,0.0841945744088352,-4.59339588385164
"D87989_at",521.54518084539,784.146489032389,3.08790248067521,0.00375539540942793,0.0841945744088352,-4.5933960431482
"D50923_at",-497.232510936541,-1205.42602890351,-3.08681308530047,0.00376638188703105,0.0841945744088352,-4.59339715802584
"U37408_at",-1055.52727943685,608.095982836525,-3.07834567222234,0.00385281611729909,0.0858575991639369,-4.59340582082708
"AFFX-BioC-5_at",237.581082364161,-381.403466199217,3.07349879467021,0.00390313189982091,0.0867078927651805,-4.59341077739075
"HG3362-HT3539_s_at",-588.336835760671,-17.2774443340716,-3.07156584243141,0.00392337052879949,0.0868868175182272,-4.59341275364299
"D63486_at",-807.818061441439,447.096889181712,-3.06823579884862,0.00395846967974005,0.0871768983762968,-4.59341615768542
"X15722_at",-2879.42697311692,-3547.89099269178,-3.06800443797802,0.00396091923628105,0.0871768983762968,-4.59341639415929
"D13627_at",-1586.61374860651,1428.15252670842,-3.06288605093928,0.00401547798727371,0.0879493013208875,-4.59342162471777
"S75256_s_at",555.373097798702,-766.159970357455,3.06232324867056,0.00402152018939369,0.0879493013208875,-4.59342219974342
"M26679_at",1685.61612241924,-609.942123152598,3.06125487107052,0.00403301381740712,0.0879493013208875,-4.59342329126428
"L38707_at",378.575209530392,491.992894345499,3.05881323322353,0.00405939747049814,0.0879651840870943,-4.59342578549403
"M62403_s_at",351.373887648259,-666.318814982904,3.05756650141137,0.00407293202435889,0.0879651840870943,-4.59342705891895
"D83920_at",2679.66177806184,403.771177262447,3.05679878572513,0.00408128753296534,0.0879651840870943,-4.59342784301746
"L09708_at",348.766273257974,-330.980580225735,3.05643431487958,0.00408525994514044,0.0879651840870943,-4.59342821525148
"D29643_at",1485.49567813336,1961.32039272146,3.05478120856799,0.00410332318345001,0.0879651840870943,-4.59342990345112
"D26018_at",-282.737851233056,-763.127420724027,-3.05437659857552,0.00410775575669645,0.0879651840870943,-4.59343031662105
"S77361_at",3292.9936876358,3656.44975640102,3.04917101192579,0.00416518819303269,0.0889280149835812,-4.59343563130003
"D80003_at",-273.348358247778,-426.275940514689,-3.04423517124126,0.0042203432481363,0.0898366200073432,-4.59344066878843
"X66922_at",-1172.30955381283,553.695006732291,-3.04306721556199,0.00423349482815073,0.0898483679153062,-4.59344186053949
"U14518_at",1181.7038582631,900.446699078303,3.03908548640915,0.0042786214194079,0.0905366449311506,-4.59344592264512
"HG1112-HT1112_at",-1520.29727157024,3330.74214281852,-3.03632459796211,0.00431017748503173,0.0909345433306546,-4.59344873858515
"U18550_at",-612.723350178222,-412.608121817817,-3.0316133142491,0.00436453297886655,0.0914029297383216,-4.59345354251328
"X66403_at",-1666.88091658206,1494.58102196384,-3.02970808749774,0.0043866970289739,0.0914029297383216,-4.59345548473732
"S72370_at",-1350.40129859334,1739.98143670199,-3.02936794297325,0.00439066516715332,0.0914029297383216,-4.59345583145857
"M29960_at",517.844090305638,-194.886571511462,3.02783305862335,0.00440861327939689,0.0914029297383216,-4.59345739591246
"M57466_s_at",1406.18453275463,473.921912300602,3.02736709891014,0.00441407562342707,0.0914029297383216,-4.59345787081396
"U33286_at",-501.29254854325,76.4536623201218,-3.02720502362383,0.00441597709068562,0.0914029297383216,-4.59345803599566
"M16750_s_at",1047.05856730229,86.8263212412844,3.02668338487446,0.0044221021960063,0.0914029297383216,-4.59345856761901
"X74819_at",-1350.38202383596,825.559754835,-3.02372583646253,0.00445698145028789,0.0918576148034767,-4.59346158139004
"U79275_at",-699.947114335502,486.343376139501,-3.02247160674981,0.00447185106195491,0.0918984724000012,-4.59346285926302
"X81636_at",318.944787993176,-833.505870833976,3.02022110466028,0.00449864925142514,0.0921835281951513,-4.59346515188973
"U01038_at",958.367373420742,1356.4526007643,3.01714224334785,0.00453555629479531,0.0924628898445264,-4.59346828775548
"U39412_at",802.19802384863,66.2617420233815,3.01692135732694,0.00453821503934711,0.0924628898445264,-4.59346851270328
"U45976_at",696.20162197969,-132.724634339175,3.01420912002889,0.00457098135746156,0.0928651511682575,-4.59347127450908
"M10612_at",903.503502563423,35.6667290653026,3.00772024020721,0.00465027905094045,0.0942077838416374,-4.59347787967033
"U10991_at",818.932123066501,763.90706224853,3.00205509550382,0.00472056709235511,0.0953608043500972,-4.59348364364555
"HG688-HT688_f_at",3866.66114307293,1034.23341788981,2.99858098134668,0.00476416397149208,0.095969642035904,-4.59348717711346
"U40714_at",374.46900986144,-2.98414630213,2.9966148852773,0.00478900418533108,0.0961982784382985,-4.59348917637403
"D87453_at",-424.868972641391,105.928996808337,-2.99277019373077,0.00483793154696468,0.0967367343390668,-4.59349308502449
"U73799_at",-790.146056471265,-182.435540927422,-2.99183040120138,0.00484996260127572,0.0967367343390668,-4.5934940402703
"U68111_at",-1645.72435056427,1566.05127130995,-2.99031587715327,0.00486941048935951,0.0967367343390668,-4.59349557954805
"X69878_at",-732.845333556816,186.175247941141,-2.98920746240897,0.00488369000610719,0.0967367343390668,-4.59349670596131
"X16706_at",608.182372866856,-333.984076643091,2.98872503811713,0.00488991728531531,0.0967367343390668,-4.59349719618812
"D80001_at",-372.414581426492,-527.710893318409,-2.98743465846743,0.00490661061070352,0.0967367343390668,-4.59349850734487
"M17446_s_at",4098.92049343364,-121.753921573508,2.98711381653284,0.00491076957379641,0.0967367343390668,-4.59349883333182
"HG1872-HT1907_at",2300.16299819593,3050.29743746657,2.98444882117074,0.00494544331050711,0.0969247618395349,-4.59350154073839
"U50928_at",-580.254072418568,-241.919989689629,-2.98359309564962,0.00495662571633077,0.0969247618395349,-4.59350240995885
"Z22551_at",2750.46591230732,43.3065268508208,2.98221511639196,0.00497468277005606,0.0969247618395349,-4.59350380954278
"X52889_at",4432.1840426133,1832.27409669072,2.98098069772432,0.00499091109259823,0.0969759863796131,-4.59350506318269
"HG2981-HT3125_s_at",1116.74826472843,-379.163606436633,2.97852044055097,0.00502340345838041,0.0973420925589965,-4.59350756137366
"M23294_at",1215.71971229296,1075.84109992533,2.97394813258122,0.00508431814734809,0.0982554815954992,-4.59351220284643
"HG1614-HT1614_at",-2647.09924582808,3683.03978003342,-2.972183781262,0.00510800880879226,0.098446515717561,-4.59351399342044
"M73720_at",-518.299150246773,-9.99500484462952,-2.96960595841784,0.00514280879981299,0.0988500526993704,-4.59351660908652
"U59058_s_at",1359.43230358614,-1089.64110048398,2.96535201268025,0.00520072346759961,0.0996945135684216,-4.59352092425524
"Z68129_cds1_at",-606.607106223599,664.199325909306,-2.98775473068309,0.00496711152465231,0.0969247618395349,-4.5935242313698
"D87969_at",-327.880940692843,-329.609936131692,-2.96037543104619,0.00526925367363261,0.100737393958912,-4.59352597050715
"M29610_s_at",274.204188495572,-275.399483668892,2.94600669274507,0.00547190708361712,0.104142186949607,-4.59354052840721
"L38810_at",-768.812561946548,609.618301708376,-2.94517144498272,0.00548390931563657,0.104142186949607,-4.59354137409588
"S69272_s_at",779.644129574439,-386.874960438085,2.94466768972964,0.00549116004670487,0.104142186949607,-4.5935418841185
"L37868_s_at",-604.124365735006,-298.168390347707,-2.94212945399245,0.0055278308165917,0.104559579716486,-4.59354445359161
"AB000449_at",-373.359116287604,-241.443319474775,-2.93947328162469,0.00556645136043114,0.104824383547927,-4.59354714184031
"Z22951_rna1_s_at",959.515763542049,237.165192668779,2.93914582546608,0.00557123003290765,0.104824383547927,-4.59354747320736
"U53003_at",-730.656747713841,-382.83918135474,-2.92792357707577,0.00573734430658871,0.107665795395484,-4.5935588236625
"U50939_at",-581.39958519593,152.8653806872,-2.92300610815944,0.00581158712604529,0.108512538664646,-4.59356379370859
"U22431_s_at",597.130386867441,-397.095312133349,2.92291968212977,0.00581289998175499,0.108512538664646,-4.59356388103886
"U88667_at",-328.934009726442,-499.117411420448,-2.92130395699846,0.00583749489884547,0.108640750588943,-4.59356551354216
"X78669_at",-493.726785986093,83.0237132727116,-2.91918592951905,0.00586988368360334,0.108640750588943,-4.59356765319922
"M82827_s_at",716.360562851001,-164.136053574712,2.91816145312548,0.00588561027932296,0.108640750588943,-4.59356868798883
"L10333_s_at",2206.27857582334,997.684809326443,2.91775166188857,0.00589191197434174,0.108640750588943,-4.59356910187812
"L76927_rna1_at",-287.724421293275,-928.291424621813,-2.91733471671746,0.00589833016860849,0.108640750588943,-4.5935695229769
"D83783_at",-574.348491776868,-183.117965256302,-2.91650135020949,0.00591117812768332,0.108640750588943,-4.59357036459701
"D88270_at",-5355.89520039422,3239.27784826448,-2.91359005756065,0.00595626740563327,0.109188027942341,-4.59357330421542
"L14856_at",612.718483213021,788.446753585169,2.91113205944068,0.00599458679629993,0.109608713960038,-4.59357578551228
"U30521_at",-3405.04369636946,2858.75957642119,-2.90176597449747,0.00614272707822006,0.11203014525521,-4.59358523515661
"M91467_at",4816.95158727791,1707.76408045071,2.89805358847063,0.00620238755013079,0.112829657193833,-4.59358897835355
"M76424_at",671.125926954209,506.289820646625,2.89549595011957,0.00624380551567787,0.113012896356072,-4.59359155644937
"X93921_at",1390.51143089185,577.151805663473,2.89531116970636,0.00624680782143208,0.113012896356072,-4.59359174268335
"U90905_at",-523.076289009285,26.7997315850064,-2.89380472645011,0.00627133490769077,0.113012896356072,-4.59359326085398
"Z69923_at",-3420.39869693177,2448.70092889795,-2.89352783531581,0.00627585288977769,0.113012896356072,-4.59359353987679
"X60036_at",2285.83302732558,4704.61386521821,2.88984706001143,0.00633620146548752,0.11332988233894,-4.59359724828246
"X90976_s_at",1753.54285111663,2412.65008894139,2.88976840953991,0.00633749689295118,0.11332988233894,-4.59359732750896
"L49169_at",4889.64706528934,4592.91307095383,2.88954769668561,0.00634113350907828,0.11332988233894,-4.59359754983508
"U09178_s_at",-491.793029455061,-30.4299359966609,-2.88856262897601,0.00635738797064584,0.113336334046689,-4.59359854204509
"D63940_s_at",-253.836802526912,-517.931867812575,-2.88325449239998,0.0064456496729604,0.114623261391223,-4.59360388703399
"X70649_at",-467.996537810194,-172.30459713653,-2.88201438432111,0.0064664342101187,0.114691134309409,-4.59360513535258
"D38048_at",-954.276150310486,1596.40510047793,-2.88110988824688,0.00648163330902986,0.114691134309409,-4.59360604574141
"M15517_cds3_s_at",3098.72318700574,1428.16289010252,2.87075599971093,0.00665801548081791,0.117520565330972,-4.59361646129162
"U41060_at",-296.844505750255,-421.109046710726,-2.86954302699964,0.00667896994275631,0.117599344843939,-4.59361768078588
"U51166_at",-308.208281970755,-402.485455880712,-2.86852042207093,0.00669668360626966,0.117620814769234,-4.59361870877362
"M29540_at",-914.789306237868,1174.96079055162,-2.86302514447005,0.00679262746862757,0.118610415179649,-4.59362423116441
"D85758_at",-1444.05945342529,2111.63892926877,-2.86279246747068,0.00679671805253804,0.118610415179649,-4.5936244649217
"U73167_cds7_at",-609.719196095272,-198.979165345859,-2.862439646037,0.00680292522906694,0.118610415179649,-4.59362481937071
"X66358_at",934.36200856905,-1896.18058310952,2.86129486239981,0.00682310185470728,0.118627900593547,-4.5936259693478
"D21063_at",-1324.4876527454,998.592485734778,-2.86049688335194,0.0068371991507429,0.118627900593547,-4.59362677086777
"X65663_at",-357.026966574906,-515.408354215127,-2.85610487756679,0.00691527754172547,0.119691369296224,-4.59363118119387
"HG2987-HT3136_s_at",919.976791025557,-750.283008789683,2.85117336427215,0.00700393887394782,0.120823143452669,-4.59363613090756
"U57341_r_at",5253.64654880159,4476.5632089261,2.850586866909,0.00701455355341537,0.120823143452669,-4.59363671940172
"D63482_at",-276.3194008456,-261.030320053386,-2.84859258940768,0.00705075928687499,0.120901880555606,-4.59363872020113
"X66534_at",-347.781094165591,-558.356904665421,-2.84838113667864,0.00705460838239632,0.120901880555606,-4.59363893232107
"M11353_at",-6667.58476440085,26547.1180197526,-2.8475373218669,0.00706998796686128,0.120901880555606,-4.59363977875192
"D84294_at",-1082.24677320133,758.736802866343,-2.84370350983891,0.00714025888370518,0.121811449999286,-4.593643623511
"X98261_at",560.650767816407,657.261010854722,2.84275328297001,0.00715777634297673,0.12181886181806,-4.59364457621246
"U35234_at",-3332.55260361032,-892.424544019592,-2.83964119343484,0.00721542892599891,0.122507675407853,-4.59364769573994
"L16991_at",-500.046830774301,-332.675665160458,-2.83796978330366,0.00724657093116728,0.122744174133382,-4.5936493707219
"X70340_at",830.660396562306,-105.997941192091,2.83593042835476,0.00728473836614167,0.123098268457242,-4.59365141403328
"D87953_at",1227.81849091599,2358.4586275345,2.83453217134463,0.00731101563055693,0.123250242225772,-4.59365281474712
"M29194_at",-1776.82928122753,2549.57777779957,-2.83317140994195,0.00733667310027678,0.123391075184136,-4.59365417769913
"M98343_at",-895.150572861942,198.353452328219,-2.83200140416982,0.00735880094343252,0.123472022417923,-4.59365534943008
"HG2188-HT2258_at",-316.885411429948,-1253.18848105532,-2.82922974649806,0.00741146875575291,0.124030948181185,-4.59365812458872
"AF000231_at",-232.446193386211,-568.602802398553,-2.82759730433263,0.00744265312121519,0.124030948181185,-4.59365975870621
"X78926_at",484.720240545122,-171.48608742675,2.82751169178114,0.00744429193963638,0.124030948181185,-4.5936598443987
"U83908_at",-713.05097278349,421.692313822589,-2.8235259242413,0.0075209620325968,0.125016270989389,-4.59366383301008
"L01087_at",-570.493522670912,-792.57632268921,-2.81943808483291,0.00760035961058075,0.125822911511609,-4.59366792197392
"J02902_at",-1367.37224898386,3823.83497875685,-2.81810554635161,0.00762640968039532,0.125822911511609,-4.59366925448478
"S76978_s_at",570.533079906024,-459.798035672681,2.81637675167607,0.00766033023378455,0.125822911511609,-4.59367098295373
"X62573_at",-1669.77343524189,972.374265524042,-2.81610999648634,0.00766557671882515,0.125822911511609,-4.59367124962945
"Z18951_at",412.342696636345,-850.822375115849,2.8157559169946,0.00767254585098408,0.125822911511609,-4.59367160359138
"L40387_at",1462.59679362619,413.459250396928,2.81516695947315,0.00768415102176393,0.125822911511609,-4.59367219232283
"M21388_at",-3515.74641212681,3675.94770228825,-2.81471838852703,0.00769300090016291,0.125822911511609,-4.59367264069598
"U90550_at",-754.086870908817,332.815742389592,-2.81232429693849,0.00774039484061222,0.126308365236626,-4.59367503335689
"U12535_at",265.099606182994,-402.888310716701,2.81138373223599,0.00775908876107326,0.126324342363501,-4.59367597318634
"X85116_rna1_s_at",941.758123107982,-191.181835532123,2.80521656875392,0.00788270799947994,0.127987930389398,-4.59368213309656
"L18972_at",-244.555030019321,249.250221131688,-2.80436481805056,0.00789992454496987,0.127987930389398,-4.59368298351242
"Y08639_at",-1405.91528564338,1290.24226979884,-2.80323853001577,0.00792274410585934,0.127987930389398,-4.59368410791073
"M32304_s_at",1129.75602013602,-12.5755634400939,2.80212608390435,0.00794534344530578,0.127987930389398,-4.59368521835078
"U81599_at",-1416.15802842084,1383.95112516278,-2.79823379849088,0.00802488837281864,0.127987930389398,-4.59368910252227
"X92110_at",-495.971815866018,383.6949153645,-2.79776893504846,0.00803443797422723,0.127987930389398,-4.59368956630248
"M81780_cds3_at",687.890800740665,266.926492868366,2.79743541726532,0.00804129588162881,0.127987930389398,-4.59368989902804
"D21852_at",-629.082227816674,280.853562470493,-2.79727162332255,0.00804466586340137,0.127987930389398,-4.59369006242832
"HG4582-HT4987_at",-709.914981558074,-204.781410767044,-2.79702464824877,0.00804974974222605,0.127987930389398,-4.59369030880406
"U33202_s_at",-7990.31759128615,10558.7382528124,-2.79584625810994,0.00807404760403763,0.127987930389398,-4.59369148423957
"M74715_s_at",971.287335229223,-320.940709514642,2.79500882473654,0.00809135656202938,0.127987930389398,-4.59369231947755
"D42043_at",-1835.60321317241,2929.91299647109,-2.79430763940408,0.00810587595450349,0.127987930389398,-4.59369301876346
"D42039_at",-432.476648669221,-970.811673110205,-2.79425108951371,0.00810704798470248,0.127987930389398,-4.59369307515773
"U53225_at",-663.056931381872,-1009.31440733995,-2.7939860563582,0.0081125430565149,0.127987930389398,-4.5936933394567
"U68723_at",-1098.51798883387,1379.11214129828,-2.79024218521241,0.00819053787368512,0.128650066494292,-4.59369707210219
"U60206_s_at",-550.153347868349,49.1837225566971,-2.79023947371108,0.00819059461343551,0.128650066494292,-4.59369707480498
"L02867_at",694.888717430803,-780.429110841593,2.78603560766815,0.00827900403848006,0.129629282139451,-4.59370126415475
"D84557_at",-819.809032622888,1636.3181988897,-2.78554905496424,0.00828929359915713,0.129629282139451,-4.59370174889633
"HG3748-HT4018_at",-429.277890686344,-469.115271574144,-2.78388202199297,0.00832463807275781,0.129675520412298,-4.59370340951724
"L27943_at",1434.99935547672,2159.77946643133,2.78354575729229,0.00833178452983589,0.129675520412298,-4.5937037444497
"M20777_at",1764.5026242787,756.88565908759,2.78228433375688,0.00835864377411641,0.129675520412298,-4.59370500075918
"U35005_s_at",-1130.4319308592,693.885216162465,-2.7816988490784,0.00837113772257395,0.129675520412298,-4.59370558380766
"X05360_at",-390.024022090859,-200.448077361246,-2.77999713696082,0.00840755005133185,0.129675520412298,-4.59370727821354
"M28130_rna1_s_at",5167.66825665558,1038.79550645812,2.7788784029972,0.00843156829154993,0.129675520412298,-4.59370839196117
"HG620-HT620_at",1405.14431048763,903.119517150348,2.77883895844492,0.00843241629465304,0.129675520412298,-4.59370843122726
"X52151_at",-373.460612337855,-482.417897589895,-2.77823667536187,0.00844537439675749,0.129675520412298,-4.59370903076289
"D80005_at",-809.455001705771,592.296522210193,-2.77774747289051,0.00845591319474387,0.129675520412298,-4.59370951770268
"L38961_at",-296.359238622535,-451.474507843713,-2.77657327213034,0.00848125869120749,0.129785098126611,-4.59371068635869
"U09279_at",-425.819027420365,-938.585171198603,-2.77160748463163,0.00858922955054919,0.131155879924981,-4.59371562691504
"M32011_at",451.299885032041,-61.4661328487488,2.76673583928955,0.0086963934880183,0.132508508468074,-4.59372047099138
"HG3254-HT3431_at",205.420153025695,-231.831021042889,2.76216755106436,0.00879801158218931,0.133504065360572,-4.59372501087524
"X54380_at",-292.043947229993,-339.353967435472,-2.76211557231229,0.00879917412978104,0.133504065360572,-4.59372506251652
"U09196_at",914.400174415494,1025.79016963638,2.75729159457725,0.00890768948903291,0.134705966185618,-4.59372985377007
"U51336_at",816.253324166316,1701.82945328237,2.75691685352661,0.0089161710895543,0.134705966185618,-4.59373022585235
"D63479_s_at",-311.663993622471,-287.444453937756,-2.75422016093933,0.00897742742203674,0.135083803807417,-4.59373290291416
"L26247_at",5681.97662256286,14540.8484725314,2.75243561920649,0.00901817848349749,0.135083803807417,-4.59373467398336
"L42542_at",-591.161207497589,282.013156548532,-2.75221805012876,0.00902315852746995,0.135083803807417,-4.59373488988358
"U07620_at",-581.585109179549,-765.038615784159,-2.75196883440237,0.00902886608339288,0.135083803807417,-4.59373513718067
"M31169_s_at",1338.50493439857,-282.009133687177,2.75166207952959,0.00903589600562865,0.135083803807417,-4.59373544156361
"M97925_rna1_at",-677.770930107689,1144.32539609635,-2.75033341868787,0.00906640371200635,0.13525632818058,-4.59373675981931
"U56085_at",-253.563723687216,-1012.60225482097,-2.74909292197886,0.0090949733241879,0.135399279279298,-4.59373799040813
"X82324_at",-9210.95421009895,5534.93482253343,-2.74713493833874,0.00914023727424432,0.135419276590917,-4.59373993237287
"U40462_at",-705.604204273551,146.938508637426,-2.74610154942185,0.0091642109700883,0.135419276590917,-4.59374095711913
"X14789_at",499.216244586634,-558.38585775934,2.74608205481937,0.00916466378756416,0.135419276590917,-4.59374097644944
"D31886_at",-300.652326532941,-1061.04585944852,-2.74575440621407,0.00917227746366752,0.135419276590917,-4.59374130132982
"D44466_at",-378.113615259077,-328.261151005871,-2.74243763829035,0.00924968133818613,0.136279912443399,-4.59374458933658
"M85217_at",-558.458489274215,39.327392505582,-2.73711789696724,0.00937509519555372,0.13784289451442,-4.59374986012876
"AFFX-HUMGAPDH/M33197_5_st",388.342558462832,-585.548181690686,2.73490951182099,0.00942761998966678,0.138149750897207,-4.59375204716819
"D49354_s_at",-7195.35406093411,8844.97638192183,-2.73387143783898,0.00945240396327908,0.138149750897207,-4.59375307499969
"X90824_s_at",709.688923153087,-405.073844485572,2.7338011291788,0.00945408476200211,0.138149750897207,-4.5937531446098
"D42084_at",-550.4604271789,281.822293253142,-2.72699931689232,0.00961800515214569,0.139908314367144,-4.5937598759321
"L19267_at",-1009.97127094289,1030.62704755959,-2.72637850479234,0.00963309686763924,0.139908314367144,-4.59376049002257
"AF015913_at",-745.66608695189,565.809689555493,-2.72612022105309,0.00963938211302604,0.139908314367144,-4.59376074549559
"D78151_at",590.569497226543,2880.86144472646,2.72556490033819,0.00965290852175496,0.139908314367144,-4.5937612947448
"D78275_at",-612.639861349925,201.867770411221,-2.72010188839036,0.00978691640859758,0.141383624378803,-4.59376669595882
"M27783_s_at",1464.53337451635,-387.046212708624,2.71980087742755,0.0097943500831761,0.141383624378803,-4.59376699345522
"U05875_at",1051.93909506955,1623.69306126176,2.71071571937384,0.0100211906193011,0.144365879406537,-4.59377596711706
"Z96810_at",-411.078740766553,-25.4829202259116,-2.7095651715088,0.0100502622819323,0.144492782928346,-4.59377710279295
"D63882_s_at",-1214.58441132122,801.126416318627,-2.7087526203095,0.0100708405758796,0.144497312166193,-4.59377790473873
"D38751_at",-449.83470123316,-1569.64775095651,-2.70615316069658,0.0101369355525809,0.144687198865048,-4.59378046969973
"S81243_s_at",425.060464198044,-59.5969540875178,2.70412802828021,0.0101887054237194,0.144687198865048,-4.59378246735182
"X14894_at",-1431.62806581018,1218.62832488721,-2.70372584308099,0.0101990158417864,0.144687198865048,-4.59378286401642
"M83308_at",-879.565782073752,-635.136664474279,-2.70340779676081,0.0102071761117651,0.144687198865048,-4.59378317768225
"M80359_at",-463.421532821104,-10.058726821325,-2.7034004430944,0.0102073648598252,0.144687198865048,-4.59378318493448
"D79998_at",-327.907413896103,-1510.59672980091,-2.70233219303635,0.0102348181920826,0.144687198865048,-4.59378423837447
"D87434_at",530.828441632423,-12.0018362751236,2.70171855410876,0.0102506191943632,0.144687198865048,-4.5937848434391
"M21388_r_at",3698.99020817425,466.554545519413,2.70123063169218,0.0102631991434664,0.144687198865048,-4.59378532450897
"J00148_cds2_f_at",-1009.76600326297,-1555.70499811461,-2.70035922849721,0.0102857017997431,0.144687198865048,-4.59378618359694
"M60556_rna2_at",-449.583933482166,-274.03947604849,-2.70031002552485,0.0102869737518692,0.144687198865048,-4.59378623210161
"M61733_at",374.321832120339,-320.68736777077,2.69838435603922,0.0103368689228402,0.144926526881777,-4.59378813019367
"U26710_at",-431.668903069778,-219.182509322982,-2.69808534941315,0.0103446364020228,0.144926526881777,-4.59378842487491
"D14710_at",-4446.84229597124,10382.5281987223,-2.69605225504728,0.0103975946844387,0.145382838617122,-4.59379042824939
"X54867_s_at",2854.90136062453,2522.05568020211,2.69451717546809,0.0104377466520416,0.145658652398647,-4.593791940531
"L13740_at",1778.31059823631,215.814089748578,2.69146768230827,0.0105179357657113,0.146491015518139,-4.59379494381843
"M30135_at",-404.012115510779,-467.071541580927,-2.68976191097054,0.0105630386020963,0.146703193474615,-4.59379662321063
"L13266_s_at",1749.21123158155,-380.477326802692,2.68933648825864,0.0105743151656082,0.146703193474615,-4.59379704199458
"U49278_at",701.113463438744,-96.5814350108959,2.68585375328099,0.0106670504487158,0.147672771556817,-4.59380046948175
"Y00705_at",-483.337420719988,-305.04210113652,-2.68515975838225,0.0106856191450452,0.147672771556817,-4.59380115227565
"M25079_s_at",-4530.56340745479,6185.66929622063,-2.68177536583427,0.010776601636964,0.148348711245978,-4.59380448112745
"U10099_s_at",-365.957785596821,-511.591007066195,-2.68135936723431,0.0107878341840221,0.148348711245978,-4.59380489019391
"AFFX-HUMISGF3A/M97935_MA_at",797.974814047334,-788.794987689235,2.68102241565816,0.0107969402799975,0.148348711245978,-4.59380522151366
"X57110_s_at",1302.23172206851,32.9887014490262,2.66920523791125,0.0111208268494675,0.152505031276062,-4.59381683154588
"X82456_at",1055.52545476614,2407.14000263065,2.66780143767396,0.0111598929455373,0.152520310491783,-4.59381820948645
"M25897_at",431.114719451621,-144.775694282173,2.66762837915529,0.0111647177221583,0.152520310491783,-4.5938183793385
"L33881_at",-166.856861029627,-372.594257081397,-2.66414906972266,0.0112621284553081,0.153556860448953,-4.59382179331819
"M24349_s_at",7020.38240099059,1852.65221912072,2.66246922873777,0.0113094394978208,0.153627815195495,-4.59382344102655
"D87433_at",2209.7492641384,79.8434190996413,2.66243449351624,0.0113104197135934,0.153627815195495,-4.59382347509327
"X62654_rna1_at",2115.60753864146,987.574851488342,2.65846248319118,0.011423026995605,0.153761678490454,-4.59382736956994
"M16938_s_at",1906.08446615427,964.253213409769,2.65809871978506,0.0114333913025084,0.153761678490454,-4.59382772612444
"D30037_at",-177.736223965831,-557.158516232115,-2.65795070779194,0.0114376109269203,0.153761678490454,-4.59382787119798
"Z18859_rna1_at",-295.220467731087,-241.190259082156,-2.65778200086641,0.0114424222885426,0.153761678490454,-4.59382803655194
"X07384_at",-519.422701650017,40.4399024491109,-2.65672622043818,0.0114725745818951,0.153761678490454,-4.59382907126022
"X89101_s_at",600.607708544007,-342.314748321233,2.65590237182201,0.0114961539792908,0.153761678490454,-4.59382987855911
"M21154_at",990.238777638559,31.6607041487647,2.65565413393756,0.0115032675643872,0.153761678490454,-4.59383012179196
"X51602_at",-4465.08139843712,5208.11465874072,-2.65548559150681,0.0115080996851177,0.153761678490454,-4.59383028693135
"X59842_rna1_s_at",-814.346376418385,111.809470170009,-2.65526813704148,0.0115143368831724,0.153761678490454,-4.5938304999894
"D80012_at",-620.259022558664,635.46677773084,-2.65341132242147,0.0115677226267227,0.154185850562915,-4.59383231899759
"M21302_at",-377.104415292791,-805.664200695883,-2.65261490693417,0.0115906904593199,0.154203756838452,-4.5938330990512
"U31929_s_at",-907.634763499848,498.216938105642,-2.64765109844913,0.0117347923946662,0.155830176101238,-4.59383795889719
"U39318_at",1139.11739469978,2713.38687081881,2.64689979830699,0.0117567464149387,0.155831521719197,-4.59383869416325
"U48405_at",467.294650864213,474.455315352905,2.64373359845728,0.0118496838266591,0.156771976563833,-4.5938417919244
"U12140_at",347.346434152978,-711.990503114766,2.64174743264411,0.0119083288997361,0.157256098859293,-4.59384373444183
"M59829_at",625.678943283748,-595.113772427436,2.64014220694708,0.0119559213874921,0.1575305470508,-4.59384530398589
"J04739_at",232.624271650062,-613.724437242069,2.63902671617265,0.0119890971508421,0.1575305470508,-4.59384639446749
"L10373_at",-1341.12799915456,335.473969998654,-2.63779481105539,0.0120258337518233,0.1575305470508,-4.59384759854961
"U01317_cds4_at",1363.24510063523,-269.489075301655,2.63768373478902,0.0120291512463261,0.1575305470508,-4.59384770710666
"U46901_at",379.435464004928,-232.903177680309,2.63733519752765,0.0120395664202336,0.1575305470508,-4.59384804772774
"D88155_s_at",-4320.93504380611,2374.53048972905,-2.63468020220492,0.012119177525025,0.158281785587826,-4.59385064185749
"X04327_at",-360.934809461165,-465.119257346217,-2.63030254253254,0.0122515031813561,0.159717493941957,-4.59385491697599
"U79751_at",256.471504366509,-1019.31958042949,2.62676974189513,0.012359259736127,0.160828250325405,-4.59385836503419
"D38551_at",-702.939408994745,753.516811336986,-2.62385851451054,0.0124487123745974,0.161014937920212,-4.59386120508633
"U05681_s_at",1580.9874093602,987.992731775978,2.62384913481975,0.0124490015431162,0.161014937920212,-4.59386121423474
"X84195_at",-206.839040504022,-433.03794984234,-2.62309461781539,0.0124722829771223,0.161014937920212,-4.59386195010533
"M32334_at",955.555993514188,806.649018262787,2.62257707424413,0.0124882755089477,0.161014937920212,-4.59386245481149
"L21936_at",-666.895512868492,470.05625701791,-2.62207698076558,0.0125037467488828,0.161014937920212,-4.59386294246377
"X58298_s_at",2661.03474499038,-686.796639700934,2.62125845135698,0.0125291074196183,0.161014937920212,-4.59386374055227
"D55696_at",-799.225453822636,-1154.67493932032,-2.62117604556197,0.0125316632373745,0.161014937920212,-4.59386382089481
"U97188_at",-1508.18867086163,849.798652280481,-2.61989349460135,0.0125715034919664,0.161236315469806,-4.59386507120743
"L15702_at",979.800750185982,2118.52420132776,2.6180429547169,0.012629192818742,0.161620804429164,-4.59386687481317
"U07550_at",-968.117310734532,707.926049106347,-2.61747935649473,0.0126468109481803,0.161620804429164,-4.59386742401876
"U41813_at",807.863931379091,-221.638931520533,2.61546637497832,0.0127099217324648,0.162136765427919,-4.59386938521879
"D38552_at",-314.86528128165,-295.759259057358,-2.61334168260557,0.0127768490993917,0.162699483799576,-4.59387145461765
"U37518_at",437.528981777425,-521.511486565261,2.6117806040591,0.012826229197343,0.163037148674248,-4.59387297465152
"L35240_at",367.22810215394,-277.800200967638,2.60721675404062,0.0129716016117553,0.164477639105258,-4.59387741646482
"U67932_s_at",-455.792229540872,-808.668533252971,-2.60677715892282,0.0129856837493003,0.164477639105258,-4.59387784414415
"U21128_at",-583.792260107636,-545.546721815025,-2.6059291520283,0.0130128888094529,0.164529982447178,-4.59387866908457
"X96753_at",-552.958047896241,-92.2488116011436,-2.60440512449124,0.0130619131689797,0.164857527093795,-4.59388015139161
"M15395_at",2081.53322092362,682.437244914547,2.60304219757664,0.0131058990722333,0.16489346528945,-4.59388147671857
"M13450_at",-1324.75467804166,3086.57274145646,-2.60288418137939,0.0131110075472049,0.16489346528945,-4.59388163035775
"X06389_at",-439.972977553461,-192.954105613751,-2.60103012905582,0.0131710837367291,0.165085096134787,-4.59388343277794
"M19684_at",2984.08379449821,1943.6122538815,2.60016029693604,0.0131993557040804,0.165085096134787,-4.59388427821168
"J03040_at",411.449779221002,-757.510406276735,2.5996550411539,0.0132158035236414,0.165085096134787,-4.59388476924387
"M19508_xpt3_s_at",1541.68232703151,-87.9133782201706,2.59920276911512,0.0132305425151743,0.165085096134787,-4.5938852087518
"HG2809-HT2920_s_at",1739.25325978758,22.4493416078516,2.59771006921408,0.0132792950517858,0.165085096134787,-4.59388665910928
"M11025_s_at",324.811970001452,-861.568747464736,2.59753444484411,0.0132850418980339,0.165085096134787,-4.59388682973009
"X65965_s_at",3256.07115623266,481.658319507482,2.59741144123547,0.0132890682288727,0.165085096134787,-4.59388694922659
"U82668_rna1_at",-494.621401334198,-538.610139655022,-2.59672839037286,0.0133114472412708,0.165085096134787,-4.59388761276123
"U02388_at",8064.21090138844,3747.66347337155,2.59433250901404,0.0133902183073505,0.165582348883874,-4.59388993963858
"M94856_at",-652.143392477736,-167.287568241585,-2.5940970479179,0.0133979827942778,0.165582348883874,-4.593890168272
"L36983_at",-746.780505736918,-547.687676302003,-2.59331409036325,0.0134238310976813,0.165614774321048,-4.59389092846665
"D63879_at",-227.966177057013,-307.967676780005,-2.59151052287442,0.013483547887063,0.166064214132378,-4.59389267925078
"U37352_at",-538.444719417436,-135.878715680421,-2.58942897437902,0.0135527720123573,0.166628995207104,-4.59389469927563
"AF005775_at",498.700837653787,598.30655169911,2.58845654882798,0.0135852227974867,0.166740488414591,-4.59389564273695
"X14008_rna1_f_at",4841.19917024793,1565.1811910648,2.58706433915416,0.0136318064097595,0.167024762041228,-4.59389699323173
"U57623_s_at",940.35218239579,-1349.14427094895,2.586346948898,0.0136558676540001,0.167032576742152,-4.59389768901299
"L13972_at",634.68849356415,754.562167818276,2.58537477260271,0.0136885366470653,0.167145470599696,-4.59389863178209
"Z21707_at",-2926.1958880968,3255.60356224985,-2.5844686246913,0.013719051422173,0.167231719130796,-4.59389951039184
"U14394_at",376.287848083136,-296.441628978162,2.58273174206764,0.0137777160610334,0.16723240874754,-4.59390119414358
"M19720_rna1_at",578.607180633088,-1129.67718174875,2.58255684701997,0.0137836360293944,0.16723240874754,-4.59390136366337
"Z33642_at",1761.27714003033,2706.7618082233,2.58238478459734,0.0137894623956743,0.16723240874754,-4.59390153043308
"X66114_rna1_at",-1484.42787081768,1344.29939900986,-2.57890788449426,0.0139076824215616,0.168207168341991,-4.59390489942152
"X55037_s_at",-506.109637691162,1027.9595887525,-2.57863458505716,0.0139170143488675,0.168207168341991,-4.5939051641609
"U52513_at",1348.8829086009,144.38095915715,2.57661188219278,0.0139862592588102,0.168704508694707,-4.59390712315734
"X70476_at",-689.2625600805,181.178313874026,-2.57584333894881,0.0140126522336349,0.168704508694707,-4.59390786733151
"U10492_at",-2247.29378562926,1291.24914661871,-2.57536399809621,0.0140291366787213,0.168704508694707,-4.59390833142777
"U86782_at",-467.563029337301,142.578624452928,-2.57035807683058,0.0142023556675403,0.170499997079512,-4.5939131760467
"U56833_at",-556.78494373777,0.778852997372866,-2.56685160234317,0.0143248555139967,0.171615861945885,-4.59391656724587
"X14046_at",1996.87038444684,1404.22012852509,2.56632210574555,0.0143434376272259,0.171615861945885,-4.59391707917083
"HG3884-HT4154_at",-345.538985050416,-827.553843503092,-2.56172292931367,0.0145057729206187,0.173267448403572,-4.59392152389971
"U48251_at",-1067.48430366945,718.174914548967,-2.55935700744456,0.0145899363487763,0.173676823217662,-4.59392380909405
"M33684_s_at",-837.09638434319,1527.97257320936,-2.55839043205687,0.0146244491219764,0.173676823217662,-4.59392474243871
"D29958_at",-338.058452526235,-1079.40012105847,-2.55669088958122,0.0146853148762658,0.173676823217662,-4.59392638319846
"U60116_at",-1313.63989321496,752.13108106869,-2.55664838194914,0.0146868401741998,0.173676823217662,-4.59392642423009
"HG3107-HT3283_s_at",-593.107983442669,249.826758156028,-2.55592496017112,0.014712820927082,0.173676823217662,-4.59392712248918
"S72493_s_at",489.299778350913,-97.6103600941947,2.55580741335399,0.0147170464432079,0.173676823217662,-4.59392723593968
"AF006084_at",967.271707246042,1322.28846758707,2.5556502140118,0.0147226991069622,0.173676823217662,-4.59392738765749
"D86956_at",-516.564011277482,-351.832975339663,-2.55500696894919,0.0147458500102124,0.173676823217662,-4.59392800843243
"U07424_at",-331.30008337089,296.359739885303,-2.55429389369994,0.0147715531352046,0.173676823217662,-4.59392869652266
"X14767_at",472.120924051318,16.9088002746312,2.55396014909558,0.0147835972084029,0.173676823217662,-4.59392901854607
"HG1078-HT1078_at",-1449.85425038664,3445.03318514216,-2.55265081782933,0.014830934885298,0.173946376097138,-4.59393028172495
"D26069_at",-208.859846131552,-236.103658580464,-2.54839519114626,0.0149857538337143,0.175473580604625,-4.59393438548827
"J04621_at",-174.708592128326,-1011.67449949091,-2.54709058965963,0.015033510573452,0.17555275871919,-4.59393564296416
"HG358-HT358_at",434.921083403039,524.995920572309,2.54686582947055,0.0150417522896404,0.17555275871919,-4.59393585957833
"X12453_at",1234.72942521793,-115.997405265513,2.54542679193437,0.0150946183750112,0.175881901359812,-4.59393724627167
"U65932_at",-486.669325672934,39.3279551095548,-2.54336297287171,0.0151707340999377,0.176480432082635,-4.59393923444914
"D50930_at",-879.875390735218,838.144151346634,-2.54162005009578,0.0152352883311208,0.17694273793033,-4.59394091296616
"M91083_at",10143.9185354194,6268.51821974698,2.53673486210937,0.0154175677556778,0.178768578318273,-4.59394561506034
"U52427_rna1_at",-1170.48719274772,1656.94778205745,-2.53601299021198,0.0154446713133915,0.178792128467199,-4.59394630955441
"L19183_at",-253.915168905877,-336.511839701982,-2.53430062920326,0.0155091384296022,0.17909670899347,-4.59394795663906
"D38024_at",523.334750098718,-470.80146256528,2.53372594118906,0.0155308294459362,0.17909670899347,-4.59394850931443
"U41740_at",349.575490282453,69.3819182278807,2.53331577540728,0.015546327705365,0.17909670899347,-4.59394890373701
"U51004_at",3325.9592379315,6504.9948549254,2.53161372713616,0.0156107914762109,0.179549280672355,-4.59395054016819
"M57731_s_at",3003.42141261186,203.014068678918,2.52906241838379,0.0157078783300678,0.18002406974597,-4.5939529922478
"L27706_at",-497.439808286779,386.397059388478,-2.52879524066321,0.0157180773181725,0.18002406974597,-4.59395324897348
"X74039_at",-1318.56030909477,1614.02017088804,-2.52854049113013,0.0157278075237329,0.18002406974597,-4.59395349374646
"X05997_at",2065.81314676117,819.524650196058,2.52684662003238,0.0157926454375767,0.180356064144607,-4.59395512101575
"S66793_at",-409.703233284891,-248.864096876364,-2.52646215684949,0.0158073958898302,0.180356064144607,-4.59395549029765
"M96859_at",-1690.24920742549,2175.8011116006,-2.52472260686062,0.0158742936464531,0.180830012768142,-4.59395716085951
"L41162_at",-482.000258258105,-2161.68322248355,-2.52364715050915,0.0159157817638599,0.180925454366425,-4.59395819341985
"L04731_at",-681.581625547178,-113.788965719464,-2.52319082624767,0.0159334154174891,0.180925454366425,-4.59395863148638
"U88666_at",364.649212015163,1.13687329088241,2.52216812460856,0.0159730003655516,0.181086590789743,-4.59395961314667
"X53002_s_at",988.871834120369,659.799262156306,2.51908786466443,0.0160927693604341,0.181880653399923,-4.59396256876828
"U01102_at",-336.661099666098,-1031.97245632095,-2.51896535555263,0.0160975497773983,0.181880653399923,-4.59396268628831
"M31932_at",-1452.68285317341,1857.86510688341,-2.51806054984342,0.016132896320825,0.181880653399923,-4.59396355417087
"X84740_at",-355.257745521931,-680.293849262386,-2.51774949102522,0.0161450643110575,0.181880653399923,-4.59396385250521
"U49395_at",-1202.87610702877,1569.13158838633,-2.51654059783436,0.0161924334242546,0.181993906204144,-4.59396501179635
"D31764_at",-1694.51450173779,-2509.74640204693,-2.51507105716139,0.0162501866907753,0.181993906204144,-4.59396642071883
"M74525_at",-450.354417305994,-116.896648341473,-2.51504113860651,0.016251364448572,0.181993906204144,-4.59396644939959
"L14812_at",275.330427544644,-114.58270700106,2.51431402268019,0.0162800116911563,0.181993906204144,-4.59396714638795
"D30655_at",-3502.79614555809,7568.82393118877,-2.51424521422321,0.0162827250256968,0.181993906204144,-4.59396721234089
"D13435_at",-257.14420620756,-294.575337798012,-2.5122444570225,0.0163618020517162,0.182591565619387,-4.59396912972838
"U96113_at",638.858125239125,-357.209150702113,2.51084578135477,0.0164172908178177,0.182769443259293,-4.59397046973235
"U51678_at",-792.281080819585,848.133858454956,-2.51055113615185,0.016429001981378,0.182769443259293,-4.59397075197677
"L07033_at",-241.417199985763,-167.107436288584,-2.50778822090976,0.0165391903870814,0.183551360654205,-4.59397339791337
"L10386_at",-842.084388462444,-942.276740047119,-2.50749890095014,0.0165507677605741,0.183551360654205,-4.59397367491108
"L04733_at",-472.866250755688,-235.068875625437,-2.50664865906848,0.0165848337162099,0.183643554705424,-4.59397448886086
"X05608_at",709.684909759266,-637.358931197777,2.50386219309551,0.0166969259341996,0.184197396147407,-4.59397715555047
"X16667_at",405.254226395706,-145.31362845118,2.50384638779303,0.0166975637076884,0.184197396147407,-4.59397717067272
"X69950_s_at",-398.145993992951,-57.6315313046914,-2.50348029073738,0.0167123426318009,0.184197396147407,-4.59397752093657
"U51990_at",-216.593683402378,-164.728082122014,-2.50198887744186,0.0167726727691844,0.184577051723849,-4.59397894761856
"X91911_s_at",858.384905009707,-395.056819892012,2.50075685368412,0.0168226600090657,0.18484189295015,-4.59398012589064
"M99063_at",-604.589437953228,24.0518708757948,-2.49969621673138,0.0168658023789292,0.184868605625724,-4.59398114005113
"J00268_s_at",6195.14234159626,3440.82233058332,2.49942279434306,0.0168769404378554,0.184868605625724,-4.59398140146197
"X80343_at",-1066.9613951659,567.202050589917,-2.49865710177584,0.0169081672021117,0.184926595580151,-4.5939821334511
"M57892_at",523.920874210355,3.74092491165525,2.49532746131091,0.0170445718075566,0.186132988605951,-4.5939853153935
"X95095_at",-199.423047533236,-534.837933729006,-2.49361708394781,0.0171150300009936,0.186616634460376,-4.59398694918034
"X97748_s_at",462.942147127916,-268.432288702024,2.49166789116055,0.0171956498802812,0.187206369472885,-4.59398881049059
"U95626_rna3_at",-899.514149687324,190.377068661507,-2.49097654634538,0.0172243274462098,0.187206369472885,-4.59398947051174
"D86983_at",-1591.72380362854,1299.7153410599,-2.49040969776552,0.0172478733338501,0.187206369472885,-4.59399001161743
"U34044_at",-233.531586589473,-342.652757543424,-2.48384707317746,0.0175226178882354,0.189899374104873,-4.59399627226268
"U04898_at",-220.09874211122,-635.567478086264,-2.48137917049552,0.0176269645825864,0.190740340574239,-4.59399862471952
"D21205_at",427.950133484372,-1956.61415998706,2.48053349406761,0.0176628511223172,0.190839077807945,-4.5939994305982
"U90651_at",-760.791121170846,63.207528201677,-2.47936789687033,0.0177124227065307,0.191085153283314,-4.59400054114274
"L06845_at",-873.780747825153,-1164.55485990272,-2.47682960545953,0.0178208123079706,0.191824337322178,-4.59400295874656
"M36542_s_at",1739.79732248375,1841.18910988376,2.4762462138422,0.0178458094122219,0.191824337322178,-4.59400351424442
"U53468_at",-209.050876613336,-612.703770882316,-2.47545757897188,0.0178796515250441,0.191824337322178,-4.59400426507976
"U79288_at",-635.555733571657,452.244378621696,-2.47476574317157,0.0179093878882482,0.191824337322178,-4.59400492366808
"X56841_at",315.106107098972,224.174479367755,2.47398266602535,0.0179431003081735,0.191824337322178,-4.59400566901413
"X58723_at",-7637.48953082437,7678.61797758438,-2.4737927628355,0.0179512845726274,0.191824337322178,-4.59400584975137
"Z30644_at",1859.38158332129,605.939233514948,2.47337638861448,0.0179692409663743,0.191824337322178,-4.59400624600707
"D83646_at",-454.231213609481,-216.895198796804,-2.47230589023758,0.0180154819735839,0.192030496193762,-4.59400726464429
"D80008_at",-208.325145024647,-319.076536927163,-2.47035253670113,0.0181001379192163,0.192644900749152,-4.59400912285909
"D11086_at",-2411.83497678894,3788.00719757733,-2.4683761788326,0.0181861592831911,0.19309513758967,-4.59401100229003
"M32373_at",-1065.63347851844,802.84720261265,-2.46813695184099,0.0181965968952823,0.19309513758967,-4.59401122973892
"X06985_at",515.130174873986,-445.321866544806,2.46674103170073,0.0182576105131067,0.193454711098014,-4.59401255673552
"X69838_at",1442.64856487361,882.019673242577,2.46334592141502,0.018406783700207,0.194745956329638,-4.59401578280722
"M29550_at",-214.973702338101,-774.444946975185,-2.46157674059014,0.0184849561109187,0.195283291891794,-4.5940174631115
"X04571_at",7073.98111601187,2142.01395161358,2.45966141030791,0.0185699266329958,0.195854437402211,-4.59401928161067
"M21119_s_at",3867.74317356905,390.311178831196,2.45895977931885,0.0186011421658676,0.195854437402211,-4.59401994761049
"U18297_s_at",-601.713649912947,-279.753744295835,-2.45801106761972,0.0186434262095372,0.195854437402211,-4.59402084800712
"D64142_at",8059.50232965691,17029.5422371103,2.45788884632456,0.0186488799601881,0.195854437402211,-4.59402096399264
"D43951_at",-588.315767193518,466.196830207939,-2.45571171839133,0.0187462710610986,0.196578844466884,-4.59402302960624
"D87077_at",-220.009257434437,-582.122319340795,-2.45511622404689,0.0187729901951967,0.196578844466884,-4.59402359445472
"X74614_at",944.433807304475,228.701759156418,2.45233672804027,0.01889816153439,0.197288088565152,-4.59402623008919
"X53795_at",-486.198946025359,35.8045763153904,-2.45224276101628,0.018902406457969,0.197288088565152,-4.59402631916901
"D38076_at",-873.039918251179,1821.27343520662,-2.45177123091925,0.0189237207374231,0.197288088565152,-4.59402676615154
"U80017_rna2_at",-231.331182589613,-512.041934563945,-2.45020909809439,0.0189944890297098,0.197680269544913,-4.59402824668188
"D63875_at",-306.681811063362,-105.567412885982,-2.44971812406194,0.0190167809434596,0.197680269544913,-4.59402871191994
"S77410_at",407.67713017878,-851.875875351397,2.44830961998639,0.0190808639073118,0.1980577009069,-4.59403004635749
"D16105_at",1751.02060273323,-406.324811357775,2.44658357713669,0.019159661578046,0.198586550455009,-4.59403168115953
"U52682_at",-493.274441123562,-682.302344286448,-2.44568555567468,0.019200775083287,0.198723841972307,-4.59403253150265
"X66087_at",-1179.66512388345,1631.69904463061,-2.44465090603207,0.0192482431182117,0.19888592371453,-4.59403351104342
"D13628_at",416.989951676143,-260.498187890075,2.44274750064918,0.0193358468299203,0.19888592371453,-4.59403531257267
"S78271_s_at",-1955.25285334444,3061.07930337444,-2.44270620543005,0.019337751439025,0.19888592371453,-4.59403535165053
"D85418_at",-354.313138844718,-993.51231778739,-2.4426523994212,0.0193402333237472,0.19888592371453,-4.59403540256696
"J04130_s_at",2635.76827579516,593.791330454639,2.44231317747112,0.0193558871207241,0.19888592371453,-4.59403572355964
"L49229_f_at",-219.906325127587,-521.894230473446,-2.44085624968102,0.0194232497228867,0.199149000203261,-4.5940371019624
"D50477_s_at",1009.52537233148,37.7636735304724,2.43961596033165,0.0194807635380719,0.199149000203261,-4.59403827510616
"U18300_at",-321.681303176557,-62.3805283642155,-2.43936385566217,0.0194924728541762,0.199149000203261,-4.59403851352921
"X05610_at",-2181.16910982075,3322.03309114709,-2.43934822586029,0.0194931990102197,0.199149000203261,-4.59403852831042
"U07806_s_at",659.332356425037,-398.146806647432,2.43842027908294,0.0195363552003503,0.199304361850784,-4.59403940579794
"U56637_at",-2544.12235804759,4775.82902650314,-2.43764734685214,0.0195723683153721,0.199386512081312,-4.59404013658323
"U33841_at",-591.80447200187,-229.972559781628,-2.43494926871366,0.0196985524379324,0.200233615308975,-4.59404268670431
"Z49205_at",-879.952775377432,-315.107243628319,-2.43466945255779,0.0197116811031974,0.200233615308975,-4.59404295110157
"M10901_at",-804.081031660275,467.038173534422,-2.43330306604452,0.0197759046243929,0.200600250180009,-4.59404424199418
"U80073_at",-406.686556498948,556.201865403639,-2.43198501228464,0.0198380363139333,0.20094465476514,-4.59404548690792
"X06562_at",403.310538795823,-530.900010897846,2.42897510049612,0.0199805852208236,0.202101493914458,-4.59404832862928
"D87449_at",-246.963067553282,-333.167208028928,-2.42696392203598,0.0200763516511999,0.202782526380604,-4.59405022651819
"D38293_at",-258.916261186647,-711.811282126768,-2.42569832755145,0.0201368288483914,0.203105695216236,-4.59405142044845
"M95925_at",-263.137639443356,-618.685266772873,-2.42422819923032,0.0202072872799856,0.203390344147678,-4.59405280696811
"L09235_at",213.970237413653,-378.780092514965,2.42380256395761,0.0202277282876657,0.203390344147678,-4.59405320832395
"HG4541-HT4946_s_at",1329.16782959548,-372.214123384662,2.42278610718435,0.0202766192189963,0.203390344147678,-4.59405416666668
"L14922_at",-176.342894079342,-620.83440732373,-2.42273379653163,0.0202791382259149,0.203390344147678,-4.59405421598152
"U13706_at",-417.336779150219,14.146746708857,-2.42150253262788,0.0203385114651663,0.20369933322767,-4.59405537658818
"D84361_at",-1334.87033861709,-1510.25927234788,-2.41980418482445,0.0204206668300636,0.204235308787073,-4.59405697702397
"D90070_s_at",-274.676325535412,-421.689398594371,-2.41890950921981,0.0204640665051994,0.204382714633862,-4.5940578199099
"S85963_at",-723.731701736448,-434.785068806529,-2.41805272752488,0.0205057063648288,0.204512156765866,-4.59405862695919
"U93553_at",-647.390712308575,560.97203849291,-2.41735402162266,0.020539720539762,0.204565289342239,-4.5940592850095
"Y00339_s_at",1009.42845308989,-950.136568843026,2.41630784758742,0.0205907456824727,0.204755005349621,-4.59406027014376
"HG2662-HT2758_at",-717.812117608036,-2443.66119341258,-2.41529828530749,0.0206400940723951,0.204755005349621,-4.5940612206134
"M63391_rna1_at",2355.86519406428,540.416559331221,2.41511964732975,0.0206488372256682,0.204755005349621,-4.59406138877584
"Y00081_s_at",1492.51006831354,-294.053395008624,2.41461360787822,0.0206736227530118,0.204755005349621,-4.59406186510893
"M79463_s_at",-264.963915839385,-369.499524985352,-2.41388561768749,0.0207093266033039,0.204824144255423,-4.59406255028148
"M19045_f_at",4778.89387086575,647.289667266206,2.41299986205347,0.0207528433253019,0.204934149770861,-4.59406338380982
"M14328_s_at",7440.16509364111,4355.74225939984,2.41217827725615,0.0207932814305315,0.204934149770861,-4.59406415682289
"M63962_rna1_at",1470.66282995707,1232.52656020551,2.41190669137323,0.0208066644838176,0.204934149770861,-4.59406441232558
"M30703_s_at",2984.07083953603,-199.148565831632,2.41062160812583,0.0208700959850964,0.205275385475479,-4.59406562112376
"HG4677-HT5102_s_at",-277.734043163192,-232.274450605602,-2.40994513642624,0.0209035568649595,0.205321300281028,-4.59406625731724
"L34600_at",-208.519866734511,-500.553197861931,-2.40868165382109,0.0209661837512057,0.205596768181718,-4.59406744534533
"X17025_at",-686.158656078448,-5.45911830131,-2.40821686139967,0.0209892647926365,0.205596768181718,-4.59406788230688
"U75679_at",-403.824285863254,-249.128030294597,-2.40738928712345,0.021030418136908,0.205717300047039,-4.59406866022939
"X12953_at",717.667672284174,-478.088969506146,2.40282295288572,0.0212588083681876,0.207666523936364,-4.59407295033179
"L17330_at",-349.119301040332,-709.40913690933,-2.39938897798275,0.0214320394044373,0.209072329675845,-4.59407617403895
"X66533_at",-261.629383286908,-490.618690200669,-2.39800662581819,0.0215021338381068,0.209338156244165,-4.59407747113098
"M33493_s_at",931.059861869218,81.1234625164566,2.3976942619,0.0215180014762268,0.209338156244165,-4.59407776417994
"M36284_s_at",1479.44613048299,-43.9932145456986,2.39656627297737,0.0215753899693679,0.209610498462619,-4.59407882226906
"S76756_s_at",567.160347104689,-1230.21762254127,2.39445230302305,0.0216833152280052,0.210152755644935,-4.59408080460229
"D13370_at",-1389.499133285,3414.98482235855,-2.39383128634733,0.0217151129163097,0.210152755644935,-4.59408138679021
"L11239_at",358.554082440233,-692.869811334859,2.39374340868671,0.0217196158898215,0.210152755644935,-4.59408146916756
"X87767_at",-209.152067739766,-640.989040401788,-2.39100738947217,0.0218602366327797,0.211226758032997,-4.59408403321708
"L13210_at",1788.96908944092,802.928777458442,2.3904057517659,0.0218912687197547,0.211240375156388,-4.59408459685193
"X51435_s_at",396.328746532941,-648.289603328396,2.3881378982987,0.0220086016559822,0.212085592444337,-4.59408672084595
"D00097_s_at",1129.89786848989,235.970319932265,2.3861245369687,0.0221132440947762,0.212560773613177,-4.59408860568346
"D38496_s_at",-541.290043981964,633.564485420924,-2.38604229168075,0.0221175282598482,0.212560773613177,-4.59408868266241
"U73167_cds2_s_at",-763.335845626437,-13.0327684073672,-2.38335080774241,0.0222581427179992,0.213624247270595,-4.594091201103
"L06132_at",-1585.1207201246,2437.27186729046,-2.38159454219385,0.022350332642493,0.214220728593572,-4.5940928437176
"X68149_at",-5620.14118868233,6075.57140397966,-2.37950317523344,0.0224605628242686,0.214988286576992,-4.5940947989893
"J03027_at",1180.2104592774,448.420860196796,2.37836528863584,0.0225207438466907,0.215049440260657,-4.59409586248083
"S78234_at",433.598948687421,-456.76435778168,2.37824213981517,0.0225272657235606,0.215049440260657,-4.59409597756349
"D87716_s_at",-296.174970555224,-723.657844814092,-2.37655655327217,0.0226167049326181,0.215614602773396,-4.5940975524564
"S68271_s_at",394.324377728679,-610.529810685385,2.37481132305566,0.022709646844679,0.216211604338326,-4.5940991825083
"X76717_at",-1134.99084421379,1345.81942903383,-2.37395538493826,0.0227553556568852,0.216357921585664,-4.59409998174643
"M54915_s_at",2542.91150488916,-577.292722688933,2.37326296426523,0.0227923930974419,0.216397956249566,-4.59410062819709
"L09604_at",3628.50395112987,5820.72037231454,2.37273999163157,0.0228204028808276,0.216397956249566,-4.59410111638894
"L03532_at",-1051.05665868785,2875.89935370613,-2.37217674330656,0.0228506045513846,0.216397956249566,-4.59410164211965
"U90546_r_at",-383.378342899383,-493.354704260695,-2.36570337812163,0.0232003102820234,0.218796039375479,-4.59410767995094
"L20965_at",-12827.4246246095,24704.9085754087,-2.36567596382291,0.0232018014816681,0.218796039375479,-4.59410770550373
"U52101_at",4342.9249341946,6409.09251643051,2.36505708366593,0.0232354884726238,0.218796039375479,-4.59410828232184
"L03785_at",311.208242564495,279.799834980544,2.36499057070223,0.0232391115436961,0.218796039375479,-4.5941083443099
"M76125_s_at",-14068.9025899093,22976.6095594554,-2.36465785596617,0.0232572427214434,0.218796039375479,-4.59410865437714
"U03090_at",2428.51994640446,2705.76399318467,2.36047671389612,0.0234861834751086,0.220537819404814,-4.59411254910034
"D25328_at",-624.478137032499,-248.95980499593,-2.36014849592444,0.0235042410247733,0.220537819404814,-4.5941128546921
"V00565_s_at",-345.35613722236,-546.076873497444,-2.3594488973892,0.0235427726091221,0.22060908209678,-4.59411350599341
"U08377_at",244.206860618321,-229.512140416412,2.35883360076447,0.0235767082119497,0.220637147322065,-4.5941140787346
"V00594_s_at",6641.67483616647,63.1728603198061,2.35791230258141,0.023627603300351,0.22082364237851,-4.59411493617687
"M81695_s_at",828.096909243579,-236.978483880177,2.35597296114379,0.0237350619547419,0.221491190594373,-4.59411674056485
"HG3454-HT3647_at",363.341050394337,241.863835711024,2.35431547073523,0.0238272524087352,0.221491190594373,-4.59411828213803
"D12620_s_at",466.724189799572,-810.324531849658,2.35384492897921,0.0238534829611216,0.221491190594373,-4.59411871967522
"M26311_s_at",4482.40648739482,1072.3372671832,2.3538049870864,0.0238557107376105,0.221491190594373,-4.59411875681355
"X74929_s_at",574.133360230883,-1290.41244006995,2.3530489551166,0.0238979141500731,0.221491190594373,-4.59411945972038
"X91348_at",-1112.2903173126,1627.65791579803,-2.35218972744117,0.0239459599021229,0.221491190594373,-4.59412025843679
"S72869_at",364.37678470331,-84.2692113140832,2.35212641325367,0.0239495037077848,0.221491190594373,-4.5941203172864
"S66427_at",-314.003020666153,-601.222605729022,-2.35180813618041,0.0239673253953979,0.221491190594373,-4.59412061310843
"X95654_at",-227.87202473221,-477.34621727041,-2.35160738762133,0.0239785723094736,0.221491190594373,-4.59412079968368
"U02556_at",-3791.1490687498,10251.2380790324,-2.34948401323428,0.0240978257597404,0.222304780715018,-4.59412277266288
"J04449_at",1112.66812090614,128.453927037422,2.34630255224095,0.024277504422567,0.22367297679241,-4.59412572714147
"M15169_at",-630.594103179986,8.46382863310695,-2.34530520074591,0.0243340796698798,0.223904931775371,-4.5941266529296
"U60665_at",2102.2441675483,-212.194628782784,2.34236975568205,0.0245012842170112,0.224794142290417,-4.59412937661656
"X15187_at",-5960.52178131776,12965.7036575027,-2.34204748765061,0.0245197036869407,0.224794142290417,-4.59412967553381
"D00749_s_at",-1078.39028116824,1459.72839732205,-2.34194979302343,0.0245252899596052,0.224794142290417,-4.59412976614569
"U25182_at",-579.016502410551,568.816322510342,-2.34134555995252,0.0245598660672513,0.224822085912155,-4.59413032653094
"M22382_at",1219.61382546583,31.4152046657572,2.34011088588972,0.024630654538778,0.225181022456444,-4.59413147138452
"M15856_at",-597.031661486047,31.3539814052416,-2.33877817593018,0.0247072699536243,0.225592243328163,-4.59413270680564
"M13686_s_at",465.209944840653,-184.055803978501,2.33753961495622,0.0247786652279673,0.225917377606146,-4.59413385463725
"Z11737_at",1373.41071868948,51.8849786084065,2.33637707526187,0.0248458473099924,0.225917377606146,-4.59413493174131
"L38696_at",-744.133653959216,1355.62952681064,-2.33618870184891,0.0248567486601115,0.225917377606146,-4.59413510624597
"X60708_at",297.681104100348,-493.281778116109,2.33596667077537,0.0248696033404606,0.225917377606146,-4.59413531192128
"M13058_s_at",-540.430275319137,-122.522611792278,-2.33348638540203,0.0250136089907966,0.226597818824492,-4.5941376088362
"M21389_at",-2113.80779532773,3769.55415827593,-2.33268931491855,0.0250600461019476,0.226597818824492,-4.59413834671997
"U00921_at",406.375457137474,-345.772865216433,2.33250501292204,0.0250707945253875,0.226597818824492,-4.59413851731866
"X78925_at",305.397958491328,-29.2910019143566,2.33249096531884,0.0250716139465045,0.226597818824492,-4.59413853032152
"L11244_s_at",-258.314932304799,-744.705963331272,-2.33144191277386,0.0251328751619375,0.226863965544021,-4.59413950124332
"S66541_s_at",-521.720191932417,-539.58420069035,-2.32903375027675,0.0252740137716311,0.227627219469174,-4.59414172922629
"J04543_at",271.058949433181,132.535219749913,2.32810350656398,0.0253287245625065,0.227627219469174,-4.59414258956039
"D50927_at",-289.146464169255,-180.022524555998,-2.32794172456133,0.0253382503808783,0.227627219469174,-4.5941427391666
"X14329_at",3110.65530955743,4838.0768040513,2.32736859793111,0.0253720223494089,0.227627219469174,-4.59414326911751
"S82472_at",1566.85535534684,1983.38756370078,2.32645736339268,0.02542580099152,0.227627219469174,-4.5941441115708
"X85753_at",-267.412281413513,-707.03535679335,-2.3260377401439,0.0254506005058251,0.227627219469174,-4.59414449946468
"L37042_at",552.004685962643,579.175550075094,2.32577823130039,0.0254659482293258,0.227627219469174,-4.59414473933346
"U41668_at",-298.973982641446,-208.56516535411,-2.32559772212878,0.0254766287082987,0.227627219469174,-4.59414490617349
"U06698_at",312.807689656926,-168.88655728677,2.32512330375965,0.0255047186027023,0.227627219469174,-4.59414534463531
"M58285_at",-1594.97560312288,4167.75004168268,-2.32389739590008,0.025577432566247,0.227990839537384,-4.59414647742267
"L41559_at",253.033145857416,-567.143576201521,2.32326418904628,0.0256150638125287,0.228041223529516,-4.59414706241331
"X60673_rna1_at",243.749161162529,-341.298750970456,2.3221124768308,0.0256836372979265,0.228273341120075,-4.59414812622172
"U17327_at",413.096181119358,-988.566192134884,2.32175157386048,0.025705159573611,0.228273341120075,-4.59414845952436
"X85545_at",-661.688486311099,449.873532347886,-2.32056196830854,0.0257762160003943,0.228619647137825,-4.59414955796932
"U09937_rna1_s_at",1573.44915330706,732.524611884393,2.31972194605086,0.0258264977663051,0.228781062821766,-4.59415033344909
"L27479_at",280.698553811565,-567.775578071485,2.31780979306465,0.0259412837274707,0.228918076103618,-4.59415209815538
"M64174_at",510.846009310097,283.247067972518,2.31753272504416,0.0259579540195533,0.228918076103618,-4.5941523537977
"U16997_at",-890.215139627504,-223.759745731645,-2.31734019411187,0.0259695436563765,0.228918076103618,-4.59415253143111
"U27333_at",-401.83532652366,-769.206633714852,-2.31732643440054,0.0259703721172103,0.228918076103618,-4.59415254412585
"J03925_at",500.559124596005,-409.766913375455,2.31261455433261,0.0262554712427694,0.230794844207783,-4.59415688907471
"U32576_rna1_at",-496.548674149064,-827.078580776452,-2.31238103578751,0.0262696734792863,0.230794844207783,-4.5941571042919
"Z48501_s_at",5876.70974229856,15765.0808671204,2.31220501544269,0.0262803833258617,0.230794844207783,-4.59415726650987
"Z84483_at",1267.37820136975,-470.763541303955,2.31064600714917,0.0263754115621002,0.231344477059455,-4.59415870299758
"U30828_at",-276.396384202673,-700.5205346325,-2.30968080622655,0.0264343992872629,0.231577028645542,-4.59415959209815
"U73524_at",-1405.97389754586,-2295.38499588078,-2.30783042143396,0.0265478159655854,0.231838233805507,-4.59416129606357
"D26600_at",-1006.01582436816,3098.19552468811,-2.30760885023321,0.0265614261104574,0.231838233805507,-4.5941615000555
"X06318_at",-187.904209207209,-716.310265203373,-2.30743019987796,0.0265724043789417,0.231838233805507,-4.59416166452464
"M63603_at",293.823298984154,-525.890095799475,2.30665850404828,0.0266198727992501,0.231838233805507,-4.59416237488903
"M26061_at",858.842492724751,-508.54304768864,2.30654644099612,0.0266267723302076,0.231838233805507,-4.59416247803569
"D16562_at",-2354.95380026357,6168.98048289383,-2.30584811063341,0.0266698035320154,0.231929718276587,-4.59416312074531
"AB000584_at",748.791026693171,-927.979680169117,2.30417954047842,0.0267728739665608,0.232527250442013,-4.59416465601553
"D87432_at",-262.802254987165,-791.325725760628,-2.30368114210847,0.026803730172954,0.232527250442013,-4.59416511448763
"D87451_at",1020.69419770011,2715.49188147475,2.30118286535707,0.0269588818964621,0.23358904836412,-4.59416741186688
"U95006_at",-2754.25684299201,5261.72932692823,-2.29980220091468,0.0270449713721167,0.233596958089093,-4.59416868095964
"U79242_at",-303.987190311847,-643.244368059687,-2.29900816183482,0.0270945942785227,0.233596958089093,-4.59416941065591
"D86976_at",-1013.83138367764,1775.34105152889,-2.29892821245838,0.0270995951823379,0.233596958089093,-4.59416948411966
"HG4074-HT4344_at",-435.382638785631,221.068702398359,-2.29786270544631,0.0271663227010749,0.233596958089093,-4.59417046306613
"M24439_at",544.429885427389,-997.054461236248,2.29775586935208,0.027173021450827,0.233596958089093,-4.59417056121016
"X57985_rna2_at",1163.43519881547,682.580843561389,2.29751835433119,0.0271879192343048,0.233596958089093,-4.59417077939287
"D87450_at",-316.174097311625,-148.089363071533,-2.29749952744537,0.0271891004366775,0.233596958089093,-4.59417079668687
"L41816_at",-591.631052237536,-2431.34906156197,-2.2969444066362,0.0272239495209535,0.233614902567893,-4.59417130657694
"X81333_at",-452.981759575979,398.232735604848,-2.29506762001188,0.0273420664043176,0.234346485011044,-4.59417302997687
"M18700_s_at",279.870057513995,-885.999531956508,2.29270366067541,0.0274914979012855,0.235344383594318,-4.59417519970461
"U36922_at",-943.701427228675,136.916442161257,-2.29213356852126,0.027527644218513,0.23537126009858,-4.59417572278393
"M81778_s_at",939.335532155366,499.057437381777,2.2912982002258,0.0275806871764056,0.235542371562812,-4.59417648914247
"U79255_at",-886.906240049718,583.170581476621,-2.28926488400706,0.0277101788431024,0.236365173839908,-4.59417835388545
"AFFX-HUMGAPDH/M33197_M_st",350.602695900629,-223.414529075974,2.28362372512997,0.028072294147071,0.239013031577622,-4.59418352288819
"K01383_at",192.757209713495,125.399865609298,2.28338619305436,0.0280876343376872,0.239013031577622,-4.59418374039458
"M77836_at",469.215107758287,-1097.26564278969,2.28178955542329,0.0281909427481447,0.239506289287507,-4.59418520212007
"D83243_at",-222.231650378206,-47.4605826229791,-2.28051011793211,0.0282739726788249,0.239506289287507,-4.59418637306574
"J03930_at",332.350405094656,407.832645222902,2.28022861577408,0.028292270320299,0.239506289287507,-4.5941866306518
"J04823_rna1_at",2877.33222401895,7600.12118073265,2.27964109846625,0.0283304931222317,0.239506289287507,-4.59418716820117
"Z84718_cds1_at",4424.20158559854,1681.03001309511,2.27961898908442,0.0283319324208312,0.239506289287507,-4.59418718842876
"HG830-HT830_at",428.380382544923,616.501379279496,2.2793857604642,0.02834711936035,0.239506289287507,-4.59418740180045
"U33429_at",983.938822295015,-1261.76159436365,2.2771031963284,0.0284961363628845,0.240480412312106,-4.59418948943011
"X99350_rna1_at",-644.57904687369,46.4505871484424,-2.27512942521073,0.0286255589989317,0.241253215521412,-4.59419129376142
"HG881-HT881_at",365.793128905436,-712.256111068711,2.27467585821842,0.0286553742177305,0.241253215521412,-4.59419170827656
"D50914_at",-340.380576947718,-360.376751864075,-2.27412280736317,0.0286917666236238,0.241274749755968,-4.59419221365184
"X89416_at",-496.184143716581,-375.033478095568,-2.27309531520639,0.0287594885524574,0.24155937911375,-4.59419315239936
"U43885_at",-259.725724486061,-499.301636883864,-2.27218441161566,0.0288196457557548,0.241779875157985,-4.59419398444312
"HG180-HT180_at",301.400583276745,-733.936248917543,2.27133513360394,0.0288758345630174,0.241917893105282,-4.5941947600397
"U58516_at",-1242.95485866734,802.038545090012,-2.27073321631552,0.0289157171682034,0.241917893105282,-4.59419530964436
"X99656_at",-685.396681968674,772.813177364234,-2.27006466678483,0.028960072558808,0.241917893105282,-4.59419592000109
"HG4073-HT4343_at",-445.095354355303,601.364700710852,-2.26945744388943,0.029000411947129,0.241917893105282,-4.59419647428788
"J04973_at",-530.584310995218,665.656553763815,-2.26937757924443,0.0290057213020636,0.241917893105282,-4.59419654718437
"L07597_at",-765.7502898244,-302.545692672321,-2.26758398391079,0.0291251878106178,0.242469644448095,-4.59419818393586
"U18467_at",-255.753208977052,-302.659779797184,-2.26713865332493,0.0291549182108126,0.242469644448095,-4.59419859021886
"U14187_at",-3639.42727718287,6123.62666405088,-2.26647013870469,0.0291995994155665,0.242469644448095,-4.59419920003817
"U66077_at",349.204824587843,-403.388745550028,2.26613432873627,0.0292220668986805,0.242469644448095,-4.59419950632862
"M74587_rna1_s_at",1998.96800663911,-117.477047408515,2.26574274191008,0.0292482856823057,0.242469644448095,-4.59419986346282
"X63422_at",506.98226926446,-53.5957119964337,2.26307804206003,0.0294272607502851,0.243060640309142,-4.59420229285722
"D49738_at",-772.265334321791,1607.75448107183,-2.26302236748667,0.0294310105668856,0.243060640309142,-4.59420234359947
"U09850_at",-303.042828947878,137.215126856138,-2.26225170962322,0.0294829601440707,0.243060640309142,-4.59420304591582
"U18235_at",-679.659436858143,317.318501081856,-2.26224242825773,0.0294835862946863,0.243060640309142,-4.59420305437336
"M31516_s_at",917.694221099435,-175.302408880457,2.26012872621784,0.0296264934968216,0.243956726473251,-4.59420497998402
"X66401_cds1_at",-421.73770782184,635.338567248807,-2.25781302083477,0.0297837687448764,0.24469669218692,-4.594207088535
"U50315_at",569.314414753843,206.61822855362,2.25724974660407,0.0298221371832607,0.24469669218692,-4.59420760124863
"X52192_at",534.819120703051,178.953752066263,2.25613476749999,0.0298982162942319,0.24469669218692,-4.5942086159461
"M61906_at",589.334033003871,-784.040062407581,2.25607498667838,0.0299023002539521,0.24469669218692,-4.59420867034274
"U41767_s_at",773.986657476396,290.814823816357,2.25529696585668,0.0299554966595372,0.24469669218692,-4.5942093782215
"M24485_s_at",3825.31161252065,1601.45659158848,2.25452099005641,0.0300086374621644,0.24469669218692,-4.5942100841112
"M22960_at",886.798901028825,387.88581779409,2.25398210351795,0.0300455913354159,0.24469669218692,-4.59421057425005
"U72509_s_at",311.38123859978,-449.793093137439,2.25338001735183,0.0300869271814991,0.24469669218692,-4.59421112179824
"M86934_at",184.240089392828,-363.860159641413,2.25327680464263,0.0300940182845561,0.24469669218692,-4.59421121565401
"U94320_at",-732.723830004583,464.597410103221,-2.25309162611885,0.0301067444917458,0.24469669218692,-4.59421138403912
"J02888_at",254.413995249636,410.12875537901,2.2528669618227,0.0301221907742367,0.24469669218692,-4.59421158831932
"Z29066_s_at",-464.790012273477,146.730519128188,-2.25247874209777,0.0301488986269467,0.24469669218692,-4.59421194128994
"M16707_rna1_at",-496.208685573272,-1328.49948903655,-2.25146719568836,0.0302185880890865,0.24469669218692,-4.59421286084002
"U89606_at",-1051.0522444803,712.857784389317,-2.25142699423961,0.0302213606978866,0.24469669218692,-4.59421289738078
"S74720_at",-246.353399642999,-590.345937341266,-2.25128618802303,0.0302310735965049,0.24469669218692,-4.59421302536266
"X94333_at",-885.131893903193,734.68446596965,-2.24878465495457,0.0304040963217048,0.245818152913919,-4.59421529835444
"HG4264-HT4534_s_at",1875.17778548631,1309.18855221735,2.24718102610443,0.0305154786794721,0.246439273457889,-4.59421675477006
"M33318_r_at",-2253.12753523829,1218.66532578085,-2.24634694876587,0.0305735546458825,0.246520439744862,-4.59421751206101
"L27080_at",-910.408287331104,-2218.98020138148,-2.24604404944545,0.0305946696359842,0.246520439744862,-4.59421778703801
"D42053_at",-459.31054352747,-209.507904703536,-2.24522465867356,0.0306518543033085,0.246530401795679,-4.59421853079572
"D89052_at",1419.90629682009,1852.8752395515,2.24503578362665,0.0306650492767869,0.246530401795679,-4.59421870221638
"M55047_at",254.627656140239,106.5666714154,2.24257111582822,0.0308376985110129,0.247234294020281,-4.59422093841512
"S75295_at",-668.895298715419,-1999.37473524765,-2.24230182095328,0.0308566150158533,0.247234294020281,-4.59422118266773
"U24186_at",-604.285988009865,-993.776007284399,-2.23662330592407,0.0312579188539922,0.250168596349964,-4.59422632948176
"X65873_at",-298.897417527385,222.505548709906,-2.23574474016626,0.0313204217665348,0.250387811229999,-4.59422712516115
"U28042_at",-196.382246687183,-630.266007735611,-2.23313657710677,0.0315066288556147,0.251594367714881,-4.59422948627672
"U63295_at",234.916746325956,-910.63226927527,2.2319993955673,0.0315881253422194,0.251962999793475,-4.59423051528098
"M15353_at",926.358633167354,1442.33722494252,2.24591372194832,0.0307675150342739,0.247075619042125,-4.59423064696547
"D82346_at",257.288265663991,-609.207736778627,2.22871051282224,0.0318248830705914,0.253567867236187,-4.59423348971662
"U26727_at",-313.008952861852,-408.4165416441,-2.22689779429143,0.0319560507923239,0.254075905217177,-4.59423512811471
"L13800_at",-228.429405153384,-400.448245656881,-2.22684462151047,0.0319599056205032,0.254075905217177,-4.5942351761633
"L14848_s_at",-237.042068426151,-988.577402535795,-2.22422252871102,0.0321505123760622,0.255201430552764,-4.59423754480107
"X71877_at",-1805.81413944995,2046.8776471975,-2.2239132770135,0.0321730593278551,0.255201430552764,-4.5942378240609
"J02758_s_at",-3541.94200212299,5936.83994836183,-2.22300400659998,0.0322394341240596,0.255443783042966,-4.59423864502701
"M29277_at",856.513328143718,1033.86839439921,2.22171715178279,0.0323335802631226,0.255892237518257,-4.59423980659843
"Z46973_at",296.459091605705,-928.468985903729,2.2212502081486,0.0323678023056328,0.255892237518257,-4.59424022799232
"S81661_s_at",-908.402493297994,984.365265151034,-2.22049778087227,0.0324230151683085,0.256044873937108,-4.59424090692058
"X57809_s_at",965.777896872858,-248.957806310909,2.2174727205053,0.032645840532126,0.257332138707287,-4.59424363522922
"X59727_at",-168.223645773832,-552.989354511853,-2.21713765024529,0.0326706054300839,0.257332138707287,-4.59424393730591
"Z29331_at",-270.061417407999,-361.886304817513,-2.21646049904811,0.0327207044446591,0.257332138707287,-4.59424454770414
"U77970_at",601.949470007368,-521.879234355307,2.21632999847997,0.032730367382907,0.257332138707287,-4.59424466532846
"U57094_at",267.932799909657,-224.50697225606,2.21392175898518,0.032909142486789,0.258110957251239,-4.59424683527689
"U49436_at",301.710079890524,-135.282738922218,2.21326186504078,0.0329582810266629,0.258110957251239,-4.5942474296519
"HG270-HT270_at",-199.281275576786,-1174.69165666612,-2.21322219778559,0.0329612369005621,0.258110957251239,-4.59424746537764
"U33838_s_at",287.533900306044,-596.288547236796,2.21303361187716,0.0329752929320093,0.258110957251239,-4.59424763522007
"Z22555_at",-293.453945267376,-230.709609077038,-2.21256284477015,0.0330104042929646,0.258110957251239,-4.59424805916349
"L11672_r_at",-4612.91243019249,10800.2128312232,-2.21023823482804,0.0331842695632286,0.258254661145428,-4.59425015184261
"U05255_at",721.522471809723,-190.564271281229,2.20924637633386,0.0332587015987687,0.258254661145428,-4.59425104437698
"M72885_rna1_s_at",530.045119235469,-518.942542191522,2.2089419043045,0.0332815798682171,0.258254661145428,-4.59425131831558
"D86969_at",-200.796291831106,-631.16707322065,-2.20881723004985,0.0332909520298712,0.258254661145428,-4.59425143048117
"U50553_at",366.101936872438,-30.7097975449329,2.20871776405891,0.0332984308895533,0.258254661145428,-4.59425151996518
"U47414_at",-301.54369120887,-155.053851843661,-2.2086840877393,0.0333009633546896,0.258254661145428,-4.59425155026139
"M57230_at",-209.724336543298,-463.883340554278,-2.20836779412821,0.033324757052506,0.258254661145428,-4.59425183479618
"U40434_at",662.794321486071,-608.45633059151,2.20798584828211,0.0333535097022258,0.258254661145428,-4.59425217836148
"D28791_at",-1081.10889850707,-11.5410153004907,-2.20783018757539,0.0333652340728959,0.258254661145428,-4.59425231837105
"M23892_s_at",-2829.50351050451,2949.5695000209,-2.20748906018823,0.0333909406220845,0.258254661145428,-4.59425262518042
"M38449_s_at",1334.19716313553,-141.835121008658,2.20667926447245,0.0334520354628989,0.258446874199276,-4.59425335340571
"U97502_rna1_at",-214.308162191066,-662.932810829484,-2.20573178935985,0.0335236436890439,0.258569329644628,-4.59425420525686
"D31887_at",-228.951265598524,-432.352289680437,-2.20551027073068,0.0335404052617137,0.258569329644628,-4.5942544043899
"L37033_at",1506.91407396871,3208.6922867256,2.20480670985438,0.0335936907928689,0.258700441732125,-4.5942550367799
"X04602_s_at",-13248.4333519931,25573.651284288,-2.20388864196022,0.033663335620627,0.258813204269411,-4.59425586181198
"D90224_at",-343.735378831705,-772.019208665504,-2.20365708517993,0.0336809218289179,0.258813204269411,-4.59425606987343
"U18271_cds3_s_at",-239.709418596739,-343.457185137358,-2.20192101512615,0.0338130327888005,0.258966580174853,-4.59425762940898
"U15782_at",408.384148013369,-627.187417605174,2.20159924756091,0.033837569105453,0.258966580174853,-4.5942579183833
"U08336_at",310.094193386923,102.161545480122,2.20148239677462,0.0338464834538695,0.258966580174853,-4.5942580233194
"X86371_s_at",-1166.38608636056,1419.85727971836,-2.20103978734958,0.0338802683092933,0.258966580174853,-4.59425842077052
"M80629_at",2802.7239340923,3112.75087472485,2.20101109337928,0.033882459585351,0.258966580174853,-4.59425844653541
"X62535_at",-2267.79181171892,3127.28838569464,-2.20026676762014,0.0339393456405525,0.259117499775541,-4.59425911481601
"D28589_at",-549.12896856086,-150.405180385268,-2.19958885165,0.0339912300917833,0.259117499775541,-4.59425972336388
"L09260_at",-334.465152609087,506.896234703742,-2.19932796628535,0.0340112157887963,0.259117499775541,-4.59425995752662
"L04947_at",-293.703396768186,-1948.48853400466,-2.1985231775167,0.0340729342170284,0.259310665850192,-4.59426067978444
"U59286_at",359.463335670581,-596.842597723131,2.26773240171398,0.0292758889173763,0.242469644448095,-4.59426193263638
"M60284_s_at",500.025376632279,-301.084593844269,2.19618853986682,0.0342525387009688,0.260399630572077,-4.59426277418427
"L06147_at",-807.463269024143,-3521.79178747643,-2.19511301326598,0.0343355619748405,0.260488661063686,-4.5942637386261
"M29610_at",235.251223627574,-613.649279966783,2.19509042269993,0.0343373077268075,0.260488661063686,-4.59426375888064
"L40933_at",362.682127857838,-1223.27413593258,2.1941804301062,0.0344076956553153,0.260745247309302,-4.59426457467795
"X69141_at",-1054.61280875689,925.973860593627,-2.19272531030769,0.0345205155240449,0.261195204731581,-4.59426587878825
"D15057_at",-1626.45919396347,1217.51154886311,-2.19247021216464,0.0345403278729324,0.261195204731581,-4.59426610736372
"S76942_s_at",-981.666466571184,-1071.76383807055,-2.19021023173814,0.0347162920924163,0.262247753083709,-4.59426813173268
"D13748_at",3497.95932494104,12585.2251909713,2.18586852470037,0.0350565762093112,0.26437087482387,-4.59427201756547
"L00352_at",665.01757761236,123.307912724789,2.18567900238693,0.0350714973472698,0.26437087482387,-4.59427218709105
"K02574_at",1735.7497709132,3346.63717419989,2.1820686288501,0.0353568213052221,0.266010987312923,-4.59427541497451
"U74612_at",314.053204284249,-446.16441439169,2.18198213576675,0.0353636819482051,0.266010987312923,-4.59427549226806
"M23668_at",-6580.70853502303,18918.8120839375,-2.18009862584567,0.0355133753772863,0.26680109085079,-4.5942771750234
"U21556_at",-306.616213668874,-342.765900976463,-2.17971984125988,0.0355435473717923,0.26680109085079,-4.59427751333763
"L04490_at",-726.848771831375,-187.961230130653,-2.177753512238,0.0357005404776736,0.267697743581798,-4.59427926905376
"M99436_at",-279.249423132843,-1015.1638274194,-2.174476126067,0.0359635762021282,0.269386829724134,-4.59428219344004
"X82629_at",-207.144434169798,-452.312905715349,-2.17328975331248,0.0360592145118242,0.269819788755318,-4.59428325142617
"D38583_at",593.463288135104,-403.563692622664,2.16924150640172,0.0363872592498343,0.271989041625334,-4.59428685915363
"HG2917-HT3061_f_at",6230.75087779144,4999.78275767992,2.16785778942589,0.0364999919078869,0.272546012874494,-4.5942880914357
"Z67743_at",-516.517913975458,298.402200717932,-2.16693617655838,0.0365752480900605,0.272822274194792,-4.5942889119424
"X13100_s_at",5054.02620647448,2146.76905613988,2.16317655896307,0.0368836731422095,0.274571341345918,-4.59429225708186
"M21904_at",484.347229730035,906.802321522396,2.163139311278,0.0368867402901963,0.274571341345918,-4.59429229020688
"D29641_at",-186.908746381391,-378.139334633805,-2.15979114200286,0.0371633683165079,0.276342001527652,-4.59429526648249
"D86970_at",-1435.39855849758,834.909335889422,-2.15665479132863,0.0374241597544176,0.277991336675784,-4.59429805211281
"X79204_at",-174.592314776536,-594.150693124374,-2.15494207182917,0.0375672570102199,0.278763901914545,-4.59429957234501
"X98225_at",396.53588256864,-338.910083764444,2.15378250192626,0.0376644133582094,0.279194315652174,-4.59430060120734
"X63717_at",-211.737321151823,-529.394606998298,-2.14817472734011,0.0381374123899161,0.281942016758837,-4.59430557244853
"L36847_at",214.665510987218,-497.496745306361,2.14811474347836,0.0381425001091874,0.281942016758837,-4.594305625584
"U07139_at",539.282930231878,-501.60217797952,2.14696806684923,0.0382398745146377,0.281942016758837,-4.59430664118207
"M84526_at",1269.59877448857,-284.518713109605,2.14691911752333,0.0382440361185398,0.281942016758837,-4.59430668452907
"D83735_at",1730.69017800538,397.360964920192,2.14676722012649,0.0382569527735796,0.281942016758837,-4.594306819038
"L07765_at",320.679181536182,-149.404491672899,2.14658663224225,0.038272314152651,0.281942016758837,-4.59430697894604
"L04282_at",-947.225857790947,60.4331790368724,-2.14408830857207,0.0384853895881141,0.282422233706976,-4.59430919039282
"M60450_s_at",-373.450485103675,-332.275012992356,-2.1440406399671,0.03848946528883,0.282422233706976,-4.59430923257352
"D87466_at",-199.797759816917,-196.672491519773,-2.14397735517269,0.0384948767744881,0.282422233706976,-4.59430928857175
"J04132_at",-752.569509215434,-376.118798968363,-2.14396514678817,0.0384959207913589,0.282422233706976,-4.59430929937437
"U20734_s_at",2320.37588066568,1213.70709190421,2.14154339848948,0.0387035153151136,0.283653409776028,-4.59431144157115
"HG1862-HT1897_at",-3370.36711319287,5268.55190311124,-2.14017309516478,0.0388214165765684,0.284087663337714,-4.59431265308459
"HG2190-HT2260_at",-732.286840906375,-2797.69561598074,-2.13992908517444,0.0388424445034737,0.284087663337714,-4.59431286877252
"U66711_rna1_s_at",1915.73660581786,2579.07596944547,2.1384060890544,0.0389739184674355,0.284519777606352,-4.59431421467872
"M54927_at",-2758.48233973803,1674.86746759067,-2.13832043624871,0.0389813241791342,0.284519777606352,-4.59431429035582
"D79985_at",-854.316137702607,-3872.87612586629,-2.13715123224029,0.0390825402096969,0.284966865271318,-4.59431532321337
"X05855_at",-2180.67314683783,-2148.01752494647,-2.13645208680667,0.0391431748644148,0.285117446331095,-4.59431594067404
"Z54367_s_at",518.297184973497,-277.542277011017,2.13524333244817,0.0392482022255432,0.285590744969744,-4.59431700793113
"AFFX-HUMISGF3A/M97935_5_at",230.868620763534,-1231.4582616573,2.13175148055943,0.0395530040905356,0.287025953743554,-4.59432008908477
"X53296_s_at",659.341548148892,-696.643204562562,2.13172152470875,0.0395556279326496,0.287025953743554,-4.59432011550484
"U63332_at",-607.367468628459,-1792.87545333504,-2.13160093892151,0.0395661916322975,0.287025953743554,-4.59432022185536
"D90086_at",-499.563232916198,1002.30420893708,-2.13081272987331,0.0396353025984493,0.287235104501567,-4.59432091693067
"K03207_f_at",-503.177623869997,-885.724600247979,-2.12981112341,0.0397232781300917,0.287580402381405,-4.59432179997603
"X52056_at",605.013018681838,-493.212562361439,2.12871947732786,0.0398193584099913,0.287707590191839,-4.5943227621317
"J00306_at",260.054677574961,195.918928151954,2.12835046162029,0.0398518833390209,0.287707590191839,-4.59432308731097
"X58288_at",333.493510953921,-228.847432450778,2.12806779573614,0.0398768132705915,0.287707590191839,-4.59432333637626
"L35249_s_at",410.633851882998,-662.749212194446,2.12777976350859,0.0399022306408258,0.287707590191839,-4.59432359015047
"HG2981-HT3938_s_at",815.6585872253,-964.295975355829,2.12685222886064,0.0399841779586751,0.288007245478093,-4.59432440723178
"X17576_at",458.073629521161,110.797830540238,2.12628738078893,0.0400341547506798,0.288076243720583,-4.59432490471593
"U30825_at",-1826.50073676215,3752.70324197574,-2.1238640435855,0.0402491931972317,0.289331649888567,-4.5943270381829
"M13560_s_at",6853.71912825604,6461.91565886018,2.12255651709459,0.0403656409827301,0.28962513220836,-4.59432818872647
"L07919_at",322.742584667164,-586.771437522812,2.12246992800427,0.0403733630477804,0.28962513220836,-4.59432826490517
"L36069_at",-422.031761610996,-2473.70328250524,-2.12173490422846,0.0404389653563023,0.28962513220836,-4.59432891148684
"U83239_s_at",1281.10840133766,832.681870990009,2.12145623307228,0.0404638618567912,0.28962513220836,-4.594329156593
"X05130_s_at",1676.94931287604,371.251167365098,2.12112921961927,0.0404930944904971,0.28962513220836,-4.59432944419511
"Z46261_at",1097.7646888219,1765.7546844398,2.12055740607969,0.0405442552136212,0.289700484898129,-4.59432994703281
"X55889_at",-583.295771304997,-92.0442067405972,-2.11962222217574,0.0406280498277664,0.290008631953756,-4.59433076924023
"U72661_at",723.731600327866,-407.198029963053,2.11899456191309,0.0406843751795034,0.290120279405039,-4.59433132095753
"U79271_at",-233.953373275056,-529.650872790698,-2.11709344282745,0.0408553990193718,0.290509742182219,-4.59433299147721
"U47927_at",-457.422696211513,2.32697645387659,-2.11690773667305,0.0408721389746783,0.290509742182219,-4.59433315461137
"U65533_s_at",1293.9432586116,1363.97718484194,2.11683004864821,0.0408791437342295,0.290509742182219,-4.59433322285421
"M76729_at",-563.294846195631,130.024981013985,-2.11633185101344,0.0409240889883386,0.290509742182219,-4.59433366044733
"M60922_at",-3313.28693013582,9976.19253538956,-2.11612585721798,0.0409426855831062,0.290509742182219,-4.59433384136509
"M63896_at",268.76098372491,-1016.5841204077,2.11518691061934,0.041027545622786,0.290822492878814,-4.59433466588276
"D87464_at",-235.683126910781,-366.899104034361,-2.11376422248703,0.0411564204392194,0.290998665878078,-4.59433591478499
"HG4169-HT4439_s_at",-3864.44309122859,5008.55364109524,-2.11365373442951,0.0411664439512459,0.290998665878078,-4.59433601175621
"X16707_at",1534.56232623683,-913.963997778852,2.11356140510596,0.0411748217460357,0.290998665878078,-4.59433609278795
"U67849_at",-312.372427374726,-869.138361719972,-2.1125493439085,0.0412667528208465,0.29135961818362,-4.59433698087693
"X06268_at",279.751485373628,-444.229745027308,2.11116324083061,0.0413929534473159,0.291961573721869,-4.59433819678944
"HG3432-HT3620_s_at",-211.348673530148,-454.82089634328,-2.10968190442276,0.0415282003040404,0.292237863801606,-4.59433949573026
"J03626_rna1_s_at",2317.54139703155,-481.533954950132,2.10961191102338,0.0415346003552424,0.292237863801606,-4.59433955709235
"Z75330_at",-503.595856445224,-586.689983916239,-2.10938812666342,0.041555068559084,0.292237863801606,-4.59433975327254
"D13969_at",-238.237339243219,-1113.76849208922,-2.10657129654632,0.0418134672740841,0.2933961210444,-4.59434222160763
"M16424_at",490.285910274136,254.892931988841,2.10648464604587,0.041821438428444,0.2933961210444,-4.59434229750743
"AB000466_at",-635.860596068838,-2818.52531412177,-2.10624816692129,0.0418431994253477,0.2933961210444,-4.59434250463738
"X06948_at",-210.864961415135,-445.540840564157,-2.10521867976522,0.0419380498000729,0.293772331163379,-4.59434340619827
"HG2036-HT2090_at",-255.923071978817,-403.736084339339,-2.10098282077601,0.0423303081508176,0.295967051594179,-4.59434711299721
"HG3945-HT4215_at",435.152609285706,-1239.29395905613,2.10093913898525,0.042334370021885,0.295967051594179,-4.59434715120044
"X78706_at",401.012962463322,-507.840360216242,2.09957609344696,0.0424612888939834,0.296563615184129,-4.59434834306009
"J03071_cds3_f_at",344.438709641636,-497.274354374601,2.09706505617806,0.0426959782401061,0.297910979285906,-4.59435053755058
"Z11685_s_at",-372.984020873572,-1075.08767063406,-2.09582680048254,0.0428121287129839,0.298429413345345,-4.59435161914337
"X98507_at",621.30123962802,658.5760031898,2.09164206336574,0.0432067218931597,0.300885872871213,-4.59435527166039
"M73239_s_at",2967.72049398882,-52.9369287286253,2.09003175240479,0.0433594128708279,0.301654607982316,-4.59435667602829
"L02932_at",-141.683005175273,-645.004716946811,-2.08897665567609,0.0434597148252753,0.301920530604886,-4.59435759584376
"HG2825-HT2949_at",-336.413573910176,-332.844280766182,-2.08873922001321,0.0434823145324944,0.301920530604886,-4.59435780279851
"U21931_at",294.428240975973,402.733526037246,2.08742946483819,0.0436071658279298,0.302204823051896,-4.59435894416451
"S74445_at",-268.754434965415,231.907990726812,-2.08742055617308,0.0436080161156081,0.302204823051896,-4.59435895192638
"L11066_at",-1520.1243478933,1063.48808446358,-2.08570736106286,0.0437718028936313,0.303045365470374,-4.5943604442239
"D83657_at",521.015001699054,-941.006562643469,2.08520058538427,0.0438203556221998,0.303087251156069,-4.59436088551811
"X54326_at",-850.571792425386,1370.46345017253,-2.08309629207412,0.0440224680498779,0.304004043019309,-4.59436271723516
"D64108_at",-910.079759360913,411.742096944752,-2.08293318660671,0.0440381680604328,0.304004043019309,-4.59436285916745
"U31342_at",296.206689089866,404.210756385625,2.08186690323285,0.0441409262127846,0.304368722609433,-4.59436378687202
"AC002464_at",-269.020202778865,-981.077506418878,-2.08149971809687,0.0441763606648104,0.304368722609433,-4.59436410627124
"U08989_at",-337.627002080153,-25.1273185502821,-2.08072529327995,0.0442511768006395,0.304412093593066,-4.59436477980237
"U35113_at",-510.51378904493,-329.335582953612,-2.08055097596966,0.0442680326820936,0.304412093593066,-4.59436493138884
"U54778_at",-1261.82746756446,2828.95688469265,-2.07930753425371,0.0443884327022143,0.304933497641667,-4.5943660124689
"AFFX-HSAC07/X00351_3_at",-4335.58822078704,35957.9514706769,-2.07867719798549,0.0444495765846364,0.304933497641667,-4.59436656035338
"U11821_s_at",-684.45788327672,1285.12159993086,-2.07822742754549,0.044493250376771,0.304933497641667,-4.59436695123104
"D82348_at",-835.533632214046,1054.15940001723,-2.07737536315819,0.0445760910905583,0.304933497641667,-4.59436769158915
"HG3991-HT4261_at",-297.931307425834,-1217.73193180546,-2.07735540184813,0.0445780334204601,0.304933497641667,-4.59436770893136
"X98801_at",-571.108752155795,1240.61174276873,-2.07651683375523,0.044659697154028,0.304933497641667,-4.59436843738286
"M30894_at",1111.42240867936,323.071580230214,2.0753223500818,0.0447762481780183,0.304933497641667,-4.59436947471193
"D13315_at",-581.243415217006,771.533171027864,-2.07523901092576,0.0447843898911238,0.304933497641667,-4.5943695470732
"L40392_at",-392.697453312766,561.408807976492,-2.07512270490793,0.0447957544299865,0.304933497641667,-4.59436964805588
"HG3033-HT3194_at",-685.369702350465,-1478.71955581954,-2.07498433091858,0.0448092785770967,0.304933497641667,-4.5943697681947
"D50916_at",-301.668881945687,-497.288443316242,-2.07431550068601,0.044874697985941,0.304933497641667,-4.59437034881832
"U22815_at",-215.421317836994,-593.247242868179,-2.07422976972514,0.0448830895274595,0.304933497641667,-4.59437042323488
"D86960_at",-177.594200867053,-503.413636199595,-2.07405952292044,0.044899757751192,0.304933497641667,-4.59437057100786
"J02923_at",1895.96523692959,3458.74389665666,2.07244964625564,0.0450576432123974,0.305623204802143,-4.59437196801305
"D49677_at",-490.764567755874,-2473.37488408625,-2.07215054961718,0.045087030073181,0.305623204802143,-4.59437222748966
"D87455_at",-290.428942350314,-47.1678481315221,-2.0716048992719,0.0451406846288242,0.305696317272693,-4.59437270080276
"U43185_s_at",662.616863828607,1028.03585364281,2.07106307415024,0.0451940184161996,0.30576712080258,-4.59437317072446
"D87742_at",-171.020404540602,-526.540786454649,-2.0691298152072,0.0453847663711699,0.306766605680391,-4.59437484683272
"X56253_rna1_at",577.750098555599,189.517990986318,2.0671327649118,0.045582548812855,0.307634141242225,-4.59437657726891
"AF009301_at",-265.296260695736,-379.887273775214,-2.06696301434834,0.0455993952170848,0.307634141242225,-4.5943767243112
"U37139_at",-206.732473955142,-113.888135211338,-2.06430562726749,0.0458638318335598,0.309121596330862,-4.59437902526961
"J02906_at",587.080928287535,1348.74784386292,2.0638773736381,0.045906572782833,0.309121596330862,-4.59437939591743
"L38517_at",-349.279858673414,-1113.71258682551,-2.06283655523957,0.0460105948996886,0.309529766254414,-4.59438029654051
"U33448_s_at",-1173.27096945799,-1472.74920985837,-2.06170030737234,0.0461243900822029,0.310002851721196,-4.59438127942914
"U83303_cds2_at",-1772.16847948624,3296.73759093094,-2.06033050648389,0.0462619031175149,0.310302016107183,-4.59438246391779
"HG1980-HT2023_at",2630.8163915476,1256.02164770088,2.06015421737134,0.0462796266577239,0.310302016107183,-4.59438261632361
"M21494_at",-372.822710634314,-872.921268254154,-2.05995715809458,0.0462994453986879,0.310302016107183,-4.59438278667644
"D38555_at",-360.191560667746,-252.427061852716,-2.05930876106213,0.0463647087464814,0.31044764138137,-4.59438334713071
"X91868_at",-1186.95137301101,1534.21766188342,-2.05794851773811,0.0465018835190084,0.311074044440947,-4.59438452253959
"S76992_at",-273.70596250602,-356.195685735778,-2.05693006352808,0.046604822699904,0.311470469234316,-4.59438540229824
"Z35085_s_at",1064.51917779596,67.3282839138491,2.05399629449209,0.0469024655408857,0.312404257012712,-4.59438793507979
"X87852_at",-275.018905845293,-1329.76847517715,-2.05360117152626,0.0469426791678101,0.312404257012712,-4.59438827603157
"U36341_rna1_at",-357.55109606282,-213.999606353133,-2.05355991820048,0.0469468794619239,0.312404257012712,-4.59438831162682
"AF008937_at",238.160949731638,55.7013423377222,2.05338399603686,0.0469647950371657,0.312404257012712,-4.59438846341563
"L40586_at",192.30007425391,-403.159409986458,2.05309849103468,0.0469938830458361,0.312404257012712,-4.59438870973786
"U70862_at",-731.255879924716,1223.07579005093,-2.05296587408411,0.0470073997720713,0.312404257012712,-4.59438882414743
"U37431_at",236.315830834796,-752.101625104635,2.05158370937639,0.0471484767546962,0.313050081692494,-4.59439001628628
"U22963_at",-425.981719185213,509.624993663629,-2.04886526260199,0.0474270280485574,0.314366019979314,-4.59439235958046
"Z48804_at",-826.932222266763,498.873178233432,-2.04833254316929,0.0474817825275284,0.314366019979314,-4.59439281856408
"M73548_at",-272.856064690521,99.054326430894,-2.04832814313055,0.0474822350065201,0.314366019979314,-4.59439282235479
"D78577_s_at",-1919.25377121722,4042.65835514798,-2.04765481860494,0.0475515209242612,0.314366019979314,-4.59439340237816
"U60415_at",-360.719555672839,62.4582471271461,-2.04749949397926,0.0475675165569109,0.314366019979314,-4.59439353616346
"HG908-HT908_at",265.725640942498,88.0779501379052,2.04649288991717,0.0476712926493265,0.314366019979314,-4.59439440303054
"X75593_at",424.391049298324,-205.061037263878,2.04632811997255,0.0476882984791937,0.314366019979314,-4.59439454490261
"D21851_at",-141.417339648629,-535.310456172809,-2.04601632973986,0.0477204927137098,0.314366019979314,-4.59439481334488
"M16594_at",1651.18681311382,1826.65624370502,2.04565200994295,0.0477581350065048,0.314366019979314,-4.59439512698232
"X55989_rna1_at",-3592.45810171015,2660.19877019208,-2.04536783604319,0.0477875144660743,0.314366019979314,-4.59439537159997
"X94612_at",-222.300721759732,-394.08264261232,-2.04299735572694,0.0480332036869347,0.315691037319384,-4.59439741131629
"U09550_at",-431.443074339472,-32.6807666584973,-2.04052182770091,0.0482909578302747,0.316071735052889,-4.59439953989657
"L42611_f_at",301.897315435098,412.318347076652,2.04044227377015,0.0482992610508766,0.316071735052889,-4.59439960827505
"U41635_at",1470.6510323177,3908.12788325388,2.04028074137715,0.0483161243819295,0.316071735052889,-4.59439974711099
"HG4167-HT4437_at",237.182857268686,103.746679324351,2.04022776030761,0.0483216565118307,0.316071735052889,-4.59439979264639
"M86752_at",-537.3573351764,961.075491513823,-2.04018653029156,0.0483259620134766,0.316071735052889,-4.59439982808167
"U26173_s_at",951.166313077957,-654.797223149191,2.03988873598013,0.048357069547427,0.316071735052889,-4.59440008400916
"X51441_s_at",-556.2025607554,-1001.56366172962,-2.03789701363806,0.0485655743870184,0.317143874499843,-4.59440179513413
"U81006_at",-299.815756483732,-5.53902002292214,-2.03508311654623,0.0488614867632238,0.318623026697887,-4.59440421087723
"X00948_at",-322.383394344892,-686.031288032825,-2.03489385593963,0.0488814459693575,0.318623026697887,-4.59440437328561
"M88163_at",-1159.84273293137,2992.42617446342,-2.03426728781942,0.0489475739038349,0.318668325400612,-4.59440491089103
"L43575_s_at",303.056426713476,-298.879497417341,2.03359066588017,0.0490190721736862,0.318668325400612,-4.59440549133052
"HG1148-HT1148_at",-208.1366046779,-1194.8058346108,-2.03255979686727,0.0491281787299705,0.318668325400612,-4.59440637543497
"X99947_at",-497.223441016192,-694.114142478868,-2.0325253565838,0.0491318275237118,0.318668325400612,-4.59440640496729
"U09848_at",-463.678686684462,972.4655608044,-2.03167095306067,0.0492224234724606,0.318668325400612,-4.59440713751552
"U73936_at",1551.12601608173,412.530613802914,2.03158004347538,0.0492320715658629,0.318668325400612,-4.59440721544853
"D31890_at",-849.681616678696,2747.02983165676,-2.03133907940749,0.0492576526913198,0.318668325400612,-4.59440742200675
"HG4480-HT4833_at",343.071004635601,-1302.53974068828,2.03108422974351,0.0492847205499416,0.318668325400612,-4.5944076404517
"HG1155-HT4822_at",695.003333810978,2989.37949194666,2.03102902909627,0.0492905851797608,0.318668325400612,-4.59440768776486
"HG4115-HT4385_at",-217.664988808525,-545.288045354854,-2.02996474056535,0.0494037764493659,0.319110806032997,-4.59440859982677
"U05255_s_at",583.272753221492,-917.310602094592,2.02917629260635,0.0494877771207495,0.319364107373814,-4.5944092753143
"U58032_at",-242.059014957826,-448.904949610458,-2.02832474315169,0.0495786404704521,0.319657381439234,-4.59441000468327
"M99439_at",564.325756881668,-599.164278652302,2.02791068072364,0.049622874947866,0.319657381439234,-4.59441035926854
"U25041_at",-432.018760251662,-303.183176496545,-2.02600964618773,0.049826405324613,0.320678787337379,-4.59441198666626
"D13305_at",341.61688403519,-1355.94377956612,2.02528534161253,0.0499041427690591,0.320889487904563,-4.59441260646874
"L38593_s_at",14958.1936955832,7579.1296987207,2.02195869688023,0.0502625409947139,0.32271948056775,-4.59441545140908
"D00760_at",-543.456798823674,813.337929013499,-2.02180409469751,0.0502792515651058,0.32271948056775,-4.59441558355506
"U90716_at",-213.039797048334,-236.409864533141,-2.02097833683407,0.0503685877101385,0.323002157339027,-4.59441628926568
"D50683_at",-994.566653758136,124.817182066354,-2.01980032835689,0.0504962721036634,0.323530023693822,-4.59441729571195
"M20566_at",-1256.6511857807,1904.54913303751,-2.01898598311306,0.0505847037770429,0.323601063220757,-4.59441799124794
"M94250_at",572.219575551907,-1110.75400176622,2.01886255543444,0.0505981188460446,0.323601063220757,-4.59441809665308
"X67734_at",1478.93145387305,1385.76070783823,2.01827181025934,0.0506623684915424,0.323721639527947,-4.59441860108481
"X00090_f_at",439.55009976216,-425.748592584018,2.01781047445879,0.0507125929329045,0.323752462134773,-4.59441899495217
"M86528_at",192.068912594005,-917.876925937312,2.01635492292781,0.0508713394287239,0.324475421705036,-4.59442023727348
"D63476_at",-1139.84753907648,1508.33834041159,-2.01468535613958,0.0510539596920649,0.325115723928718,-4.59442166158065
"D10923_at",354.561237918695,-655.419095077167,2.0146036641222,0.0510629099425275,0.325115723928718,-4.59442173125351
"Z35307_at",380.348041685369,-361.250374513395,2.01175082628604,0.0513763273572689,0.326529584023652,-4.59442416327096
"M20137_at",-362.820970026283,-256.717606696099,-2.01174878572066,0.0513765521349793,0.326529584023652,-4.59442416500976
"X70070_at",897.415437421442,617.24856525432,2.01098526830735,0.051460717202403,0.326623843508767,-4.59442481554128
"X03100_cds2_at",1546.34297452891,836.516196495202,2.01059113600153,0.0515042106547485,0.326623843508767,-4.59442515129012
"M26004_s_at",-544.684321434717,444.210840047959,-2.01036850055372,0.0515287931492585,0.326623843508767,-4.59442534092831
"D63480_at",-163.645829362342,-409.795776385835,-2.00904321684064,0.0516753369204675,0.326816784437981,-4.59442646952142
"U31930_at",-1419.74955891998,3456.45186915927,-2.00892764715819,0.0516881332551381,0.326816784437981,-4.59442656791722
"HG3344-HT3521_at",316.233768878745,-167.187612881864,2.00860842874215,0.0517234927115881,0.326816784437981,-4.59442683968103
"M12036_at",-304.295738114475,-1332.97047771774,-2.00843642954417,0.0517425535872221,0.326816784437981,-4.59442698610001
"J04456_at",6619.82411611136,6739.09804925158,2.00753936170041,0.0518420653268958,0.326847009324578,-4.59442774962808
"L07592_at",-416.216021846118,-1427.92785609847,-2.00744848828459,0.0518521551952696,0.326847009324578,-4.59442782696213
"X62320_at",2611.72509279771,292.891511953817,2.007154195458,0.0518848428769349,0.326847009324578,-4.59442807739298
"L07493_at",-187.145135811299,-277.214269856195,-2.00600750459727,0.0520123791133445,0.327135650055786,-4.59442905296279
"X62429_s_at",1624.29136214068,1166.13212720629,2.00591739265715,0.0520224130084507,0.327135650055786,-4.59442912961271
"AC000063_s_at",1408.6719921208,517.34301013869,2.00177092262952,0.0524859436833472,0.329759704322422,-4.59443265433215
"L27584_s_at",-769.470329504129,-1384.32300038937,-2.00059527084644,0.0526180204216361,0.330122484518027,-4.59443365287793
"U65402_at",831.701850653111,398.089353312684,2.00043299867598,0.0526362732992562,0.330122484518027,-4.5944337906761
"X07438_s_at",-2113.86178222064,3240.70297116914,-1.99875421166877,0.0528254316415874,0.331017709170615,-4.59443521586115
"D55716_at",-980.264777857588,2271.9743171748,-1.99814057295425,0.0528947210160903,0.331160891629271,-4.59443573661701
"X16662_at",-3138.40857801053,6410.16941115449,-1.99722045690551,0.0529987644209278,0.331488015894377,-4.59443651727479
"U87223_at",-152.121044117801,-321.511847710981,-1.99685673344452,0.0530399419626258,0.331488015894377,-4.59443682580868
"U07807_at",-1624.18566474228,2951.02285859123,-1.99607760180055,0.0531282418692816,0.33157395984892,-4.59443748660149
"HG2715-HT2811_at",522.265677812239,1135.17466074674,1.99591497585278,0.0531466885580306,0.33157395984892,-4.59443762450672
"HG3400-HT3579_at",-402.850355075223,-2646.8306784582,-1.99550165509263,0.0531935966404788,0.331576518918929,-4.59443797496734
"U02082_at",310.293816203909,-422.067599200556,1.99499474338159,0.0532511755207755,0.331645530688778,-4.59443840472358
"M14159_cds2_at",-263.765779031337,-1303.16371988189,-1.99293360654515,0.0534858529232036,0.332816419891244,-4.59444015144261
"HG1761-HT1778_s_at",515.174877175741,-999.385888731504,1.99168173577874,0.053628826620514,0.333415137428845,-4.59444121179791
"X99586_s_at",-514.779223486129,435.589183397397,-1.99111852140448,0.0536932583634578,0.333524935008552,-4.59444168871467
"D26599_at",-1232.8502782961,3910.51224011113,-1.99058741221763,0.0537540788214314,0.333612128873479,-4.59444213836861
"D42054_at",-316.947571571732,-254.805926875662,-1.98666567998425,0.0542050333806423,0.336118341771618,-4.59444545631896
"M31651_at",-536.948441409886,785.294126193247,-1.9851473302045,0.0543805056760913,0.336294713613179,-4.59444673981103
"HG537-HT537_at",-316.310618964232,-1210.2020110433,-1.98481125958604,0.0544194111391889,0.336294713613179,-4.5944470238156
"U63842_at",-897.919611862345,792.00221997985,-1.98478097154983,0.0544229186417059,0.336294713613179,-4.59444704940976
"U02019_at",-320.900278149711,-26.586717175515,-1.98469426146984,0.0544329611766918,0.336294713613179,-4.59444712268063
"L36033_at",259.373964149017,-742.304282556011,1.98438084045084,0.0544692741864004,0.336294713613179,-4.5944473875078
"D13645_at",-218.517444737518,-814.264846372884,-1.98252537890012,0.05468467890876,0.33708720874818,-4.59444895475714
"D25217_at",580.657228848118,412.927373390794,1.98246092225272,0.054692175083669,0.33708720874818,-4.59444900918515
"U21936_at",925.891566721741,910.960689942392,1.98059003589631,0.0549101438908455,0.337709386045744,-4.59445058850304
"S77154_s_at",715.715349824956,-225.377111780588,1.97935419954081,0.0550545384670415,0.337709386045744,-4.59445163122856
"HG2566-HT4867_at",1126.69248075703,4048.68908648131,1.97914205209767,0.0550793587508973,0.337709386045744,-4.59445181018502
"S81578_at",367.058029102484,-139.875918932457,1.9788539792028,0.05511307749236,0.337709386045744,-4.59445205316899
"J04599_at",714.511324122112,1236.5030092845,1.97866486764057,0.0551352226014989,0.337709386045744,-4.59445221266891
"U38227_s_at",-385.873289659457,-266.797400882069,-1.97858116057947,0.0551450272246133,0.337709386045744,-4.59445228326583
"X56494_at",-1899.77637734656,5080.26779221756,-1.97840287186297,0.0551659152509078,0.337709386045744,-4.59445243362486
"U49352_at",-251.271507269102,-178.239492064148,-1.97835106317272,0.0551719863614207,0.337709386045744,-4.5944524773159
"X52882_at",-6075.85375234509,18026.2945467571,-1.97729395833838,0.0552959878376319,0.338178121157936,-4.59445336863167
"U38896_at",-161.976259503256,-698.400050974814,-1.97639029032951,0.0554021821208376,0.338465869362226,-4.5944541303378
"X63468_at",-380.392154455274,-581.068440709961,-1.97608612300759,0.0554379659816408,0.338465869362226,-4.59445438667277
"M64936_at",381.561739827834,-88.2747054318317,1.97461491414848,0.0556113296121726,0.339199646929621,-4.59445562617471
"D31846_at",776.210399724001,3290.02835483963,1.97329391507546,0.0557673928385072,0.339199646929621,-4.59445673863013
"M93311_at",-1416.62897843002,2576.57169511116,-1.97314444803337,0.055785074784562,0.339199646929621,-4.59445686447163
"M33478_at",-327.556136934268,-1141.96712527479,-1.97288676747776,0.0558155697867933,0.339199646929621,-4.5944570814078
"L01664_at",369.18769679866,-552.078773986407,1.9724321322737,0.0558694084386427,0.339199646929621,-4.59445746411278
"X13967_at",-336.108692995874,-159.900955243551,-1.97241222709894,0.0558717666695853,0.339199646929621,-4.59445748086738
"U26032_at",-124.982088011291,-613.086136707671,-1.97210500573403,0.0559081751200334,0.339199646929621,-4.5944577394486
"HG3998-HT4268_at",-191.603906107746,-864.470973986699,-1.97184766493342,0.0559386880927267,0.339199646929621,-4.594457956027
"M19309_s_at",159.533114024812,-729.853480065366,1.97006065997678,0.056150971790729,0.340197603941961,-4.59445945948261
"L11702_at",-1166.40043208791,2216.60520983494,-1.96864684509364,0.0563194169446697,0.340864511801294,-4.59446064835535
"D28539_s_at",342.15496720843,-530.665573341905,1.9683348437846,0.0563566483541895,0.340864511801294,-4.59446091064393
"U70323_at",-244.62391094799,105.457357260341,-1.96768102934543,0.0564347377465163,0.34101381512242,-4.59446146019787
"D87459_at",-202.144351484075,-564.959503247177,-1.96692596228921,0.0565250369156578,0.34101381512242,-4.59446209471501
"D38251_s_at",-248.805615826171,-855.092032503188,-1.96686966202558,0.0565317749226564,0.34101381512242,-4.59446214202053
"X62891_s_at",-542.70181660041,-858.747366898729,-1.96652851171961,0.0565726186074635,0.34101381512242,-4.5944624286491
"U40572_at",-213.746594357357,-698.29677163747,-1.96499910005905,0.0567560390076195,0.341471122487436,-4.59446371324875
"D30036_at",276.145075527134,139.747001067959,1.96480857633351,0.0567789242763843,0.341471122487436,-4.59446387323128
"J04794_at",-1217.52665907934,2415.38448918818,-1.96465732537153,0.056797097875849,0.341471122487436,-4.59446400022954
"AB003103_at",-145.053179179351,-536.184808202802,-1.96430022296912,0.0568400255774206,0.341471122487436,-4.59446430004703
"U49070_at",-402.465148758482,863.062235312813,-1.96269230503986,0.0570336631738534,0.342107310900788,-4.59446564960286
"HG4128-HT4398_at",-294.880859376696,-972.751708249336,-1.96257424337942,0.0570479035069873,0.342107310900788,-4.59446574866672
"M37190_at",-495.179503941312,1013.93053968312,-1.96222665129227,0.0570898471423275,0.342107310900788,-4.59446604030444
"HG3996-HT4266_at",-3021.51013639044,3602.55170566253,-1.95932123027485,0.0574414861025353,0.34392547220586,-4.59446847674122
"S69265_s_at",319.904352162264,14.2896908175102,1.95852437910603,0.0575382544618395,0.344215849469276,-4.59446914456782
"X99226_at",-645.236637140536,451.629357379824,-1.95804440264603,0.0575966100313171,0.344276132550982,-4.59446954674441
"HG3088-HT3263_at",-174.873548100748,-445.170533206109,-1.95725390522462,0.0576928302688699,0.344311066904711,-4.59447020897316
"U60644_at",3261.77594403107,-10.0731484928137,1.95720307715765,0.0576990218694615,0.344311066904711,-4.5944702515479
"M16801_at",-181.779998385745,-769.965602665859,-1.95671896470352,0.0577580226234878,0.344374965993388,-4.59447065701636
"M60299_at",380.909693522904,-717.303360218056,1.9557416942735,0.0578772854266364,0.344797763055425,-4.59447147533556
"D61391_at",-366.617140803834,-864.173863306836,-1.95416983696222,0.0580695560068343,0.345654427282751,-4.59447279098914
"U09825_at",-1494.21381674538,4536.06204224907,-1.95351865810442,0.0581493701293765,0.345840832687727,-4.59447333583286
"X13255_at",-1753.99847382952,3394.31672962739,-1.95285920286498,0.0582302952404734,0.346033529466513,-4.59447388748394
"D83017_s_at",-334.428276115141,-160.678691005671,-1.94881187168673,0.0587290975343849,0.34870707287069,-4.5944772705856
"U38964_s_at",-324.70694847157,142.722076387191,-1.94836902444506,0.0587838982873899,0.348742078774856,-4.5944776404837
"J02611_at",306.915950793659,797.315862467743,1.94725211840291,0.0589223074959334,0.348896321651213,-4.59447857316672
"HG627-HT5098_s_at",1177.75555746822,4.98103204352939,1.94653110616672,0.0590118060889817,0.348896321651213,-4.59447917507386
"X67698_at",1001.99362842054,110.831695924588,1.94540942493413,0.0591512725963019,0.348896321651213,-4.59448011118038
"M20867_s_at",1443.60621771984,245.828962587487,1.94531691240406,0.0591627880158778,0.348896321651213,-4.59448018837197
"X85137_s_at",-751.463450384163,801.85627789364,-1.94488694839036,0.0592163328177128,0.348896321651213,-4.59448054709916
"L19686_rna1_at",-3575.0054105562,6476.26395479442,-1.94475599815194,0.0592326487770092,0.348896321651213,-4.59448065634341
"X77366_at",-182.968383205147,-643.797922033842,-1.94424722184555,0.0592960774121183,0.348896321651213,-4.59448108074162
"X73079_at",-467.182411827369,515.19291666227,-1.9438383483097,0.0593470937324628,0.348896321651213,-4.5944814217541
"M12886_at",-8135.68400284105,6912.24716857925,-1.94309827041491,0.0594395316773581,0.348896321651213,-4.59448203888425
"D26067_at",-185.331552592132,-314.263699416804,-1.94284030355338,0.0594717816908951,0.348896321651213,-4.5944822539603
"X69090_at",-262.760783688862,-1094.61356250634,-1.94270430799047,0.059488789402646,0.348896321651213,-4.59448236733724
"S81264_s_at",350.301919131205,110.647865885429,1.94247641816159,0.0595172988896335,0.348896321651213,-4.59448255731333
"X03794_s_at",215.244991915311,-588.105091062884,1.9421198149065,0.059561934341703,0.348896321651213,-4.5944828545604
"L06505_at",3313.90678075213,24295.1093685181,1.94163950658913,0.0596220993899709,0.348896321651213,-4.59448325486686
"X87241_at",-398.278109588843,-126.59856577566,-1.94134936005193,0.05965846951988,0.348896321651213,-4.59448349665491
"M54995_at",-1148.20028718192,76.1012865933218,-1.94129707490831,0.0596650255441306,0.348896321651213,-4.59448354022328
"X63753_at",-356.369459319994,485.91658673444,-1.94125959222608,0.0596697258729444,0.348896321651213,-4.59448357145653
"U44799_s_at",253.028695161377,-718.016698587812,1.94109333726007,0.0596905780976693,0.348896321651213,-4.59448370998741
"S38742_s_at",-441.824080665126,-237.037778724219,-1.94006030453855,0.0598202852300379,0.349118038210001,-4.59448457058525
"D31763_at",-165.683460141408,-673.957527065896,-1.94001144645865,0.0598264258438678,0.349118038210001,-4.59448461128064
"D87442_at",638.57471320758,1279.19395252264,1.93856218999427,0.0600088196101022,0.349896069206573,-4.5944858181123
"L46720_s_at",224.191282602117,-354.032470858464,1.93782895179833,0.0601012825862427,0.350148893890929,-4.59448642847795
"X57303_at",-454.088150668558,-467.645925214513,-1.9357125482101,0.0603688549670176,0.350996803394471,-4.59448818939507
"U59632_s_at",325.554561969793,-721.983232721844,1.93548013034281,0.0603983015303278,0.350996803394471,-4.5944883826992
"U04270_at",-153.114801239581,-515.567513064723,-1.93497635873452,0.0604621701967929,0.350996803394471,-4.59448880163969
"L32832_s_at",1807.46400682354,1023.82772695008,1.93488976448699,0.0604731545617248,0.350996803394471,-4.59448887364512
"L23852_at",179.903771598852,-540.441996252913,1.93473391453639,0.0604929282529526,0.350996803394471,-4.5944890032333
"M77810_at",-660.377807441626,466.339357213789,-1.93382343082393,0.0606085585959289,0.351381814103715,-4.59448976016052
"Z17240_at",744.920054326101,-65.0499272845393,1.93337574841675,0.0606654835319519,0.351426127592485,-4.59449013225576
"U33821_at",1035.23135083765,2409.08421628552,1.93287281506874,0.0607294888221999,0.351511351291483,-4.59449055020736
"D49396_at",-204.326384924777,-330.717146073214,-1.9323429932708,0.060796978959324,0.351616591207575,-4.5944909904285
"D50810_at",-167.935902118174,-808.319203874173,-1.93118728922726,0.0609444198838561,0.352183677627048,-4.59449195041701
"M21186_at",3112.9453241032,1457.23233920928,1.93006019600941,0.0610885072587901,0.352730481993872,-4.59449288628436
"U29175_at",-1283.2253729356,-2390.73234598291,-1.92851989369789,0.061285893544758,0.353583905232742,-4.59449416468638
"L34155_at",-282.562234576339,-1006.44086608669,-1.9270649478638,0.0614728456700167,0.354236200916523,-4.59449537164195
"U76764_s_at",908.589436173766,-257.546198059918,1.92659123132623,0.0615338213542471,0.354236200916523,-4.59449576448864
"X95808_s_at",1007.95457511722,-141.679736875696,1.92587342426004,0.0616263150085426,0.354236200916523,-4.59449635963771
"D84145_at",182.738591692803,-468.679868322205,1.92580911857149,0.0616346070112395,0.354236200916523,-4.59449641294795
"AF000177_at",-235.885875049251,-536.451666708371,-1.92538560468602,0.0616892416965945,0.354236200916523,-4.59449676401772
"J04056_at",-210.316562724966,-999.646150689521,-1.9253254312543,0.0616970076480608,0.354236200916523,-4.59449681389415
"U00238_rna1_at",514.7189466968,-243.280062511337,1.92384906905329,0.0618878099090506,0.355045834643153,-4.59449803730346
"M95585_s_at",-406.436255960052,-313.572103226212,-1.92343940064824,0.0619408445867042,0.355064439507868,-4.59449837667394
"L25851_at",-681.943920328334,440.965225607443,-1.92182388245463,0.0621503669679904,0.3559793308022,-4.59449971451916
"X12876_s_at",3186.39957749766,2942.30351928957,1.91699671019979,0.0627800563751486,0.35929741734445,-4.59450370767498
"J04430_s_at",-825.451556547279,1100.29430842355,-1.91654896941632,0.0628387397446785,0.359344870183883,-4.5945040777279
"U94832_at",765.252882045256,-287.532977414838,1.91577260306954,0.0629406063545083,0.359638993520832,-4.59450471925363
"L15189_s_at",-4323.53794441689,2085.27146568568,-1.91521723628883,0.0630135627815244,0.359767587025661,-4.59450517806006
"D80010_at",-226.433161122066,-517.338539101216,-1.91424223968677,0.0631418201906452,0.360211455823593,-4.59450598332772
"M74826_at",-2812.2753170454,2280.9760112486,-1.91244541324882,0.0633787741594684,0.361274211455771,-4.59450746666322
"D13666_s_at",-775.039420339033,161.570217382469,-1.911438303463,0.0635119191443628,0.361497691560138,-4.59450829766803
"X12794_at",-405.817750708125,881.428465794979,-1.91138201986702,0.0635193672030365,0.361497691560138,-4.5945083441014
"M95809_at",340.973411325634,-426.42565972771,1.91064704426511,0.0636166960702968,0.361719493385712,-4.59450895036691
"V00503_at",-189.066618271752,-696.723872686547,-1.910151819305,0.0636823482562286,0.361719493385712,-4.5945093587819
"U15009_at",-4069.60233023247,14093.6108911402,-1.90991701994269,0.0637134960380196,0.361719493385712,-4.5945095523983
"AF002020_at",-180.31392598211,-374.047562253286,-1.90925922376756,0.0638008269930024,0.361719493385712,-4.59451009473704
"X51698_s_at",-350.193952615862,-942.800907646524,-1.90881526617574,0.0638598261918834,0.361719493385712,-4.59451046070185
"AB000468_at",-671.907813436732,228.991992074081,-1.90876642530588,0.0638663196988802,0.361719493385712,-4.59451050095917
"X52979_rna1_s_at",-1923.27312277121,5983.94347374677,-1.90811652955231,0.0639527788274142,0.361719493385712,-4.59451103657501
"M22638_at",-363.054263065417,-710.544481906959,-1.90803118724997,0.0639641398344388,0.361719493385712,-4.59451110690162
"X78520_at",-172.130423710057,-931.862043944999,-1.90755481766894,0.0640275873276107,0.361791382910611,-4.59451149941797
"D13146_cds1_at",710.209842235309,-444.978025577835,1.90557856824328,0.0642913806224997,0.362831776691773,-4.59451312711577
"HG3117-HT3293_at",199.712550260342,-1187.02766473545,1.90541338644932,0.064313471566176,0.362831776691773,-4.59451326311467
"U68727_at",-341.689399508642,-87.4039882032555,-1.90484889610669,0.0643890140804711,0.362970797950861,-4.59451372781776
"AC002073_cds1_at",216.096583301413,-525.068967185862,1.90432387380463,0.0644593431504325,0.36307364965342,-4.59451415994922
"Y00486_rna1_at",6462.2038050867,16631.5158873083,1.90395280613805,0.0645090890633688,0.36307364965342,-4.59451446531803
"X94910_at",352.357144662124,844.004453103655,1.90215125583913,0.064751076202844,0.364148205364732,-4.59451594734595
"M91438_at",-945.32052081142,839.886950780184,-1.90116456712619,0.0648839395757268,0.364607859034285,-4.59451675864799
"X04898_rna1_at",1228.5640943727,1276.41845635779,1.90026923574548,0.0650047034581138,0.364774006866454,-4.59451749459395
"Y07755_at",-171.801894908752,-830.841798107536,-1.90018694215169,0.0650158130314491,0.364774006866454,-4.59451756222641
"Y09216_at",-343.553816882272,-294.224771181273,-1.89945750485547,0.06511435772422,0.365039689411488,-4.59451816162618
"U96131_at",-368.888097696809,-942.806929746288,-1.8977745320844,0.0653422108694296,0.365583424490198,-4.59451954399995
"X03350_at",-746.324631608395,-286.872099699192,-1.89745291458119,0.0653858315098056,0.365583424490198,-4.59451980808157
"M84371_rna1_s_at",4472.46419771176,1922.89447743415,1.89707054281317,0.0654377246690865,0.365583424490198,-4.59452012201072
"D83018_at",226.376482214586,260.620801317294,1.89696196387471,0.0654524667738315,0.365583424490198,-4.59452021114703
"M94880_f_at",7820.39926416865,8190.18745511741,1.89684992977725,0.0654676809807857,0.365583424490198,-4.5945203031163
"M24594_at",387.351265372403,151.673474156208,1.89543598741965,0.0656599547739008,0.366195593112061,-4.59452146352224
"U56976_at",-437.316971454188,-1114.32338936261,-1.89528869719131,0.0656800117221043,0.366195593112061,-4.59452158436904
"U68488_at",-649.727377742749,481.206237859266,-1.8945084803545,0.0657863437675557,0.366197460477186,-4.59452222440879
"L43631_at",-554.447313572948,882.44096752573,-1.89422177436289,0.0658254546137393,0.366197460477186,-4.5945224595606
"M29204_at",-186.663484210413,-856.877651488876,-1.89415618084328,0.0658344053192754,0.366197460477186,-4.59452251335611
"U04735_at",172.00734626861,-535.868147135897,1.89262814134312,0.0660432125863628,0.366451486498997,-4.59452376620868
"D10537_s_at",-1856.03548988593,-1875.93788394007,-1.89261441982643,0.066045090205188,0.366451486498997,-4.59452377745606
"L07515_at",-198.943872394624,-536.309736682681,-1.89233504977015,0.0660833284669724,0.366451486498997,-4.5945240064412
"U01691_s_at",493.819488612485,126.820853938896,1.89231825538764,0.0660856277713799,0.366451486498997,-4.59452402020598
"X62534_s_at",1360.14533294469,424.978233753782,1.89191030853771,0.0661415004784723,0.366476332487946,-4.59452435453708
"L37127_at",-755.865851732486,421.081346960325,-1.89115243625338,0.0662454066612029,0.36676707678652,-4.59452497552261
"U32519_at",-402.107163098627,185.573466674563,-1.88924188323154,0.0665079689609101,0.367935086625485,-4.59452654026727
"M22898_at",-247.350566432137,-9.66846689933627,-1.88546751478262,0.0670292904538221,0.370412156794919,-4.59452962842424
"M63379_at",1162.9219568722,859.028038384767,1.88524875969507,0.0670596121753246,0.370412156794919,-4.59452980728333
"HG3546-HT3744_s_at",-458.707729381357,-370.892051845577,-1.8844595660387,0.0671691001813113,0.370729762688027,-4.59453045243236
"M19961_at",1477.68496578595,2444.73020081113,1.8833631866232,0.0673214591576953,0.371134316989028,-4.59453134840409
"M13150_s_at",-421.797758286562,-766.146064577632,-1.88318328120148,0.0673464880358719,0.371134316989028,-4.59453149539172
"U37221_at",441.966140976786,-1264.7953637806,1.88183122155547,0.0675348447266792,0.371201641005949,-4.5945325997653
"D86979_at",-411.129457153518,806.73250329153,-1.88166594117167,0.0675579009739024,0.371201641005949,-4.59453273473184
"L76571_at",211.040485296843,-865.069130148903,1.88087528485957,0.0676682889460924,0.371201641005949,-4.59453338026687
"HG3962-HT4232_at",-411.92925778041,-2141.80880331093,-1.88077188790524,0.0676827361767388,0.371201641005949,-4.59453346467257
"U66033_at",-1210.35523309803,388.651173645495,-1.88072434710625,0.0676893797421365,0.371201641005949,-4.59453350348037
"M62994_at",190.668719225688,-967.304748320945,1.88048320070109,0.0677230872176048,0.371201641005949,-4.59453370031945
"X52943_at",-950.552341918136,1807.69609889635,-1.87998121845298,0.0677933004094117,0.371301094638644,-4.594534110016
"D50525_at",-348.546850637204,233.419066637206,-1.87951101202474,0.0678591255176152,0.371376380710755,-4.59453449371303
"M74091_at",-222.256582453349,-391.118400496796,-1.87866117982944,0.0679782338368729,0.371406407690378,-4.59453518703091
"L13939_s_at",951.656655803739,90.1196351608254,1.87836012707927,0.0680204707742224,0.371406407690378,-4.59453543258887
"U24488_s_at",-4185.45560221485,2109.53978530571,-1.87835733776105,0.0680208622133828,0.371406407690378,-4.5945354348639
"X84003_at",-134.731491432208,-497.993850698585,-1.87773812361048,0.0681078073585768,0.371530107530372,-4.59453593985255
"X65614_at",-301.797382877654,-531.437244747079,-1.87736513935608,0.0681602246914618,0.371530107530372,-4.59453624397989
"U19251_s_at",1002.90027643095,61.3950895125109,1.87708356053849,0.0681998192058978,0.371530107530372,-4.59453647354979
"L77561_at",256.864499432455,93.7818672698025,1.87444870625916,0.0685712758638963,0.372982499573428,-4.59453862063115
"U90919_at",235.352897174157,-439.280148659401,1.87366349787736,0.0686823068662849,0.372982499573428,-4.59453926009335
"HG4340-HT4610_at",-2534.63730763556,5221.36777865004,-1.87353519807891,0.068700463465197,0.372982499573428,-4.59453936456198
"M17754_at",-8390.37020079806,33475.5536071535,-1.87305751645612,0.0687680995849909,0.372982499573428,-4.59453975347451
"J04611_at",-855.663934417775,1550.94904505733,-1.8730300153083,0.0687719952717355,0.372982499573428,-4.59453977586304
"Z83735_at",705.295930823087,470.21480606952,1.87291176522036,0.0687887481864627,0.372982499573428,-4.59453987212726
"M87434_at",-253.45883639203,-47.91500421919,-1.87225299163217,0.0688821428378415,0.372982499573428,-4.59454040834354
"L12711_s_at",1652.55218984917,645.011838147954,1.87223382203191,0.0688848621425052,0.372982499573428,-4.59454042394498
"HG4704-HT5146_at",197.328769822845,-360.422787646668,1.87021063995615,0.0691723767923134,0.37362013856903,-4.59454206994463
"U10324_at",-1808.14372212274,5412.62359826106,-1.87000605150255,0.0692015078598767,0.37362013856903,-4.59454223632593
"AF000562_at",502.957830483599,1657.30993212408,1.87000268088918,0.0692019878845762,0.37362013856903,-4.59454223906697
"U50839_at",-186.460191879602,-271.392053129204,-1.86993097392454,0.0692122006800854,0.37362013856903,-4.59454229737965
"U17032_at",-278.600485615947,-1022.83579078033,-1.86945132798001,0.069280546897096,0.373706187536454,-4.5945426873934
"M94172_s_at",-477.5138286482,840.883046044914,-1.86740263936392,0.0695731199437932,0.375000694118813,-4.59454435249308
"U51903_at",-844.30053900845,846.978440361161,-1.86679743278104,0.0696597510077504,0.375184051689024,-4.59454484415112
"X95735_at",1371.243666436,-280.940072494053,1.86599838210313,0.0697742705162534,0.375517224944455,-4.59454549312221
"X53586_rna1_at",1736.6587979403,1452.56424724901,1.86303473889252,0.070200422456484,0.377115573565205,-4.59454789851423
"D85939_at",433.3875816541,-802.242204698265,1.86275165067864,0.07024124457747,0.377115573565205,-4.59454812814504
"HG1227-HT1227_s_at",-1821.79338235594,3032.82161116897,-1.86256599444298,0.0702680277259316,0.377115573565205,-4.59454827873
"M73780_at",307.14457291094,-84.232886897247,1.86246366950883,0.0702827930540116,0.377115573565205,-4.59454836172103
"Y10275_at",-538.107307452544,-1000.83240099033,-1.86186472564319,0.0703692728143341,0.377295702585727,-4.59454884743589
"X73478_at",-1683.91277508165,3353.15042792379,-1.86091737729494,0.0705062429971982,0.377746069731796,-4.59454961547778
"U82613_at",-272.766749143244,-610.242682196703,-1.86018141723182,0.0706128069665242,0.37803297783655,-4.59455021196157
"U34301_r_at",555.308816600608,-1113.29464801692,1.85935385802932,0.0707327981381359,0.378369365152619,-4.59455088249722
"D10995_at",283.200569899878,-4.20280594445485,1.85896387281139,0.0707894039233716,0.378369365152619,-4.59455119841653
"U00672_at",-181.497170411254,-501.02435510416,-1.85859835620749,0.0708424931856303,0.378369365152619,-4.5945514944742
"M10058_at",-586.822542064709,-2302.07133436798,-1.8582860560721,0.0708878799388444,0.378369365152619,-4.59455174739735
"L02547_at",-134.098488979118,-763.296961851288,-1.85575434461091,0.0712567308374433,0.379888186564899,-4.5945537967129
"D86965_at",609.607946736347,2078.11131210426,1.85547410763118,0.0712976595807979,0.379888186564899,-4.59455402343848
"X84707_rna1_at",-1285.03318546465,461.867635026941,-1.85523736892406,0.0713322509900995,0.379888186564899,-4.594554214954
"U80184_rna1_at",484.863985059517,50.3930730425669,1.85411910731539,0.0714958407474549,0.380475254007538,-4.59455511937815
"U88629_at",357.373399744154,138.451339212421,1.85236753464987,0.0717527195800731,0.381557526715512,-4.59455653527708
"U65406_rna4_at",257.014756863838,-646.611948189292,1.85122159161306,0.0719212042094834,0.381961569964247,-4.59455746112573
"HG1686-HT4572_s_at",609.244801490392,318.542598715347,1.85093952697852,0.0719627269785474,0.381961569964247,-4.59455768895711
"X02958_at",-2455.80978137012,1787.98281538086,-1.8506029787129,0.0720122969996364,0.381961569964247,-4.59455796076603
"X89059_at",-303.582048491351,-394.553015504669,-1.84983361022599,0.072125726114479,0.381961569964247,-4.59455858201238
"K01160_s_at",-2922.93591866202,2179.9448831778,-1.84879680016679,0.0722788251475265,0.381961569964247,-4.59455941893763
"S62696_s_at",-290.134533091463,-650.399941834151,-1.84862484132647,0.0723042439272928,0.381961569964247,-4.59455955771443
"X15357_at",-3000.05820992943,8044.6460594863,-1.84853719935888,0.0723172020007437,0.381961569964247,-4.59455962844124
"U13022_at",338.044213158772,-707.110062502704,1.84841419973632,0.0723353911218752,0.381961569964247,-4.59455972769778
"HG613-HT613_at",-3041.06579253872,31781.4812806786,-1.84830375956726,0.0723517262757447,0.381961569964247,-4.5945598168155
"D87119_at",-650.831237760409,35.0530202327918,-1.84821852017883,0.0723643361410319,0.381961569964247,-4.59455988559546
"U44975_at",1822.84533190317,3275.73825373464,1.84774463893888,0.072434473747835,0.382048988384476,-4.59456026793311
"M63256_at",-311.372403778882,173.833392916575,-1.84708781150401,0.0725317843011661,0.382279492868895,-4.59456079776703
"X77533_at",-198.077654687567,-1078.07800264361,-1.84604238236863,0.07268689660617,0.382814076586853,-4.59456164080836
"D80009_at",-288.927597096901,-378.558741149335,-1.84544989952612,0.0727749296727779,0.382904350691511,-4.5945621184485
"U16861_at",-709.08154623985,232.659113834805,-1.84520443009488,0.0728114289072624,0.382904350691511,-4.59456231630772
"U29607_at",-3061.97213414974,10661.364541896,-1.84480788983174,0.0728704240057554,0.382932198662521,-4.59456263589938
"M73547_at",-204.573598418067,-498.091935012667,-1.84218382689112,0.0732618436989334,0.384705601927168,-4.59456474960048
"U11690_at",-143.778125687862,-571.065881141052,-1.8418061261895,0.0733183305775718,0.384718922258032,-4.59456505367459
"U78793_at",289.184242919265,-464.11466300844,1.84136132311891,0.0733849004163324,0.384785091815343,-4.59456541171682
"M34996_s_at",578.984480645046,-240.955362770377,1.84042492510929,0.0735252110479771,0.385008690730634,-4.59456616527609
"U43077_at",566.440713168347,1372.77526331953,1.84035614486703,0.0735355261218795,0.385008690730634,-4.59456622061631
"X78678_at",-313.807592864002,-445.382017923943,-1.83924708153446,0.0737020239372632,0.385597309388572,-4.59456711277065
"HG2463-HT2559_at",502.720034433007,589.096400662539,1.83814920246454,0.0738671582681501,0.385716299022996,-4.59456799557156
"X70991_at",-2467.43020772217,4310.97271493247,-1.83809068231006,0.0738759692310637,0.385716299022996,-4.59456804261746
"M58525_s_at",453.874601807256,764.871325861309,1.83801717806553,0.0738870375074201,0.385716299022996,-4.59456810170803
"D26070_at",-696.736179755343,757.242628790389,-1.83764128320313,0.0739436618301538,0.385729519027671,-4.59456840386764
"X87212_at",275.499275346225,-411.04516975332,1.83635424934127,0.0741378183833785,0.386238488018016,-4.59456943812257
"HG2600-HT2696_at",-406.944632932099,-1116.68821739107,-1.83596180085966,0.0741971076457596,0.386238488018016,-4.59456975339533
"L23333_s_at",524.753086611964,-321.966751151989,1.83591804759855,0.0742037201773498,0.386238488018016,-4.59456978854162
"M37104_at",-2597.63871027382,7073.1346972469,-1.83414688594836,0.0744718206656152,0.387083563191653,-4.59457121081282
"Z78285_f_at",248.459078340633,-534.991139791695,1.83382800425003,0.0745201770537958,0.387083563191653,-4.59457146678156
"X61755_rna1_s_at",933.601172109549,-13.2410857782877,1.83377036501052,0.0745289205247707,0.387083563191653,-4.59457151304581
"L19067_at",520.717940894052,1155.14201834624,1.83330833543316,0.0745990386860957,0.387108247785287,-4.59457188385926
"Z70222_at",-399.447245138317,-294.034419872184,-1.88299153770362,0.0675814706515433,0.371201641005949,-4.59457191487724
"AF005043_at",-125.10539753142,-648.979087837259,-1.83302382747546,0.0746422438234147,0.387108247785287,-4.5945721121669
"X70083_at",826.95809094208,-1100.72376018234,1.8307858958749,0.074982835866914,0.388438563446837,-4.59457390719382
"AFFX-HSAC07/X00351_3_st",-1873.0446325619,3436.12206640501,-1.83062286545045,0.0750076990416905,0.388438563446837,-4.59457403790131
"L34060_at",344.800035411935,153.213463675809,1.82945524846565,0.0751859727094542,0.388855932059072,-4.5945749737928
"M25164_at",420.656704142052,-568.037618428326,1.82926094758138,0.075215673766411,0.388855932059072,-4.5945751294935
"AFFX-HUMGAPDH/M33197_5_at",8168.41913694389,36263.4417747052,1.82866773501017,0.075306414552458,0.388855932059072,-4.59457560478814
"U66838_at",694.907652678146,-208.245425709957,1.82738767321149,0.0755025358732185,0.389354733642545,-4.5945766300457
"D00632_at",320.759686204918,-74.5943138065249,1.82688454624861,0.0755797397339704,0.389354733642545,-4.59457703288907
"L42601_f_at",325.208160687217,-243.3394466728,1.82677315624656,0.0755968413690557,0.389354733642545,-4.59457712206659
"L13994_at",-243.541166582484,-1504.8347870488,-1.82661313938401,0.0756214144011955,0.389354733642545,-4.59457725016776
"X54942_at",-524.607752039436,239.114710309961,-1.82543914871722,0.0758019059431112,0.389912708813876,-4.59457818977108
"U48865_s_at",-479.415303250831,-720.65433922737,-1.82519724033085,0.075839142774484,0.389912708813876,-4.59457838333158
"M68840_at",-275.888476368861,70.7527644224187,-1.82476443659807,0.0759058027454643,0.389974264681488,-4.59457872959165
"U10362_at",-567.80293888515,-480.673513697247,-1.82407038955405,0.0760128028906871,0.390109185340735,-4.59457928474046
"L35594_at",236.971235277061,-560.144454443584,1.82362989279544,0.0760807799313983,0.390109185340735,-4.59457963700721
"X04085_rna1_at",1883.78147493809,663.284429436051,1.82353012983092,0.0760961824160653,0.390109185340735,-4.59457971677998
"M37815_cds1_at",-1313.9353911986,1527.52143303545,-1.82253697638645,0.0762496604422458,0.390615178601764,-4.59458051076694
"Z69720_at",-171.023863779446,-589.590853413822,-1.83016994599933,0.0752895543828503,0.388855932059072,-4.59458158156471
"U31216_s_at",-207.15051487414,-1156.23054881849,-1.82030059571063,0.0765962231868487,0.39118343489725,-4.59458229759005
"HG2525-HT2621_at",291.589345078607,327.152071449117,1.82015828520143,0.0766183215810822,0.39118343489725,-4.59458241124286
"M68516_rna1_at",-305.127180212968,-1538.30088360323,-1.82007490511935,0.0766312715960758,0.39118343489725,-4.59458247782952
"U03100_at",316.344491942968,-668.028695230173,1.81958351367421,0.0767076287953732,0.39118343489725,-4.59458287020867
"J02973_rna1_at",301.807258068519,-1206.12813671503,1.81944693579565,0.0767288630492191,0.39118343489725,-4.59458297925418
"X83543_at",-272.475261665916,-521.077908583378,-1.81868920853671,0.0768467601484011,0.39118343489725,-4.59458358413216
"AF005037_at",-108.122984947433,-721.552068227028,-1.81855435772651,0.0768677580829958,0.39118343489725,-4.59458369176282
"J04088_at",-354.332039872272,128.317322829362,-1.81836039663829,0.0768979687437528,0.39118343489725,-4.5945838465626
"Z29067_at",-455.592097255104,101.59969362285,-1.81835799600062,0.076898342721218,0.39118343489725,-4.59458384847848
"D14889_at",205.938388151969,218.911976036128,1.8181971088631,0.0769234096435799,0.39118343489725,-4.5945839768734
"U28749_s_at",371.762082620482,-920.030300091179,1.81793661418783,0.0769640105400142,0.39118343489725,-4.59458418474309
"X81625_at",1721.25435849746,678.271667694684,1.81652073308144,0.0771850085632997,0.391850835191968,-4.59458531423441
"L76568_xpt3_f_at",537.112052172592,761.810144252535,1.81639141511212,0.0772052199473728,0.391850835191968,-4.59458541736543
"L37882_at",-163.376891751648,-757.304568772758,-1.81540326132209,0.077359808715031,0.392356184883987,-4.59458620525267
"M35999_at",555.963346623563,-662.307312924336,1.81441339170101,0.0775149287161325,0.392559216735414,-4.5945869942153
"M28210_at",405.587145896004,-16.6432618479543,1.81431925784856,0.0775296939056042,0.392559216735414,-4.59458706922819
"M31951_at",-340.452560203868,-444.23941238711,-1.81409429950226,0.0775649889749262,0.392559216735414,-4.59458724848109
"M31642_at",-3030.2974794313,5197.17787189229,-1.81355235972456,0.0776500730526676,0.392711114140832,-4.59458768025118
"X72632_s_at",433.347773311671,-637.537877283104,1.81255301909226,0.0778071759263817,0.393226769334534,-4.59458847620762
"U15932_at",-283.503276103052,505.423875852969,-1.81203960220565,0.0778879930118932,0.393307567542461,-4.59458888501842
"D82345_at",-703.610276722658,52.6850142785512,-1.81175087674305,0.0779334725757254,0.393307567542461,-4.59458911488284
"X17622_at",-1102.07390450179,2164.16253038967,-1.8112403444343,0.0780139458166612,0.393435252912738,-4.59458952127428
"J05073_at",-200.313653992681,-987.729766627095,-1.81067688677613,0.0781028431261187,0.393605211542298,-4.5945899697044
"X82207_at",-1465.90000905269,1972.18104029803,-1.81018783098406,0.0781800714707598,0.393716165012704,-4.5945903588443
"X66610_at",-314.469208744872,-260.42725697588,-1.80884558204109,0.0783923624407731,0.394048138525344,-4.59459142649809
"U16031_at",411.113136605832,-156.940754580238,1.80881224965069,0.0783976405149004,0.394048138525344,-4.59459145300452
"X92762_at",212.075356570499,-477.791085712889,1.80797365358895,0.0785305284228104,0.394048138525344,-4.59459211975901
"M81886_s_at",-211.748813673068,-898.07514058112,-1.80795023515207,0.0785342421532023,0.394048138525344,-4.59459213837561
"L21993_at",-501.475120287174,-1743.39214123206,-1.80712368550582,0.0786654128287961,0.394048138525344,-4.59459279533963
"U14528_at",-135.635989895157,-639.051150652986,-1.80706664578435,0.0786744716753717,0.394048138525344,-4.59459284066877
"M26041_s_at",1010.59020328651,-803.991777400214,1.80675294597731,0.0787243081428002,0.394048138525344,-4.59459308994673
"D25547_at",363.719384849904,550.850165308656,1.80646129329871,0.0787706660086929,0.394048138525344,-4.59459332167866
"M96995_s_at",766.77698244689,-101.947728236023,1.80635499016747,0.0787875685134145,0.394048138525344,-4.59459340613519
"U78313_at",-338.963805207309,-892.7973429269,-1.80628577224924,0.0787985760113786,0.394048138525344,-4.59459346112615
"U44378_at",-157.557664637624,-484.671327381745,-1.80545651658926,0.0789305509915184,0.39423987914589,-4.59459411982564
"U28014_at",-538.323358661155,331.365912295404,-1.80535016975818,0.0789474894713688,0.39423987914589,-4.59459420428475
"J02621_s_at",-7628.77111814129,19689.32816841,-1.80461696901105,0.0790643543137597,0.394547173276012,-4.59459478648949
"X85178_at",-248.565071259306,-717.238842446621,-1.80383618026205,0.0791889650200405,0.39489266402651,-4.59459540630396
"Y00433_at",5168.17202888216,2162.81189166745,1.80293439280015,0.0793330932516858,0.395055907274092,-4.59459612194245
"U28131_at",438.834297164467,-211.741175482495,1.80252718602929,0.0793982477453138,0.395055907274092,-4.59459644501237
"M96326_rna1_at",1735.54629277188,-137.449307348397,1.80242896628,0.079413970015291,0.395055907274092,-4.59459652293053
"D85433_at",-148.728081633412,-431.27768413933,-1.80224578181587,0.0794432998220514,0.395055907274092,-4.59459666824378
"D29642_at",-431.946419933358,97.5311583774448,-1.80124877623653,0.0796030917530693,0.395574667101838,-4.59459745895292
"L33243_at",-473.374918589375,-487.678232887514,-1.80036676146446,0.0797446802833887,0.396002308566048,-4.59459815821466
"X57351_s_at",1794.53313659384,483.076578545822,1.79899454423356,0.0799653833987455,0.396645398996522,-4.59459924564217
"U30999_at",331.792934098823,-434.358204405003,1.79887007879016,0.0799854275356891,0.396645398996522,-4.59459934424794
"U09578_at",-324.380124679803,233.040893763104,-1.79825941147526,0.0800838320067436,0.396702867285864,-4.59459982797158
"AC000064_cds1_at",274.664282423583,169.691462893784,1.79810780693949,0.0801082777859549,0.396702867285864,-4.59459994804356
"X55777_cds2_at",-362.029499325982,-639.373947773418,-1.79695033381169,0.0802951247527282,0.397130717683867,-4.59460086454221
"M81181_s_at",-1796.47075212122,3669.09550777973,-1.79671429921282,0.0803332721720588,0.397130717683867,-4.59460105138699
"U25433_at",-397.193386268999,-102.514034171299,-1.79622956156531,0.0804116624595929,0.397130717683867,-4.59460143505201
"M27968_s_at",-256.50040972506,-323.023669570347,-1.79619385830288,0.0804174388354375,0.397130717683867,-4.59460146330798
"HG4188-HT4458_at",-199.020720448468,-1432.05263266408,-1.7949033032756,0.0806264711435634,0.397887450328547,-4.59460248440866
"Z25535_at",165.611974218058,-414.952992483951,1.79455327357365,0.0806832447868817,0.397892267341116,-4.59460276126886
"D23662_at",-843.363573795284,3186.11649516078,-1.79268500970069,0.0809868421039841,0.398991831070482,-4.5946042383665
"X57766_at",-568.950997394915,376.982537015888,-1.79249290570603,0.0810181140639544,0.398991831070482,-4.59460439018885
"X54667_s_at",767.288032217373,-333.863844813983,1.79202317144122,0.0810946234511181,0.399093001953018,-4.59460476137895
"V00571_rna1_at",-3223.52478820352,4110.01319478178,-1.79027918149612,0.081379214772717,0.400217365892583,-4.59460613891634
"L37378_at",-139.116943350722,-693.128969942206,-1.78977973548114,0.081460871452426,0.400226579079544,-4.59460653324703
"D42040_s_at",876.213410315863,-102.061464782426,1.78958127439847,0.0814933379362639,0.400226579079544,-4.59460668991818
"U16296_at",280.186236903529,100.482363182753,1.78825715104781,0.0817102323591896,0.400890183851349,-4.59460773491448
"S80562_at",-196.605533565109,-713.841858814572,-1.78804298323171,0.0817453592437472,0.400890183851349,-4.59460790388532
"K01911_at",-1878.6966334806,532.776637424226,-1.78724430720485,0.0818764669904151,0.400890183851349,-4.59460853388937
"HG944-HT944_s_at",-198.937094179425,-402.858355256763,-1.78690313088863,0.0819325272870566,0.400890183851349,-4.59460880295365
"Z35278_at",-788.606605252214,811.970631843889,-1.78678643069203,0.0819517102775432,0.400890183851349,-4.59460889497961
"X67081_at",-526.141701977551,-733.071512066886,-1.78643178996197,0.0820100287955938,0.400890183851349,-4.59460917461225
"X15422_at",-5189.58324069647,10827.4050599817,-1.78635910662873,0.0820219854493224,0.400890183851349,-4.594609231918
"U32645_at",411.021364939414,-856.144888281421,1.78597435214675,0.0820853033498055,0.400924861772235,-4.59460953524335
"D89667_at",1256.73832073931,4367.41454584053,1.78511018539207,0.082227666954592,0.401345306675699,-4.59461021635409
"HG825-HT825_at",-273.309689262197,-1758.73433209208,-1.78466352200678,0.082301332247747,0.401417496640326,-4.59461056831175
"X65977_at",-281.794889507592,-13.7317650435112,-1.78429860556791,0.0823615568341412,0.401417496640326,-4.59461085581006
"U40002_s_at",-1030.86348847329,-1341.84080955503,-1.78369357958421,0.0824614901518384,0.401417496640326,-4.59461133238844
"X76302_at",-338.541211747431,752.590572192447,-1.78365645863113,0.0824676248181289,0.401417496640326,-4.59461136162494
"S72503_s_at",801.461082860554,1403.68711450387,1.7829505813691,0.0825843524153559,0.401711471401025,-4.5946119174946
"Y07707_at",-115.69151264735,-572.353529334755,-1.7820593273266,0.0827319337710166,0.401995752868728,-4.5946126191289
"X75918_at",-767.780697863548,822.667134140295,-1.78191688397306,0.0827555413281858,0.401995752868728,-4.59461273124408
"X77753_at",263.133899729498,-764.565808121145,1.78123642589521,0.0828683939940165,0.402269923465849,-4.5946132667376
"L76627_at",-334.015600294417,-69.0361190304841,-1.77888932540702,0.0832586515606362,0.403764820417297,-4.59461511272635
"Z47553_at",412.666267487497,394.291542165036,1.77870366411162,0.0832895878325401,0.403764820417297,-4.59461525867658
"M36634_at",-244.73515780199,-386.037170406778,-1.77827701288624,0.0833607163348998,0.403835100668594,-4.59461559403144
"HG243-HT243_s_at",-560.037013401984,-1203.96750396169,-1.77744905529146,0.0834988939758346,0.404229879797472,-4.59461624466064
"M80254_at",1027.55741773375,1262.10667127762,1.77696599411898,0.0835796009896916,0.404287232471531,-4.59461662416485
"U76992_at",-279.889132118768,19.8759706709749,-1.77574527421181,0.083783844435367,0.404287232471531,-4.59461758287238
"HG2723-HT2819_at",-169.923355341926,-1038.44822979328,-1.77559634846336,0.0838087905206368,0.404287232471531,-4.59461769980179
"HG3231-HT3408_at",238.641868775748,-432.719504776667,1.77537823804306,0.0838453367974465,0.404287232471531,-4.59461787103944
"AB002315_at",154.763444812579,-375.195087602792,1.774822704713,0.0839384817874823,0.404287232471531,-4.5946183071206
"M32053_at",509.535377391863,-92.4567955276585,1.77473288146959,0.0839535504199189,0.404287232471531,-4.59461837762093
"M22430_at",-1992.44805689493,4168.78200554721,-1.77453790111354,0.0839862679107139,0.404287232471531,-4.5946185306483
"HG2028-HT2082_at",223.032402548147,65.2671027022902,1.77437718821971,0.0840132434263236,0.404287232471531,-4.59461865677259
"U20240_at",-436.150268391519,-1623.51244108333,-1.77431742257534,0.0840232768962903,0.404287232471531,-4.59461870367346
"X81198_at",-287.366271272076,328.585357542058,-1.77394116201441,0.0840864667677313,0.404287232471531,-4.59461899891738
"M88458_at",266.864576697124,-289.098250587208,1.77365603294335,0.084134378486573,0.404287232471531,-4.59461922262335
"U11862_s_at",-177.286658210047,-890.450248574864,-1.77221347874334,0.0843771306355971,0.405180685900635,-4.59462035403673
"HG2239-HT2324_r_at",998.352717689637,-1375.61167353428,1.77143134668443,0.084508993535533,0.405540802760354,-4.59462096720536
"HG987-HT987_at",1961.40061132751,2382.67626094275,1.77059432985185,0.0846503016761728,0.405849118714422,-4.59462162319366
"U55766_at",136.787355002671,-505.849969106571,1.77037673734015,0.0846870689450371,0.405849118714422,-4.59462179369035
"X98534_s_at",363.866467472802,-269.312761985608,1.7691701155417,0.0848911993462443,0.406067158289307,-4.59462273888591
"HG2379-HT3996_s_at",-563.072106283043,310.925793022663,-1.76912309560526,0.0848991623192213,0.406067158289307,-4.59462277570945
"HG2730-HT2827_s_at",456.534873876059,-960.738500121481,1.7690980846266,0.0849033982624255,0.406067158289307,-4.59462279529645
"U79261_s_at",-563.973083627086,185.341371572541,-1.7685326338834,0.0849992123356503,0.406126205684004,-4.59462323807003
"U38847_at",-705.955084047449,105.817430495123,-1.76835312440979,0.0850296487289606,0.406126205684004,-4.59462337861349
"X63131_s_at",-208.882267721707,-873.400302421472,-1.76746438743661,0.0851804718906713,0.406574260409891,-4.5946240742866
"Z32765_at",1608.99483920388,198.308234179227,1.76684832336998,0.0852851530173918,0.406801622854194,-4.59462455637772
"M87860_at",1307.24162838891,2346.08300905803,1.7662832045816,0.0853812726394643,0.40698787111766,-4.5946249984995
"D00596_at",-1589.91037007661,2873.33695365921,-1.76529765704896,0.0855491197876622,0.407267904098854,-4.59462576930875
"U37146_at",565.508931493241,-338.679996778581,1.76526758955613,0.0855542448941359,0.407267904098854,-4.59462579282022
"M16652_at",1286.98705556247,493.275119160767,1.76475011730381,0.0856424902428579,0.407416009287405,-4.594626197417
"U07559_at",-547.478816848824,209.652507127457,-1.76352528351312,0.0858516678743445,0.407441547419598,-4.59462715475003
"M31013_at",-1104.895489368,1931.45175633301,-1.76348382653416,0.0858587554184573,0.407441547419598,-4.5946271871448
"HG3412-HT3593_s_at",-294.554739074066,-304.981801188064,-1.76336665018543,0.0858787907121702,0.407441547419598,-4.59462727870432
"K03498_xpt1_s_at",856.010855519959,-2141.01472298279,1.7631684191212,0.0859126940174559,0.407441547419598,-4.5946274335889
"Z12830_at",219.176822194038,-636.83798242713,1.76304655511687,0.0859335419042316,0.407441547419598,-4.5946275287993
"M15182_at",538.95134801683,595.592257535982,1.76203155780925,0.0861073477552604,0.407994350061636,-4.59462832162211
"U43189_s_at",751.281904987513,576.288894949788,1.76141426109928,0.0862131965796333,0.408224637987626,-4.59462880364187
"L40357_at",-476.587317993928,482.482884025048,-1.76087097397089,0.0863064452596147,0.408394997442809,-4.59462922777324
"X63359_at",158.983121775475,-288.415381187129,1.7602537175603,0.0864124926436904,0.408625653210979,-4.5946297095398
"D14659_at",-113.288522309427,-665.149116234011,-1.75849293254822,0.0867156047060754,0.40933697256973,-4.5946310831781
"X17093_at",985.64567851899,-126.60543960198,1.75848797339211,0.0867164596637446,0.40933697256973,-4.59463108704552
"M90356_f_at",-997.019267098982,515.363802135754,-1.75837972470321,0.0867351234823815,0.40933697256973,-4.59463117146187
"D82070_at",285.229688511859,164.412021025938,1.7577886462585,0.0868370944190694,0.409475820898337,-4.59463163234274
"U53209_at",-1052.93028420179,2243.20559048597,-1.75705465217538,0.0869638607438549,0.409475820898337,-4.59463220450821
"HG3076-HT3238_s_at",299.399408734485,-1117.58761226615,1.75690130754897,0.0869903641238101,0.409475820898337,-4.59463232402281
"U64871_at",-266.681784484097,-938.114619326495,-1.75687893165144,0.0869942320377199,0.409475820898337,-4.59463234146165
"X02404_at",-1938.10823051289,3589.14063271743,-1.75587189530102,0.0871684585534979,0.410025249304086,-4.59463312614296
"49_at",-696.508757394265,390.675721681447,-1.75510945290345,0.0873005627486277,0.410375947897471,-4.59463372002754
"HG3242-HT3419_s_at",-5596.57393637827,13850.536707408,-1.75414451673506,0.0874679926986878,0.410523565554297,-4.59463447138043
"AF007875_at",-213.461785891552,-73.1882718688804,-1.75401925451298,0.0874897471908276,0.410523565554297,-4.59463456889533
"X16699_at",226.857290275934,-524.580054489175,1.75393332975617,0.087504672506315,0.410523565554297,-4.59463463578374
"HG2874-HT3018_at",-279.949149753289,421.659228010583,-1.75305567892611,0.0876572447064484,0.410700914749836,-4.59463531886243
"M95610_at",276.350563580293,188.994060105361,1.75305327660998,0.0876576626348689,0.410700914749836,-4.59463532073183
"L05187_at",396.146990070438,1289.23119614533,1.75255662907646,0.0877440997799278,0.410835965548697,-4.59463570716781
"U57341_at",1151.15927926863,-616.782476086016,1.75092904635874,0.0880278673831022,0.411894174743374,-4.59463697303396
"U37022_rna1_at",-357.28252538871,317.569760769172,-1.74763291481061,0.0886049022830004,0.414257856617957,-4.59463953409959
"U07856_at",180.973144415922,-573.961101363392,1.74738058709462,0.0886492061701028,0.414257856617957,-4.59463973001639
"D21090_at",-136.132583362334,-318.32210690639,-1.7448756143175,0.0890900387972824,0.416045230296936,-4.59464167389363
"U49188_at",-338.130686997961,-65.4082401570164,-1.74375470075494,0.0892878943678808,0.416696318545392,-4.5946425430956
"HG1019-HT1019_at",-365.425138175534,-1012.59287754169,-1.74299066113165,0.0894229679126021,0.417053750284347,-4.59464313533772
"M34276_at",439.239694112233,-233.710387401545,1.74257246195972,0.0894969732131128,0.417126088877587,-4.59464345942569
"L41680_at",-260.789676698303,-1662.21192597471,-1.74177830243083,0.0896376503072015,0.417508872854771,-4.59464407471746
"M55682_s_at",-410.91740340628,-626.34448600943,-1.74114769789953,0.0897494871493277,0.417529293681994,-4.59464456315085
"D87127_at",-136.209213580789,-419.348560062397,-1.74109331596914,0.0897591371777446,0.417529293681994,-4.59464460526642
"D28423_at",-1107.14032220605,2858.15143648802,-1.74052048841189,0.0898608377188491,0.417729878600465,-4.594645048831
"X52001_at",-351.07900407853,-1647.79810707813,-1.73962188732466,0.0900205708167812,0.418199798367731,-4.59464574444853
"L09229_s_at",-3104.11800931625,3724.24858352616,-1.73908105237447,0.0901168227865315,0.418374390163253,-4.59464616299304
"Z75190_s_at",268.428025779897,-663.562301032628,1.73771743849889,0.0903598864138278,0.41922989591217,-4.59464721786706
"Y13618_at",542.592830314572,-1270.22491127507,1.73673080954742,0.0905360944064006,0.419622671863147,-4.59464798074635
"M16961_at",142.438410074168,-644.64628293242,1.73658458375767,0.0905622341883864,0.419622671863147,-4.59464809378475
"X65488_at",244.114635356741,-352.006023834136,1.73604741922673,0.0906583136032281,0.419795087210792,-4.59464850897678
"U88726_at",380.826957775679,-594.381470366326,1.73233216977401,0.0913251744575907,0.422608578233017,-4.59465137812971
"U09579_at",524.776365995756,-435.831111943242,1.73181233669362,0.0914188069653332,0.422633174044254,-4.59465177923143
"Y08136_at",240.176300334709,-34.9787357187771,1.73164467342112,0.091449023636276,0.422633174044254,-4.59465190858176
"AFFX-HSAC07/X00351_M_st",351.04963625945,175.270937719314,1.73106177872664,0.0915541392533924,0.422819756586405,-4.59465235820954
"X98001_at",-315.507266316073,-474.797841116382,-1.73076341928866,0.0916079826007566,0.422819756586405,-4.59465258831375
"L24564_at",512.30679906493,-2300.04167669608,1.728927928866,0.0919398062159512,0.423814817412335,-4.59465400328411
"D38537_s_at",-233.389382503273,-318.7699073499,-1.72865546634591,0.091989148012307,0.423814817412335,-4.59465421323347
"AFFX-BioB-5_st",271.404614981382,-533.712074157084,1.72825858387097,0.0920610613051194,0.423814817412335,-4.5946545190142
"X83368_at",-1069.69933863277,2302.22723095953,-1.72825725004673,0.0920613030671304,0.423814817412335,-4.59465452004177
"X67235_s_at",212.923172981777,-789.385011078079,1.72633819852718,0.0924096899626962,0.425066741308643,-4.59465599788483
"Z35102_at",-342.849974431665,449.830680306453,-1.72586655906918,0.0924954802721793,0.425066741308643,-4.5946563609116
"M89914_s_at",501.437872305863,-347.994418907259,1.72577538904936,0.092512071590382,0.425066741308643,-4.59465643107819
"Y00282_at",1183.81124395206,2995.93125620151,1.72508414300264,0.0926379469002288,0.425099765423048,-4.5946569629918
"D17408_s_at",-285.34962650064,-1012.46778260019,-1.7250811905254,0.0926384848502899,0.425099765423048,-4.59465696526341
"M29536_at",-638.388887264953,-295.262996589751,-1.72406121636526,0.0928244832760659,0.425519951562939,-4.59465774985605
"HG3431-HT3616_s_at",226.585900439202,-493.489652031752,1.7236542049046,0.0928987912220699,0.425519951562939,-4.5946580628487
"D28915_at",611.680630036968,533.824258013997,1.72338178144562,0.0929485552118534,0.425519951562939,-4.59465827231359
"HG4755-HT5203_s_at",-231.930275030191,-484.571744252967,-1.72327131868642,0.0929687399432139,0.425519951562939,-4.59465835724109
"D42047_at",-123.581980025105,-278.456778362068,-1.72197131914759,0.0932065623081223,0.426136122679401,-4.59465935643416
"M91669_s_at",482.459210213402,-1349.40719742266,1.72167452905398,0.0932609283034502,0.426136122679401,-4.59465958447497
"M96954_s_at",315.839852976177,-470.357133258381,1.72134554429942,0.0933212226299146,0.426136122679401,-4.59465983722014
"M61826_s_at",140.447528187516,-643.538160290638,1.72123005954279,0.0933423956843674,0.426136122679401,-4.59465992593409
"HG2229-HT2306_at",-168.42402874513,-1564.78633011965,-1.72043004958419,0.0934891801238716,0.42630463836748,-4.59466054037557
"X15414_at",504.12807573154,1166.68361763697,1.72001512375108,0.0935653857913466,0.42630463836748,-4.59466085897617
"D83702_at",-129.317258316436,-549.832571834603,-1.71997004739846,0.0935736676756698,0.42630463836748,-4.59466089358474
"M94893_at",-783.542802507496,1080.5796772355,-1.7197180315336,0.0936199818502167,0.42630463836748,-4.59466108706472
"S69231_s_at",-547.926284023283,-1050.33965575225,-1.71940129370327,0.0936782174059516,0.42630463836748,-4.59466133020505
"L14430_at",-779.026249671197,320.981545168979,-1.71877930091178,0.0937926651882004,0.426401065253335,-4.5946618075783
"D26129_at",210.703250439179,-718.230907726166,1.71851911962501,0.0938405735843437,0.426401065253335,-4.59466200722838
"L36645_at",-218.561639067237,-522.887526720194,-1.71788318900113,0.0939577563556414,0.426401065253335,-4.59466249511913
"U37122_at",-845.076979825646,1767.88073860567,-1.7177576040729,0.0939809122781437,0.426401065253335,-4.59466259145364
"U43916_s_at",280.462236317859,-382.685957618949,1.71675399939236,0.0941661324848909,0.426401065253335,-4.59466336112509
"U90549_at",-544.821918246153,748.762287174342,-1.71657954352314,0.0941983602036328,0.426401065253335,-4.59466349488384
"U35139_at",-316.490942528622,-1344.6290563981,-1.71643622476712,0.0942248427553605,0.426401065253335,-4.59466360476191
"X57579_s_at",1861.8286811946,32.9538744886686,1.71617646156044,0.0942728578215138,0.426401065253335,-4.59466380389769
"U16120_s_at",-146.421773387319,-514.337235131774,-1.71611327642435,0.0942845401510806,0.426401065253335,-4.59466385233248
"X98258_at",-352.248361332994,328.598266416669,-1.71588900702713,0.0943260151683029,0.426401065253335,-4.59466402423675
"U58675_cds1_at",-972.859518151817,1044.1752991815,-1.7157206709087,0.0943571562150837,0.426401065253335,-4.5946641532572
"AB000467_at",-414.942513477286,-2263.61129906313,-1.7143420089386,0.094612521976993,0.42728429019502,-4.59466520958689
"Z31357_at",-1241.80265684189,1100.73703759853,-1.71377488865343,0.0947177351482905,0.427488714773709,-4.59466564393827
"L37362_at",171.159162732626,-800.269640104033,1.7132342647006,0.0948181234125362,0.427671118314229,-4.59466605790099
"X16260_s_at",-2014.8269892203,4079.86075370356,-1.71213185839605,0.0950231035078451,0.428214373330195,-4.59466690173897
"AFFX-CreX-5_st",-135.830745539584,-930.096529145521,-1.71194079662693,0.0950586668043329,0.428214373330195,-4.59466704794798
"M55671_at",-595.284931638052,-1461.91115948005,-1.71132061574473,0.0951741806213761,0.428395849766226,-4.59466752245788
"L48546_at",-545.07287056786,570.086244402161,-1.71107960297955,0.09521910277373,0.428395849766226,-4.59466770682732
"L25080_at",-2410.7770232492,11543.6041499973,-1.71019046035201,0.0953849820271641,0.428496262475168,-4.59466838684143
"M19301_at",-5509.12382564196,18954.2601606046,-1.71005795258154,0.0954097233863978,0.428496262475168,-4.59466848816144
"X07173_at",-1497.34955167018,1775.14370428712,-1.70999387796618,0.0954216890773477,0.428496262475168,-4.59466853715308
"Z70219_at",-391.558539749449,-151.422248767768,-1.70959223129236,0.0954967235350838,0.428563332617169,-4.59466884422349
"M26730_s_at",1077.06841673702,179.746000204267,1.70803411289755,0.0957882717261397,0.429601362062328,-4.59467003496187
"D79997_at",-161.28340897769,-707.706060718087,-1.70735745781157,0.0959151149567448,0.429886808785456,-4.59467055183052
"X16660_cds1_s_at",-415.556809966609,-2335.39209249892,-1.70705165065788,0.0959724862693094,0.429886808785456,-4.59467078537583
"X85134_rna1_at",155.251645889988,-742.082786972171,1.70659286938534,0.0960586100300755,0.430002478420884,-4.59467113569155
"U77664_at",208.950053422461,-750.420532305279,1.7055516565062,0.0962543081765992,0.430160236528337,-4.59467193048985
"J03779_at",-2762.86475292179,5421.4914350638,-1.70534879422111,0.0962924751530534,0.430160236528337,-4.59467208530212
"S78203_at",-796.902173181415,542.419359913005,-1.70472639261165,0.0964096538047705,0.430160236528337,-4.59467256019926
"Y09858_at",-281.699889173201,-930.119136822298,-1.70454271665272,0.0964442568720075,0.430160236528337,-4.5946727003217
"L03840_s_at",-351.483681048308,-695.43328030093,-1.70410744402584,0.096526299971533,0.430160236528337,-4.59467303233864
"U85946_at",180.412976218684,-444.444774277216,1.70387149514138,0.0965707974551381,0.430160236528337,-4.59467321229019
"M84349_at",1968.75349338205,6763.88126225204,1.70340995234978,0.0966578889113605,0.430160236528337,-4.59467356424424
"U34360_at",-320.934301748386,-1280.36644850461,-1.70299851619889,0.0967355804858624,0.430160236528337,-4.59467387793139
"X56681_s_at",7910.06553783274,9078.44264148283,1.70294108813015,0.0967464287691921,0.430160236528337,-4.59467392171138
"U20938_at",392.9752800425,-959.562245442223,1.70288301466113,0.0967573999988015,0.430160236528337,-4.59467396598231
"U52373_s_at",-285.140093336181,-1146.69867188699,-1.70219227159846,0.096887974415407,0.430472364832565,-4.59467449247095
"X00274_at",5328.29638091283,2261.60089728388,1.70039658174232,0.0972281078083207,0.431522797373668,-4.5946758604404
"M81637_at",-917.227750060785,2256.43547644572,-1.70030529050428,0.097245426360887,0.431522797373668,-4.59467592995906
"X58399_at",231.000639227399,-581.895191823342,1.69976568239127,0.0973478459735119,0.431708637834026,-4.59467634081824
"D50915_at",1185.43461453405,372.175141815825,1.69927301806543,0.097441433761405,0.431855105129011,-4.59467671585257
"X95325_s_at",1181.93054066417,279.687015887547,1.6981504776839,0.0976549537375125,0.432532593231181,-4.59467757008047
"M13207_at",-285.197059432538,-1245.94088213614,-1.697258912796,0.0978248164208246,0.433015993728678,-4.59467824825244
"M34516_r_at",2585.02581194112,674.774051617364,1.69597114644113,0.0980705974400081,0.433287764021954,-4.59467922734484
"X54871_at",-1248.38336323966,979.726089343426,-1.6959636893401,0.0980720221826324,0.433287764021954,-4.59467923301295
"U22961_s_at",511.241459302826,-1763.08152932562,1.69568696878277,0.0981249041573684,0.433287764021954,-4.59467944333401
"AFFX-HUMRGE/M10098_M_at",-5366.4940712014,4948.16134299789,-1.69531641664598,0.0981957546642967,0.433287764021954,-4.59467972493299
"AFFX-LysX-M_at",-186.625874812125,-1103.60097725613,-1.69494735779278,0.0982663618756737,0.433287764021954,-4.59468000535319
"M22995_at",-254.964139966487,125.551735477909,-1.69483850356665,0.0982871955833085,0.433287764021954,-4.59468008805498
"X04011_at",-3670.09475315522,2746.51395013526,-1.69451067782499,0.0983499606031554,0.433287764021954,-4.59468033709692
"HG3426-HT3610_s_at",162.913925683659,-444.022429473807,1.69439402598097,0.0983723026155579,0.433287764021954,-4.59468042570637
"L03411_s_at",-283.716372518442,-235.52893097454,-1.69296316452567,0.0986466946860803,0.434228135682987,-4.59468151224053
"U76369_at",-234.289469905291,-523.850538980954,-1.69213018413882,0.0988067252735544,0.434640903062697,-4.59468214446556
"U79285_at",-133.853014615748,-558.068597338304,-1.69173021905579,0.0988836423355332,0.434640903062697,-4.59468244795607
"M11726_at",219.105022253762,-152.360665602293,1.69139426813511,0.0989482872652637,0.434640903062697,-4.5946827028332
"U13061_rna1_at",-150.665856648041,-340.840362972998,-1.69034766802114,0.0991499028309843,0.434640903062697,-4.59468349662752
"S78771_s_at",-479.641054987074,61.3391649342166,-1.69025317895758,0.0991681218354215,0.434640903062697,-4.59468356827538
"M34677_at",-238.265109977252,-326.21094033015,-1.69023659997502,0.0991713188151653,0.434640903062697,-4.59468358084636
"HG2815-HT4023_s_at",-5170.43503797186,14417.040628321,-1.69004943186831,0.0992074169896045,0.434640903062697,-4.59468372276007
"D38437_f_at",5913.74528352898,4675.12907133981,1.68992986054026,0.0992304838188555,0.434640903062697,-4.59468381341495
"L35854_at",175.185008165374,-752.595094038592,1.68959437058431,0.0992952278557409,0.434640903062697,-4.59468406774725
"U51127_at",828.304063461871,2308.00596148718,1.6893108238128,0.0993499750374697,0.434640903062697,-4.59468428267345
"Y13896_at",-279.633793936377,-286.39024313133,-1.68895826576394,0.0994180818331847,0.434672189793035,-4.59468454987339
"U95740_rna2_at",-273.836571902839,-163.706465061528,-1.68784296447793,0.0996337896741272,0.435348378778309,-4.59468539488347
"Z23115_at",-4070.71616650621,4021.52624303459,-1.68544517591367,0.100098854898024,0.436950652258317,-4.594687210209
"U62438_at",-128.729156082403,-457.684914533877,-1.68532075836207,0.100123035449459,0.436950652258317,-4.59468730435262
"M16364_s_at",-513.929654596382,-1013.00633058045,-1.68477477140179,0.100229205275279,0.437146460439153,-4.59468771742783
"M83181_at",-435.909420029838,1022.50421882755,-1.68332353901941,0.100511858243053,0.438111284310033,-4.5946888149111
"D87457_at",-158.960886388141,-758.300573251048,-1.68298215344158,0.100578444961969,0.438133714736594,-4.59468907298204
"Y10032_at",202.930961619723,-618.883556519403,1.68228207695625,0.10071510812191,0.438213379010876,-4.59468960208758
"Z29574_at",-135.447978775833,-540.072373943482,-1.68225889294349,0.1007196365445,0.438213379010876,-4.59468961960693
"S46622_at",253.122174333834,-101.690460464183,1.68130159217825,0.100906768885845,0.438759859100586,-4.59469034285328
"X01038_rna1_s_at",-8757.69816835388,26026.0711911603,-1.68093808470768,0.100977902427731,0.438795111178892,-4.59469061740733
"X83857_s_at",-187.788527846178,-655.571849191842,-1.68063142897483,0.101037943143422,0.438795111178892,-4.59469084898837
"L77886_at",-362.103120351442,-334.076539971653,-1.68029810920868,0.101103237997877,0.43881143649596,-4.59469110067095
"X78686_at",448.965538569659,-224.410030012819,1.67979925883819,0.101201024353477,0.438968676803313,-4.59469147727466
"D86331_s_at",-238.831858437095,-1043.65633140044,-1.67873433269422,0.101410036917607,0.439607886479912,-4.59469228096266
"AF000424_s_at",954.842133302005,-105.932413284891,1.67835470056368,0.101484633513957,0.439663986383978,-4.59469256737763
"S69115_at",540.681917148997,1149.06670936268,1.67670526970906,0.101809269534473,0.440605729909702,-4.5946938112526
"M62397_at",364.171281904527,59.8000438891597,1.67602212277527,0.101943975963744,0.440605729909702,-4.59469432617043
"U33052_s_at",240.217039867114,-538.688275907832,1.6760050468872,0.101947344964055,0.440605729909702,-4.59469433903933
"M94547_at",-614.21661776946,1281.08539367041,-1.67599585149845,0.101949159213436,0.440605729909702,-4.59469434596921
"L12052_at",-227.410491022939,51.4019553201179,-1.67564210387289,0.102018973877785,0.440640401406713,-4.59469461254153
"S52028_s_at",-686.346802143305,540.360824718296,-1.67389717968996,0.102363926491911,0.441862687538628,-4.59469592686076
"U68105_s_at",3094.37425081509,3133.16850083364,1.67289878764971,0.102561731428473,0.442448703458223,-4.59469667842711
"M81883_at",-370.606697440124,-1019.04727729135,-1.67251392337897,0.102638066472334,0.442510309561195,-4.59469696805711
"U14588_at",-250.356362526783,192.277039326604,-1.67198681666664,0.102742690522831,0.442521468139756,-4.5946973646533
"X93036_at",-310.978857339741,-1033.89764180954,-1.6716132769293,0.102816886848229,0.442521468139756,-4.59469764565044
"S71043_rna1_s_at",1102.45717801963,-552.898700569562,1.67153322123511,0.10283279410256,0.442521468139756,-4.59469770586681
"L35592_at",150.909345837793,-536.996442501993,1.6709882226469,0.102941140697776,0.442521468139756,-4.59469811574869
"M18391_s_at",-449.196653389487,207.294987360505,-1.6709389806099,0.102950934741811,0.442521468139756,-4.5946981527778
"HG2562-HT2658_s_at",203.960171187547,-721.23052074615,1.67005467736265,0.103126950316642,0.442679687295949,-4.59469881762271
"Z19554_s_at",9909.46346713887,8450.75454533055,1.67002081542252,0.103133695287732,0.442679687295949,-4.59469884307602
"M61827_rna1_s_at",993.957250922771,59.3495951994051,1.66981861903631,0.103173978444239,0.442679687295949,-4.59469899505499
"U19906_at",139.880419371348,-720.064197001501,1.66913502923552,0.103310264924095,0.442997894872955,-4.59469950876967
"X65857_at",739.55680957084,-24.838391278624,1.66854757274595,0.103427504279589,0.443234094361627,-4.59469995011844
"D21878_at",142.572767485891,-1015.27559774431,1.66701749903246,0.103733379085443,0.444084336742078,-4.5947010991135
"Y11897_at",336.292428753055,557.351350665334,1.66675576612034,0.103785776521838,0.444084336742078,-4.59470129558267
"M27436_s_at",1184.44265425213,1458.08705347494,1.66633165581239,0.103870727411808,0.444084336742078,-4.59470161389239
"U72515_at",-207.294893569429,-762.028063428565,-1.6663102987662,0.103875006827343,0.444084336742078,-4.59470162992004
"M13241_at",196.452610330115,-600.558636129425,1.66463572286346,0.1042110035043,0.445253844211602,-4.59470288616045
"AFFX-PheX-M_at",-134.605615309954,-1068.52669149487,-1.66383992837443,0.10437099072032,0.445670380135688,-4.59470348283051
"M75715_s_at",236.263549867575,-292.204738703849,1.66281021669773,0.104578305817322,0.446096661893837,-4.5947042545783
"X63578_rna1_at",-242.104337136956,-58.6279461513481,-1.66257590060634,0.104625528871099,0.446096661893837,-4.59470443014478
"U56418_at",649.750883942639,1190.09243003547,1.66241238639632,0.104658493247565,0.446096661893837,-4.59470455265071
"U73477_s_at",683.739060671749,-463.445191601062,1.66174122565119,0.104793888731361,0.446406941782158,-4.59470505539679
"M28215_at",-274.484338213435,-1368.52431084431,-1.65989236832375,0.105167612761565,0.447731490509087,-4.59470643955381
"U06155_at",-1430.03591134322,2346.04338099146,-1.65949544871419,0.105247988473882,0.447806328047286,-4.59470673656325
"U58970_at",2010.38248033243,1193.26246541586,1.70649513509226,0.0965296175003417,0.430160236528337,-4.59470689521672
"M33336_at",386.172205820335,547.736308896666,1.65798450625275,0.105554416225412,0.44884230298355,-4.59470786670618
"HG1067-HT1067_r_at",-9083.97379610823,22763.8802200818,-1.65739414197237,0.105674345256846,0.449084479157671,-4.59470830807801
"X04412_at",387.532505826655,92.2815355307414,1.65526111423887,0.106108594247788,0.450647065992171,-4.59470990182839
"M37238_s_at",335.827210989839,-291.634333859992,1.65496776837377,0.106168429514353,0.450647065992171,-4.59471012089248
"HG3920-HT4521_s_at",-400.36497975361,-650.597262205594,-1.65416846360904,0.106331609000057,0.451071209862823,-4.59471071765123
"D83781_at",-112.65490696259,-783.263428497235,-1.6532479501223,0.106519789551355,0.451373892028316,-4.59471140464282
"HG4518-HT4921_at",-147.553540514446,-986.180415709478,-1.65293986608715,0.106582832436798,0.451373892028316,-4.59471163450759
"U34962_at",325.73121470969,354.687872875668,1.65289091085763,0.106592852920444,0.451373892028316,-4.59471167103072
"X74874_rna1_s_at",607.73168256177,-507.741881800908,1.65139921731563,0.10689855516424,0.452215876337249,-4.59471278353152
"U82256_at",273.030020699911,-135.16213221805,1.65109020476037,0.106961973306768,0.452215876337249,-4.59471301390025
"Z84722_at",6432.31724971539,5466.50117153646,1.6509283883096,0.106995194996387,0.452215876337249,-4.59471313452176
"M30607_s_at",-718.460831656807,288.451486965695,-1.65048610289267,0.107086041674982,0.452215876337249,-4.59471346416676
"K03460_at",885.087598525746,2128.46502733642,1.65037551498881,0.10710876667138,0.452215876337249,-4.59471354658023
"D63483_at",-115.024794266416,-609.203764979566,-1.64965794516396,0.107256318496255,0.452570891832421,-4.59471408123682
"U79277_at",312.194356621202,61.7642327279477,1.64929727167505,0.107330545950137,0.452616276268731,-4.59471434990794
"D87685_at",-121.941020010217,-491.748142990328,-1.64895660638533,0.107400694515877,0.452644416425956,-4.59471460363511
"AFFX-BioDn-3_st",-194.735612003194,-355.855360560845,-1.64782186257077,0.107634629249098,0.453214428663919,-4.59471544851403
"M60746_at",211.777308303629,-639.717294928945,1.64675746934272,0.107854441924841,0.453214428663919,-4.59471624062541
"D61380_at",-1513.27529610621,4132.80961944373,-1.64660056504382,0.107886876174033,0.453214428663919,-4.59471635736036
"J04101_at",-973.752061781693,-1305.20234215786,-1.6464664645823,0.107914602923323,0.453214428663919,-4.59471645712305
"X97444_f_at",1786.37755304515,276.755220076578,1.64609580965517,0.107991270429694,0.453214428663919,-4.59471673283704
"X98266_cds2_at",-184.391611609883,-290.062366826495,-1.64600267500347,0.108010541759077,0.453214428663919,-4.59471680210868
"D50919_at",-123.498489437361,-618.846206566526,-1.64588919063704,0.108034027656889,0.453214428663919,-4.59471688651212
"X52221_at",722.654483157676,942.904060803305,1.64583913711146,0.108044387705604,0.453214428663919,-4.59471692373783
"D38522_at",-166.740812762226,-679.36427084544,-1.64499003482277,0.108220259010204,0.453685283363764,-4.59471755510388
"X64878_at",-203.658149711918,-617.840508789675,-1.64341012203404,0.108548127253923,0.454064524732512,-4.59471872924116
"Z26491_s_at",593.804084972761,-937.004806251517,1.64334359410063,0.108561951240724,0.454064524732512,-4.59471877866426
"U30888_at",487.225532209007,860.015426456585,1.64322825393696,0.108585921461181,0.454064524732512,-4.59471886434613
"AFFX-HUMISGF3A/M97935_MB_at",351.696861800301,-313.660294115448,1.64303833163828,0.108625400975106,0.454064524732512,-4.59471900542263
"L32961_at",186.759078316129,-768.5746771833,1.6427716309537,0.108680860491766,0.454064524732512,-4.59471920351078
"D86981_at",-117.487666181358,-678.284327681635,-1.6427143730457,0.108692770118973,0.454064524732512,-4.59471924603521
"X60382_rna1_at",-1253.70642416886,3102.37841260201,-1.64117634804531,0.109013080752018,0.454222322609799,-4.59472038789105
"L40384_s_at",-942.207308395025,1313.99732053693,-1.64106724727521,0.109035831641621,0.454222322609799,-4.59472046885944
"HG1400-HT1400_s_at",-168.692344659721,-406.590723367292,-1.64049945827195,0.10915429627509,0.454222322609799,-4.59472089017627
"X82494_at",-2154.44757067782,3938.76460218644,-1.64033642845404,0.109188330691279,0.454222322609799,-4.59472101112958
"HG2379-HT3997_s_at",-289.577779048742,-887.696366281212,-1.64012081999794,0.10923335492357,0.454222322609799,-4.59472117107787
"Z34974_s_at",-220.913968907805,-964.157176945876,-1.64010812077676,0.109236007302375,0.454222322609799,-4.59472118049826
"U43586_at",311.654234889174,-692.038964462356,1.63996564832593,0.109265767946369,0.454222322609799,-4.59472128618181
"U82303_at",-502.120778236822,96.6684366473794,-1.63980251440975,0.109299852687768,0.454222322609799,-4.59472140718336
"U03858_at",164.539875371251,-898.810675288575,1.63978355243282,0.109303815116872,0.454222322609799,-4.59472142124748
"U06632_at",-468.94634855789,422.225263110485,-1.63917513360794,0.10943101732486,0.454486071370748,-4.59472187244891
"L49209_s_at",-142.897535267393,-612.254868792459,-1.63851313330252,0.109569560023723,0.454796584708482,-4.59472236324621
"HG4593-HT4998_at",985.576910668044,290.342217931249,1.63767118512467,0.109745970249447,0.455263824228507,-4.59472298724338
"Y07512_at",-126.348168231196,-574.640783512186,-1.63733353296575,0.109816782773682,0.455292719743676,-4.59472323742282
"HG167-HT167_s_at",-1333.28897186614,2031.45592541891,-1.63660981031463,0.109968688615527,0.455545000461059,-4.59472377352871
"M16038_at",233.686637758522,-172.024765117537,1.63643504117025,0.110005397671286,0.455545000461059,-4.59472390296479
"U75362_at",-156.972328636532,-647.117910559774,-1.6350242465255,0.110302094162644,0.456360999829978,-4.59472494744291
"U90304_at",-140.510780731752,-880.012660587086,-1.63488962760961,0.110330439448448,0.456360999829978,-4.59472504707297
"X63187_at",145.801130642383,-704.815031570938,1.63449217746611,0.110414161243104,0.456413104680664,-4.5947253411864
"Z80780_f_at",423.28031546228,86.3446062012404,1.63413596314739,0.110489241153465,0.456413104680664,-4.59472560474048
"D87454_at",-934.900409977477,-5500.77494519768,-1.63391872861268,0.110535048630418,0.456413104680664,-4.5947257654461
"AFFX-CreX-5_at",-154.795660321689,-1214.18305073741,-1.6327597703616,0.110779697663364,0.457035128262165,-4.59472662255312
"D86968_at",-453.779352921913,-1679.7406271432,-1.63222067434945,0.110893648948806,0.457035128262165,-4.59472702108842
"U41163_s_at",-638.284215544214,-866.034780065641,-1.63190587188861,0.110960234729289,0.457035128262165,-4.59472725376622
"M91368_s_at",-271.406427105852,-891.730138251869,-1.63169799924926,0.111004221122186,0.457035128262165,-4.59472740739155
"U07349_at",-307.065121799618,-838.535299598863,-1.6316888941747,0.111006148106867,0.457035128262165,-4.59472741412019
"D29677_at",-277.311759035759,-335.176354177891,-1.63102497161751,0.111146733723064,0.457349889312849,-4.59472790468398
"Z15115_at",-317.559532430436,-840.7906475558,-1.63054203057711,0.111249088280175,0.457507063740442,-4.59472826143025
"X77166_at",-674.657882538659,523.441460721985,-1.63003450078484,0.111356737527503,0.457685818621684,-4.59472863625603
"U67092_s_at",1608.9633576579,520.598006934624,1.62853600925223,0.111675072846667,0.458729806722109,-4.59472974243337
"U83411_at",-313.097033639942,-542.035494122284,-1.6275878624705,0.11187687982384,0.459294202661949,-4.59473044196113
"D86972_at",-161.339094204905,57.635581199807,-1.62715617674311,0.11196886041343,0.459407332340721,-4.59473076035228
"HG3495-HT3689_at",231.595713796622,-848.850557785612,1.62562963060387,0.112294623791726,0.460478989223001,-4.59473188576002
"HG907-HT907_at",976.750764930587,-2551.94209982869,1.62428962258483,0.112581220190805,0.461388897230247,-4.59473287300296
"X95463_s_at",-193.517177554643,-911.446626738836,-1.62328467916363,0.112796547295478,0.46200584650434,-4.59473361299351
"U52191_s_at",-294.862676212958,-1590.08254748287,-1.62121110067922,0.113241915288688,0.463546767724881,-4.59473513880162
"L14565_at",-445.422868808683,-508.76591831366,-1.62084127916242,0.113321497586277,0.463546767724881,-4.59473541077671
"M98045_at",775.998915051722,-1457.55310448111,1.62026169625911,0.113446310818859,0.463546767724881,-4.59473583692252
"L38933_rna1_at",202.324924379175,-487.947600759755,1.62011907615942,0.113477041326711,0.463546767724881,-4.59473594176846
"M55409_s_at",6137.21169465983,7395.94847379445,1.62002285426331,0.113497778214506,0.463546767724881,-4.5947360125013
"HG2147-HT2217_r_at",-1665.75032659363,3389.97393639797,-1.61949644805885,0.113611279540137,0.463744724900238,-4.59473639940799
"HG3936-HT4206_at",-211.376511668338,-100.743377678343,-1.61868688244278,0.113786015799678,0.463911210576238,-4.59473699425379
"L36720_at",-363.493752499517,-736.045595905495,-1.61866319570829,0.113791131644757,0.463911210576238,-4.59473701165481
"M55593_at",243.919405650128,-525.005780509501,1.61815985045972,0.11389988834414,0.463911210576238,-4.5947373813833
"X90828_at",178.521935583974,-832.127916153671,1.61780944416853,0.113975650091026,0.463911210576238,-4.59473763872124
"HG2887-HT3031_at",-8588.86696634782,-19214.3102487863,-1.61780161127431,0.113977344121381,0.463911210576238,-4.59473764447323
"M74509_s_at",706.113038829442,1775.75158702563,1.61714292054444,0.114119873797357,0.464226366257248,-4.59473812810114
"D63881_at",-403.114945911282,685.012957118862,-1.61616598997962,0.114331533877445,0.464525765384656,-4.59473884511973
"X79066_at",4806.51842678582,9122.91744716431,1.61609769553993,0.114346342439132,0.464525765384656,-4.59473889523243
"D78335_at",-249.079480891549,-606.826668623168,-1.61586222894388,0.114397411656913,0.464525765384656,-4.59473906799967
"L06895_at",339.538471647493,-1944.61127180793,1.6156012244413,0.114454041478171,0.464525765384656,-4.59473925948281
"M63573_at",-504.067805099768,-480.390225287477,-1.61504754669886,0.114574248193552,0.464749126204902,-4.59473966560643
"HG363-HT363_at",406.399133586545,614.369153149837,1.61387073763892,0.114830083512422,0.46552207249976,-4.59474052845434
"M37721_at",-1425.63140431597,3999.01582621386,-1.61152640397112,0.115341128418455,0.467328174290912,-4.59474224594864
"X13839_at",-3124.34831492838,6878.55605160384,-1.6111353047954,0.115426565461535,0.467368635484533,-4.59474253229301
"M86699_at",-1929.0980991772,4714.49596320344,-1.61088077851494,0.115482195445764,0.467368635484533,-4.59474271861736
"J03242_s_at",-874.913955519165,1211.0968113061,-1.60916426509794,0.115857934066103,0.468623328318423,-4.59474397460776
"HG4318-HT4588_s_at",-386.000423249581,614.253327646925,-1.60803061803582,0.116106632729077,0.469312879128787,-4.59474480356197
"L29008_at",-384.172151717934,241.030851981694,-1.60778743833355,0.116160038095962,0.469312879128787,-4.59474498132502
"J00116_s_at",8237.69706423937,6991.35892085059,1.60548811538253,0.116665991419066,0.470949568506148,-4.59474666112685
"X15376_at",-221.788370996127,-176.238455641296,-1.60534645557525,0.116697221644982,0.470949568506148,-4.59474676455972
"HG110-HT110_s_at",793.217699150889,-807.244325035625,1.6043602770111,0.11691482315274,0.471266329421776,-4.59474748442906
"Z50115_s_at",-321.551313204241,-262.577205358677,-1.60423031614185,0.116943523868359,0.471266329421776,-4.59474757927047
"M30625_s_at",-1204.93419282098,2457.61733502285,-1.60409246564174,0.116973973226272,0.471266329421776,-4.59474767986322
"M83772_at",-485.574780991801,364.958266661341,-1.60274594984791,0.117271741351826,0.472199202473106,-4.59474866210808
"HG3342-HT3519_s_at",-880.965915877326,-445.767048879852,-1.6023933454112,0.117349818337588,0.472243118032462,-4.59474891922119
"U70981_at",381.525783069788,51.0401213350652,1.60209869191644,0.117415095817074,0.472243118032462,-4.59474913404506
"HG1747-HT1764_s_at",-321.707302227016,-1207.93322133585,-1.60082878476291,0.117696769971244,0.472573310990149,-4.59475005956218
"D83777_at",330.184994938739,-1066.51896219868,1.60074819913679,0.11771466300617,0.472573310990149,-4.59475011827504
"AF002700_at",313.522979055683,242.013180452667,1.60044361498379,0.117782312173408,0.472573310990149,-4.59475034016819
"M86406_at",-3266.89622186175,11198.4296514142,-1.60028158588793,0.117818312304411,0.472573310990149,-4.59475045819543
"M88338_at",-258.118666257849,-484.553851144305,-1.60023554273134,0.117828543954633,0.472573310990149,-4.59475049173312
"Y00477_at",726.097124893765,-198.488426579272,1.59963093787795,0.11796296572451,0.472589322182162,-4.59475093205856
"X66397_at",-462.399831659846,252.293670666607,-1.59959180762533,0.117971669860134,0.472589322182162,-4.5947509605523
"HG4668-HT5083_s_at",971.6219028874,1833.56107959471,1.59932355705236,0.118031353639943,0.472589322182162,-4.5947511558721
"M18731_at",-325.429039445295,-836.060620939169,-1.59844046379441,0.118228009416586,0.473111074719233,-4.5947517987008
"M23234_s_at",-336.545968333396,48.3951144637743,-1.59744774825351,0.118449395888287,0.473304459013452,-4.59475252100957
"X12458_rna1_at",-201.083037088073,-643.141848073506,-1.59743990721823,0.118451145869863,0.473304459013452,-4.59475252671344
"S81221_at",244.315876761728,-540.612731567376,1.59733100300473,0.118475453560372,0.473304459013452,-4.59475260593239
"HG2994-HT4850_s_at",492.728981917848,25.3003608823925,1.59696982965732,0.118556097459655,0.473361439521163,-4.59475286862769
"U58331_at",5428.72358487216,1052.10971440715,1.59639935182496,0.118683566676639,0.473592324317945,-4.59475328346762
"U34252_at",-526.769088072258,337.712679282281,-1.59611330876361,0.118747523008013,0.473592324317945,-4.59475349143058
"X62083_s_at",1141.34345735554,897.193034578393,1.5958198643414,0.118813163399916,0.473592324317945,-4.59475370474558
"M29335_at",2066.30031258272,1379.02167693671,1.59424581815778,0.11916576573684,0.474732444396315,-4.59475484847328
"X51953_at",-263.830370815481,-1694.55365781124,-1.59364656623907,0.119300228163339,0.475002750995406,-4.59475528367726
"M14338_at",-190.633714416934,-940.6575869698,-1.5928232909192,0.119485159359573,0.475473588947049,-4.59475588137725
"U04520_at",135.827745122637,-419.690378940562,1.59178598864061,0.119718499544224,0.476136430702654,-4.59475663413166
"X97230_f_at",-259.355261495955,-188.961249644866,-1.59098285297988,0.119899418970766,0.476590165373765,-4.59475721670229
"M93426_at",170.408104557313,-349.495345877873,1.59009471648584,0.120099745390098,0.477035194834591,-4.59475786067314
"M77142_at",158.636605957712,-710.050587803998,1.58966320842418,0.120197173865659,0.477035194834591,-4.594758173454
"M58378_cds1_at",-449.553044761889,-1261.98943208944,-1.58951281288346,0.1202311461895,0.477035194834591,-4.59475828245401
"U27326_s_at",217.867071395106,-621.784629645529,1.58881521189295,0.120388827072692,0.477035194834591,-4.59475878794301
"D87452_at",-337.944629826981,149.258137800115,-1.58865979840725,0.12042397857502,0.477035194834591,-4.59475890053456
"U69263_at",-150.923488988847,-177.839319530184,-1.58842090208548,0.120478028558243,0.477035194834591,-4.59475907359032
"D78134_at",1298.05344491118,3968.87750146237,1.58841373571615,0.120479650245,0.477035194834591,-4.59475907878132
"D86973_at",-444.737120469209,98.542062521,-1.58802195068359,0.120568334813188,0.477042940051574,-4.59475936254592
"J02783_at",-752.37305760043,995.295209678696,-1.58781412217883,0.120615400492636,0.477042940051574,-4.59475951305196
"D13413_rna1_s_at",576.750956312337,749.226668965083,1.58577499768378,0.121077982276806,0.478514175066633,-4.59476098896777
"X83535_s_at",-971.445583983343,-1866.88217498181,-1.58532599514754,0.121180033543751,0.478514175066633,-4.59476131376373
"J02986_cds1_at",1127.07290007889,-436.510379527193,1.58508014472892,0.121235941141177,0.478514175066633,-4.59476149157579
"X52022_at",171.091869983746,-571.065344551822,1.58491820841462,0.121272777716445,0.478514175066633,-4.59476160868539
"U05589_at",-617.32602608466,685.676764565549,-1.58469791374511,0.121322904013529,0.478514175066633,-4.59476176798433
"D31897_at",238.602499620015,-568.44630860413,1.58430446538179,0.121412471975904,0.478602729497056,-4.59476205245229
"U75968_at",-379.710668179419,341.901175207325,-1.58355752445655,0.121582659962395,0.478677314915391,-4.59476259235348
"U14383_at",-703.937619806229,772.392248330589,-1.58354182590598,0.121586238904694,0.478677314915391,-4.59476260369859
"L43579_s_at",309.548989841952,-46.9789491310479,1.58315217273183,0.121675099159256,0.478677314915391,-4.59476288526818
"HG1595-HT4788_s_at",6705.59728453976,9922.42961675437,1.58304347127107,0.121699897902342,0.478677314915391,-4.59476296380829
"HG458-HT458_f_at",610.529668305562,17.6318415316551,1.58239167739166,0.121848681913317,0.478998319031896,-4.59476343466401
"D85423_at",146.314727237917,-898.883787832925,1.58189835574838,0.12196138998582,0.47917722974594,-4.59476379094238
"L10615_s_at",976.696169422314,-632.692769762541,1.58087818056369,0.122194735900533,0.479829659530123,-4.59476452745058
"M27891_at",1423.2033798265,-417.436951059996,1.58036174457124,0.122312999183421,0.47990889307535,-4.59476490015143
"X16504_s_at",-447.527693046401,-1053.49080673763,-1.58020238268583,0.122349511654885,0.47990889307535,-4.59476501514098
"X72841_at",-283.253242091437,-324.722564258968,-1.5789210494488,0.122643408492212,0.480598094099988,-4.59476593938534
"J04948_at",380.821183041758,485.161103763738,1.57839559807385,0.122764095914441,0.480598094099988,-4.5947663182377
"U89336_cds6_at",-700.792283468067,998.331675369959,-1.57836361172624,0.122771445759065,0.480598094099988,-4.5947663412969
"L10838_at",-1076.23378072047,4215.80920020069,-1.57826197967324,0.122794801213038,0.480598094099988,-4.59476641456189
"X96752_at",1511.05538196248,384.407385010431,1.57611755339141,0.123288440893579,0.481333314405592,-4.59476795961623
"AFFX-M27830_5_at",-3146.92602374278,4924.34403546966,-1.57609511589445,0.123293614434144,0.481333314405592,-4.59476797577402
"HG2059-HT2114_at",502.542207345468,1312.96161241209,1.57608355134249,0.123296281007122,0.481333314405592,-4.59476798410186
"U76272_at",-149.010952630009,-660.878695691866,-1.5759597719981,0.123324825179955,0.481333314405592,-4.59476807323477
"D00003_s_at",-559.982610666599,-822.932954509667,-1.57583525072722,0.123353545857888,0.481333314405592,-4.59476816289661
"M27749_at",462.93469837231,-107.246522832263,1.57568743980255,0.1233876453139,0.481333314405592,-4.59476826932127
"HG4297-HT4567_at",-785.207352589022,1804.33522904885,-1.57535802953157,0.123463666624941,0.481366542756947,-4.59476850647133
"U45448_s_at",436.200723716523,-135.28139774591,1.57458807855837,0.123641504225788,0.481796484499506,-4.59476906063084
"L41390_at",-301.891544225427,-1152.14640323999,-1.57384291594861,0.123813814306637,0.482204429175656,-4.59476959675453
"HG3934-HT4204_at",-270.25475633387,-106.568786524876,-1.5735454657528,0.123882650558749,0.48220916000788,-4.59476981070812
"Z48051_rna1_at",-1124.62833866588,2284.70674582406,-1.57315336137007,0.123973439233185,0.482299288146121,-4.59477009269904
"HG210-HT210_s_at",163.020486120929,-689.261040135789,1.57244249105483,0.124138173294112,0.482431819836776,-4.59477060380245
"U09278_at",221.528608308843,-1027.12845177416,1.57228527442077,0.124174629977264,0.482431819836776,-4.59477071681491
"HG1322-HT5143_s_at",-282.041357207431,-1423.9328145421,-1.5712332754058,0.124418799695836,0.482431819836776,-4.59477147280641
"X54925_at",-120.981204787861,-825.271810968416,-1.57114185874181,0.124440035945469,0.482431819836776,-4.59477153848253
"J04152_rna1_s_at",3655.29228991539,1796.35087046049,1.57098488523894,0.124476508020311,0.482431819836776,-4.59477165124967
"M28439_at",-258.171279198281,-256.877552640713,-1.57066669150335,0.12455046547576,0.482431819836776,-4.59477187980857
"U69611_at",-308.02734081387,-303.091193911185,-1.57051849306067,0.124584923254723,0.482431819836776,-4.59477198624773
"L40411_at",161.381073550878,-274.221564597221,1.57013950771226,0.12467307670821,0.482431819836776,-4.5947722584082
"U90914_at",-390.03000712645,-1446.88433620211,-1.57006404728687,0.124690635130722,0.482431819836776,-4.59477231259261
"D87684_at",-405.494810633869,463.186817222907,-1.56997059463522,0.124712382832964,0.482431819836776,-4.59477237969362
"D38502_at",-287.645671130952,-475.451968721234,-1.56977077707996,0.124758893412499,0.482431819836776,-4.59477252315679
"D87440_at",-177.219613012488,-771.9481386428,-1.56927176943427,0.124875106461499,0.482431819836776,-4.59477288136935
"U66561_at",-420.485672862834,-183.114248153789,-1.56922075562223,0.124886991925212,0.482431819836776,-4.59477291798476
"M37197_at",136.357754348069,-422.779584562205,1.56736953251873,0.12531892037384,0.483838235617681,-4.59477424609928
"U39226_at",-167.335725221353,-862.356357320871,-1.56704668610008,0.125394370920389,0.483867564411956,-4.59477447759598
"M13981_at",261.109339638635,-567.433701498673,1.56464379063359,0.125957094772018,0.484834825005374,-4.59477619945458
"U20979_at",-316.445452611086,637.147242568949,-1.56460506891195,0.125966179565934,0.484834825005374,-4.59477622718527
"U08049_at",173.483136577604,-674.586300468997,1.5642249839761,0.126055382321707,0.484834825005374,-4.5947764993567
"X51755_cds5_s_at",-524.539770291105,-69.1736530175388,-1.56394272797972,0.126121658540126,0.484834825005374,-4.59477670144231
"U14575_at",177.711290884412,-361.554526033356,1.56389641693676,0.126132535479329,0.484834825005374,-4.59477673459678
"D85245_at",275.879350164042,501.922806816726,1.56380778682884,0.126153353891601,0.484834825005374,-4.59477679804576
"J03060_at",-13774.3772466712,34630.1511897155,-1.5636122586025,0.126199291547644,0.484834825005374,-4.59477693801189
"U28833_at",-213.419692658592,-372.177500184062,-1.56350299183709,0.126224968723158,0.484834825005374,-4.59477701622318
"D88378_at",-103.083053579916,-439.853689893769,-1.56336694784865,0.126256944332489,0.484834825005374,-4.59477711359536
"D10667_s_at",-388.511757915982,187.473443081075,-1.56291125130809,0.126364098462101,0.484985137854274,-4.59477743970899
"HG3395-HT3573_s_at",-420.90879240606,-394.830190413829,-1.56259778097173,0.126437851746101,0.485007165573666,-4.59477766399832
"AFFX-DapX-5_at",-147.900708028465,-710.263585803781,-1.56178561442594,0.126629100373179,0.48547963159201,-4.59477824494809
"U89916_at",-282.380877825921,95.9072017992142,-1.56051491743164,0.126928793271077,0.486367127789388,-4.59477915342882
"X60104_s_at",-1303.76519432124,1769.87003765463,-1.55855694214223,0.127391703576837,0.487671027241164,-4.59478055217779
"M37755_f_at",5677.96150458863,5113.325609401,1.5582675707085,0.127460233315339,0.487671027241164,-4.59478075878738
"M24766_s_at",-253.744147923857,-1225.83076522202,-1.55813828432926,0.127490860907197,0.487671027241164,-4.59478085108771
"U34343_at",-756.837369313124,1871.4375592274,-1.5574653502837,0.127650373293404,0.487671027241164,-4.59478133141584
"U24576_at",-186.522695571254,-380.512766973944,-1.55739975180866,0.127665931395824,0.487671027241164,-4.59478137823041
"Z46629_at",-187.042688528916,-799.159198276343,-1.55734296480105,0.127679400905799,0.487671027241164,-4.59478141875543
"V00536_rna1_at",-173.191726887377,-227.984594662127,-1.556546020253,0.127868552250273,0.488132037524997,-4.59478198736206
"U66088_at",-175.283606696705,-415.503192489163,-1.55553914559454,0.128107853497054,0.488291910060444,-4.59478270543386
"D43947_at",-255.611314720417,-440.918434540964,-1.55529906748601,0.128164965650328,0.488291910060444,-4.59478287659796
"X66276_s_at",210.166284304774,-645.965568355084,1.55522452775282,0.128182702085422,0.488291910060444,-4.5947829297371
"L42025_rna1_at",121.64791841653,-244.354624966301,1.55480776518488,0.128281905654489,0.488291910060444,-4.59478322681011
"U78524_at",-1253.47307963952,4159.96160892615,-1.55467742201249,0.128312944468549,0.488291910060444,-4.59478331970775
"HG3141-HT3317_f_at",-405.08196369804,-83.6376101729813,-1.55464242729513,0.128321278846343,0.488291910060444,-4.59478334464802
"D14686_at",279.541295292587,-45.9476030818027,1.55386533185136,0.128506465456684,0.488687981225601,-4.59478389836373
"X02910_at",-163.009465126666,-519.636631568608,-1.55363068776508,0.128562425014616,0.488687981225601,-4.59478406551685
"D89289_at",-135.605946361059,-451.34955168671,-1.55252199461582,0.128827100272372,0.489433165712458,-4.59478485505534
"U19977_at",211.19443376084,20.1928905505602,1.55151800345848,0.129067159970983,0.489828816325918,-4.59478556966161
"AF001294_at",253.326520682239,-632.928913453681,1.55151189209841,0.129068622335773,0.489828816325918,-4.59478557401039
"M62762_at",863.234020304556,-940.768521618219,1.54874297819225,0.129732563363666,0.491787800385389,-4.59478754299637
"U95740_rna1_at",-159.797414020665,-845.859131579414,-1.54849689270828,0.129791703873973,0.491787800385389,-4.59478771785901
"S74221_at",334.455661672785,40.9806496626374,1.54663686838838,0.130239418519182,0.492984809217581,-4.59478903886362
"X07619_s_at",-1130.56107882467,-73.7105330007574,-1.54661005606827,0.130245881442424,0.492984809217581,-4.59478905789709
"M73077_at",-203.591609567258,-410.028500106844,-1.54626686838298,0.130328627302507,0.493036308378875,-4.59478930149619
"U12707_s_at",776.236848364891,72.7500308476458,1.54593002919857,0.130409883716885,0.493082121307055,-4.59478954054893
"U43286_at",-298.756594158936,431.982511168951,-1.5451719024853,0.130592917713162,0.493249063101539,-4.59479007844142
"U39817_at",-220.696083767271,-916.948790126643,-1.54472140766852,0.130701778473946,0.493249063101539,-4.59479039797301
"M10014_cds1_at",141.057111947863,-517.140241774518,1.54468254295231,0.130711173447991,0.493249063101539,-4.59479042553603
"U23070_at",-179.990197718714,-344.690569618259,-1.5443622010173,0.130788632152212,0.493249063101539,-4.59479065270379
"D49824_s_at",-864.136986001285,-906.72143448864,-1.54405475194958,0.130863008170618,0.493249063101539,-4.59479087069483
"D87735_at",2111.40216362388,19487.1587037467,1.54402976450283,0.130869054464747,0.493249063101539,-4.59479088841026
"U18259_at",630.67201919229,247.713816756201,1.54360030759854,0.130973006768606,0.49335228317651,-4.59479119284943
"HG3636-HT3846_at",556.272881552357,-193.905178065399,1.54317889779224,0.131075075943245,0.49335228317651,-4.59479149152116
"HG998-HT998_s_at",403.065516705423,-1088.72364409656,1.54305955547813,0.131103993355699,0.49335228317651,-4.594791576093
"U77594_at",-513.684209730823,160.804709650618,-1.54174768624745,0.131422206885352,0.494115809567324,-4.59479250541862
"Y08766_s_at",396.78422046133,867.786759747104,1.54165185653877,0.131445476195374,0.494115809567324,-4.59479257328052
"J04093_s_at",-163.028070235776,-662.765856012866,-1.54083018430555,0.131645130468722,0.494563277158,-4.59479315501607
"U65002_at",302.596166379411,-971.43726921466,1.54059130602382,0.131703220210776,0.494563277158,-4.59479332409495
"HG4460-HT4729_at",-342.101058283442,-605.485231376462,-1.54002786689977,0.131840317557231,0.494817528684535,-4.5947937228197
"M69039_at",-329.555632796958,144.217232886165,-1.53877376600136,0.132145881185489,0.495703460670026,-4.59479460989923
"D50913_at",-592.503755707058,5.56566115155081,-1.53738400830119,0.132485163909962,0.496508917280096,-4.59479559228843
"X12451_at",3382.73456749629,9533.51134310404,1.53721710690374,0.132525956829627,0.496508917280096,-4.59479571022164
"K03192_f_at",909.380545099814,-380.181740857796,1.53703907095171,0.132569482330852,0.496508917280096,-4.59479583601177
"U17418_at",306.640489279163,-729.736527760953,1.53672773034655,0.132645625273401,0.49653330909429,-4.5947960559606
"U51003_s_at",-301.318142308703,-1481.55686675069,-1.53624812049027,0.132762989845923,0.496557248426445,-4.59479639471768
"Y00970_at",-211.000400736005,-658.184591605452,-1.53595180753517,0.132835541895189,0.496557248426445,-4.59479660396837
"M57464_s_at",152.751115536328,-387.312955423231,1.53584818505394,0.132860921329078,0.496557248426445,-4.59479667713733
"D31889_at",968.988791690268,146.672549316658,1.53513953130238,0.133034590927773,0.496945656824103,-4.59479717742408
"U13680_at",212.766007471481,-168.135904042036,1.5348556143119,0.133104221642692,0.496945656824103,-4.59479737781069
"U63717_at",150.534622922837,-768.544963300935,1.53380956148026,0.13336101952738,0.497643867215986,-4.59479811586218
"X58072_at",-1096.42432688402,1978.19598414635,-1.53305535293289,0.133546419124425,0.498075060029433,-4.59479864776104
"U82279_at",48995.4573762445,15410.6956750255,1.55146967536161,0.129785561790499,0.491787800385389,-4.59479890692764
"X75755_rna1_s_at",-2035.30290510463,5128.13319931431,-1.53246870252424,0.133690772901464,0.498352797470119,-4.59479906135226
"S38953_s_at",215.634441596642,-622.136890397003,1.53117600924289,0.134009301717627,0.499279169565517,-4.59479997227819
"U27459_at",-117.132984240284,-560.81419947534,-1.53043082291954,0.134193198077077,0.49945426998973,-4.59480049712268
"U83410_at",-274.05407392885,-612.042183693895,-1.53040333960653,0.134199984260435,0.49945426998973,-4.59480051647579
"L37043_at",-477.386978741784,1071.14278648025,-1.5300406618506,0.134289562550584,0.49945426998973,-4.59480077184
"U79263_at",-455.030196432359,945.989498084608,-1.52974429703751,0.134362797801378,0.49945426998973,-4.59480098047823
"U90912_at",-171.917338372035,-205.446504988462,-1.52956751118655,0.134406498963721,0.49945426998973,-4.59480110491915
"U77129_at",-347.200462425371,457.423714667388,-1.52873089598786,0.134613463833805,0.499679918541869,-4.59480169366914
"X90858_at",693.339696423886,-523.557510127754,1.52859222228861,0.13464779416764,0.499679918541869,-4.59480179123388
"S57212_s_at",365.277410057864,-190.137659951866,1.52823521868225,0.134736207061279,0.499679918541869,-4.59480204237466
"U29656_at",233.56947142156,358.852310437387,1.52789524199579,0.134820446560173,0.499679918541869,-4.59480228149564
"U36787_at",160.807366012899,-11.9608154336758,1.52775446604206,0.13485534044671,0.499679918541869,-4.59480238049777
"X85106_at",-135.384390939286,-555.404559117587,-1.52762413617914,0.134887651548604,0.499679918541869,-4.59480247214732
"Y10505_at",577.290868168246,1227.22676429377,1.52708603722212,0.135021121767842,0.499880267329003,-4.59480285048146
"M35093_s_at",-635.994063809127,-1507.24456193246,-1.52684100601528,0.135081934531341,0.499880267329003,-4.59480302272747
"X53414_at",237.343049456385,-36.6773363271896,1.52617511864393,0.135247308121947,0.500232652602493,-4.59480349070924
"Z18954_at",169.230889636512,-780.030115961542,1.52577724541442,0.135346197812772,0.500248559908748,-4.59480377025731
"M96738_s_at",-700.698173297747,649.077261207379,-1.52559339983751,0.135391911460368,0.500248559908748,-4.59480389940935
"D86985_at",-198.249215848478,-515.089501557715,-1.52461028020223,0.135636577056309,0.500549219796415,-4.59480458985051
"L00022_s_at",-183.952939502012,-958.740774242004,-1.52442043089819,0.135683865077334,0.500549219796415,-4.5948047231415
"X02419_rna1_s_at",2915.06352916399,985.216447841455,1.52369172696595,0.135865494964134,0.500960105785541,-4.59480523463743
"X59711_at",-106.12443007443,-671.535365432915,-1.52212682010033,0.136256208677426,0.502141097715102,-4.59480633244925
"M34455_at",226.527463483428,-146.878865526953,1.52142247112187,0.136432359080179,0.502454819558043,-4.59480682627987
"M26692_s_at",-223.739314482209,-754.478232235304,-1.52117550599744,0.136494165761956,0.502454819558043,-4.59480699938948
"U91327_at",-335.442961568455,-572.638447172349,-1.52070069088587,0.136613058403385,0.502454819558043,-4.59480733214915
"U72935_cds3_s_at",-175.60809947032,-277.949176954094,-1.52066028494584,0.136623179795687,0.502454819558043,-4.59480736046273
"M17863_s_at",-951.103246473664,486.232161508462,-1.51960945498895,0.136886616367608,0.50299254685226,-4.59480809660507
"X05153_rna1_at",-301.775176715423,-1100.40601524898,-1.51951440037269,0.136910466055285,0.50299254685226,-4.59480816317473
"D89859_at",-106.783722664095,-547.998854839235,-1.51904569235208,0.137028116030902,0.503165548618105,-4.59480849137839
"X66079_at",392.780363854404,-576.026545474505,1.5185029621407,0.137164447545408,0.503406935381525,-4.59480887131711
"X75304_at",-590.436549038878,1463.31001476388,-1.51799499650349,0.137292144878529,0.503542555180317,-4.59480922682399
"M93056_at",279.098804448604,-247.003250063426,1.51779429063747,0.13734262653565,0.503542555180317,-4.59480936726552
"D63506_at",-366.464573433748,119.175148215227,-1.51726159741011,0.137476682025843,0.503775035727794,-4.59480973994177
"M96233_s_at",-493.286629617089,611.649130330379,-1.51520358767028,0.137995578529708,0.505416779915432,-4.59481117879253
"D87002_cds2_at",744.810701283471,228.098826070868,1.51464636154191,0.138136344501114,0.505419332667828,-4.59481156811595
"X99209_at",359.477468279008,712.478823862015,1.51434731551932,0.138211936673926,0.505419332667828,-4.59481177700818
"M14200_rna1_at",-954.558258708734,1483.48149013681,-1.51364496151721,0.138389606459449,0.505419332667828,-4.59481226749732
"M73481_at",-249.308379622688,-1328.81859955119,-1.51338518179311,0.138455367531092,0.505419332667828,-4.59481244887003
"U03877_at",-233.054899085912,-49.8707274751194,-1.51321195388326,0.138499232642607,0.505419332667828,-4.59481256980073
"X79200_at",346.478110764267,-415.401212341518,1.51317140478917,0.138509502171602,0.505419332667828,-4.59481259810658
"X94628_rna1_s_at",-248.241579455392,-714.987412035705,-1.51304322340492,0.138541969607611,0.505419332667828,-4.59481268758148
"X57809_at",-465.33574679886,412.012839078479,-1.51295907780213,0.13856328640662,0.505419332667828,-4.59481274631475
"M26682_at",174.648352250177,-740.796070970709,1.51146795011917,0.138941473165963,0.506400423804008,-4.59481378669661
"M31667_f_at",-7561.3572404214,32828.3368191643,-1.51112347513299,0.139028957941529,0.506400423804008,-4.59481402692913
"U85767_at",662.664981807568,-553.0073967837,1.51089766180906,0.139086330672865,0.506400423804008,-4.59481418438552
"U31383_at",-301.706988337699,67.3644411123161,-1.51077968281167,0.139116313312586,0.506400423804008,-4.59481426664334
"U61500_at",-224.418507603441,-92.3276504235586,-1.50993089176087,0.139332173725473,0.506927413692016,-4.59481485829464
"M85085_at",1555.14263119366,4239.79736580365,1.50864438813664,0.139659862128801,0.507860518531605,-4.59481575456376
"X04391_at",-258.108875064032,201.966112144865,-1.50769881237074,0.139901104988398,0.508478480974653,-4.59481641294145
"X07820_at",-331.606791935454,-335.85501188476,-1.50694626917367,0.140093337992514,0.508635387361174,-4.5948169366876
"M96740_at",-332.686973598066,668.206561788489,-1.50690370937892,0.14010421596678,0.508635387361174,-4.59481696630182
"HG2314-HT2410_at",301.825681973537,-732.470443325882,1.50644214208083,0.140222232617129,0.508635387361174,-4.59481728743077
"Y13620_at",-381.332966514599,294.425675488848,-1.50641339643183,0.140229585128603,0.508635387361174,-4.59481730742763
"D78586_at",-226.708406047327,-269.209700778737,-1.50586132892444,0.140370851820679,0.508888939671206,-4.59481769141506
"X76942_s_at",205.103761443993,-463.929589860411,1.50504144061739,0.140580860271471,0.509051696879111,-4.59481826148247
"U20760_at",-302.498287148392,-773.496260844296,-1.50480222799975,0.140642180170598,0.509051696879111,-4.5948184277614
"J05614_at",-1962.52316466723,4947.5469264732,-1.50438461005832,0.140749283847904,0.509051696879111,-4.59481871800241
"M87339_at",-164.757962043989,-701.576934157285,-1.5043451418663,0.140759409362491,0.509051696879111,-4.59481874542925
"U20758_rna1_at",297.543820451268,266.058020226903,1.50425899447726,0.140781512388636,0.509051696879111,-4.59481880529199
"M10277_s_at",234.865247981428,-59.2489731684824,1.50379769238913,0.140899916899243,0.509051696879111,-4.59481912579978
"U64998_at",384.180851080458,-696.043417787179,1.50365401928617,0.140936810382897,0.509051696879111,-4.59481922560676
"S75989_at",-1083.50487974243,2636.48962399739,-1.50345926844199,0.14098683232874,0.509051696879111,-4.59481936088467
"HG3432-HT3621_at",-136.845797073699,-646.166273935357,-1.50275695703273,0.141167339575902,0.50944549520028,-4.59481984861165
"D70830_at",-294.799153140433,-2269.97720926976,-1.50135305870595,0.141528721442115,0.509807811272165,-4.59482082303255
"X77748_at",-108.790444628247,-749.245142561897,-1.50119986076775,0.141568201291628,0.509807811272165,-4.59482092932175
"X13766_s_at",-280.355853807925,-841.74296300226,-1.50113393293692,0.141585193920088,0.509807811272165,-4.5948209750601
"M80563_at",592.814322078484,24.6342114103304,1.50066216118787,0.14170683871071,0.509807811272165,-4.59482130231274
"D90279_s_at",1220.9544121147,154.359024665304,1.50058886593669,0.141725745140262,0.509807811272165,-4.5948213531481
"U22178_s_at",-678.76001063953,1014.23048144987,-1.50033698020422,0.141790734149341,0.509807811272165,-4.59482152783368
"U01877_at",-172.264182027629,-734.301394782574,-1.50006679496586,0.141860471069789,0.509807811272165,-4.59482171518486
"Z14982_rna1_at",-767.175887857561,1655.32883584119,-1.49997565937923,0.141884000054198,0.509807811272165,-4.59482177837397
"U57627_at",846.545884324917,569.403800804141,1.49987046216242,0.141911163283585,0.509807811272165,-4.59482185130905
"L11005_at",-121.948000586641,-750.820177538106,-1.4994983057464,0.142007292035277,0.509896273667451,-4.59482210929971
"AF006087_at",-349.410271501087,482.776396971687,-1.49872149509093,0.142208111343826,0.510360363358242,-4.59482264764936
"U34038_at",201.52138660746,-166.182721155404,1.49788287242964,0.142425164616306,0.510755106032767,-4.59482322859304
"L19871_at",745.256072919633,113.732067363048,1.4977431529054,0.142461352671319,0.510755106032767,-4.59482332535716
"AD000092_cds7_s_at",304.438951028052,-579.758579553918,1.49733605480409,0.142566834965019,0.51087643222892,-4.59482360725692
"M22877_at",-750.215616734916,1788.05567236893,-1.49610620158805,0.142885878208631,0.511762530138496,-4.59482445852113
"M30773_at",-132.694923375979,-471.009543633311,-1.49560911870326,0.143014990885319,0.511967821286752,-4.59482480243132
"X58401_at",-420.745161974975,-554.700754500864,-1.52597369864366,0.135519985577845,0.500462463571006,-4.59482505642992
"U31628_at",197.118221824281,-1142.25466326004,1.49478781020941,0.143228522108356,0.51235188267716,-4.59482537046446
"U53476_at",239.366286797505,-690.348946305396,1.49442628294684,0.143322595823578,0.51235188267716,-4.59482562042691
"Z29505_at",962.207792439521,1006.62942778108,1.49401427151434,0.143429866207713,0.51235188267716,-4.5948259052371
"M29273_at",-135.240328031654,-236.877590212548,-1.49357043521195,0.143545494081987,0.51235188267716,-4.59482621197842
"X13810_s_at",702.403047287488,-26.0924529999461,1.49347947285888,0.143569200697362,0.51235188267716,-4.59482627483499
"M24122_s_at",-1704.99628591258,2605.44324675079,-1.4932801523509,0.143621158540274,0.51235188267716,-4.5948264125585
"U34605_at",-104.919797864477,-438.012345223246,-1.49323398249651,0.143633195998764,0.51235188267716,-4.59482644445822
"U61166_at",-188.607160907376,-153.736690877684,-1.49283500753088,0.143737250738348,0.51235188267716,-4.59482672008638
"X64269_at",183.196795183556,14.7757239083479,1.49271365200404,0.143768912808442,0.51235188267716,-4.59482680391235
"X99897_s_at",-257.791633913111,-1483.59020397328,-1.49114019086941,0.144179937856884,0.513298281020245,-4.5948278902955
"X86163_at",-123.790870045504,-680.890376647831,-1.49085904491653,0.144253478329108,0.513298281020245,-4.59482808431641
"X63417_at",443.330176456548,-1418.9892313252,1.49061918205479,0.144316243849174,0.513298281020245,-4.59482824982502
"U46570_at",-889.79795756959,3885.20482360991,-1.49059565016323,0.144322402670816,0.513298281020245,-4.59482826606123
"U12259_cds2_s_at",-5031.6380103175,13302.2271057025,-1.49025412730467,0.144411810414237,0.513360229343928,-4.59482850167792
"L20321_at",-105.604618343705,-688.994446104829,-1.48696832313305,0.145274262465308,0.51616879204789,-4.59483076640431
"M13232_s_at",178.315259451275,-770.898912421295,1.48578614204119,0.145585560763636,0.517017247911099,-4.59483158026373
"HG1728-HT1734_s_at",-245.157995625434,-426.881564459842,-1.48503717142836,0.145783058389849,0.517460920546548,-4.5948320956228
"X06614_at",287.821032200834,-529.730213974039,1.48320190719267,0.146267904586616,0.518647001115603,-4.59483335759172
"U90904_at",-195.310478098303,-717.504159204553,-1.48297252527494,0.146328593557547,0.518647001115603,-4.59483351523419
"HG2479-HT2575_s_at",-294.917865946856,-881.278564947141,-1.48294678886914,0.146335404044958,0.518647001115603,-4.59483353292032
"U90878_at",400.998680587962,-41.1285470411629,1.48174123733431,0.146654705363465,0.51952046892542,-4.59483436110987
"U20980_at",-283.107116135767,-113.807176669523,-1.48077851267601,0.14691008951682,0.520166756874105,-4.59483502210419
"L21998_at",266.293715132345,-478.797367838333,1.47749193068916,0.147784593670954,0.522596947903339,-4.59483727609727
"Z31560_s_at",185.612271270846,-634.493714765468,1.47712694085392,0.147881965987455,0.522596947903339,-4.59483752617163
"HG2841-HT2969_s_at",-6737.7460217971,17702.3838901779,-1.47699263825442,0.147917808182057,0.522596947903339,-4.59483761817746
"S80050_at",-275.922602672167,-1767.41547010806,-1.47678956562186,0.147972016582933,0.522596947903339,-4.5948377572827
"U19557_s_at",202.070738521448,-113.018994419114,1.47633234870902,0.148094124268282,0.522596947903339,-4.59483807042258
"M80783_at",387.418048337276,-1075.07161331286,1.47619486557976,0.148130857165051,0.522596947903339,-4.59483816456752
"M68907_s_at",-1138.47747207489,1415.67363093345,-1.47559921058916,0.148290088544616,0.522596947903339,-4.59483857237756
"L13197_at",222.835231787524,-519.601111723318,1.4755796265127,0.14829532609649,0.522596947903339,-4.59483858578344
"L34657_at",347.13429120706,-282.21553354075,1.47550971836385,0.148314023481811,0.522596947903339,-4.5948386336365
"M21642_at",195.098020902651,-737.699386073418,1.47545261403474,0.148329297792225,0.522596947903339,-4.59483867272385
"HG3517-HT3711_at",175.630441996327,-582.257449164365,1.47419814176932,0.148665160286957,0.523521608891996,-4.59483953109889
"X04366_at",221.385789728074,-248.269691671798,1.47336768593105,0.148887831944411,0.524046954390718,-4.59484009902509
"L20433_at",-191.732120524294,-1014.70621811717,-1.4727890646409,0.149043135176871,0.524334778957211,-4.59484049458021
"D00723_at",-158.257251081767,-597.479167158147,-1.47121080105377,0.149467398304176,0.525568055871339,-4.59484157288793
"X16832_at",1205.8585352464,-2376.57460448239,1.47020962697853,0.149737026649169,0.526067345600443,-4.59484225644401
"M58026_at",-312.176600842946,-330.33863777634,-1.46987617831065,0.149826914028496,0.526067345600443,-4.59484248402652
"D00761_at",632.412152888734,1815.19573513464,1.46986210749456,0.149830708023349,0.526067345600443,-4.59484249362912
"L00190_s_at",533.637813398076,-194.26765653115,1.46866004548581,0.150155108310042,0.526411939251879,-4.5948433137076
"Z79693_s_at",313.778786804964,130.527168667809,1.46806410000745,0.150316142393966,0.526411939251879,-4.59484372008203
"U44059_at",440.39017334068,1041.53289044611,1.46781809737812,0.150382656186967,0.526411939251879,-4.59484388779313
"U43292_at",132.064241198612,-433.33012720841,1.46777957068912,0.150393075083751,0.526411939251879,-4.59484391405651
"M62303_at",-253.411896612087,-816.263068579568,-1.46777391062862,0.150394605800381,0.526411939251879,-4.59484391791488
"D16294_at",-195.988734749499,-126.571863688573,-1.46773625248216,0.150404790449626,0.526411939251879,-4.59484394358559
"D84239_at",-216.888008429259,-417.683075533254,-1.46758539928303,0.150445594193708,0.526411939251879,-4.5948440464136
"X71348_at",-244.289957616459,-777.380762266992,-1.46608409877729,0.150852154004896,0.527352801050213,-4.59484506931187
"AFFX-HUMRGE/M10098_5_at",-6404.687875477,8379.09771110735,-1.46604633607999,0.150862391549914,0.527352801050213,-4.59484509503055
"X58199_s_at",-234.123264735026,342.774683255984,-1.46550176384364,0.151010087431019,0.527610452459872,-4.59484546585933
"X55668_at",727.073913576854,1655.49691182165,1.4651183833084,0.151114134490652,0.527681794416097,-4.59484572685898
"S42457_at",-128.541370262466,-731.048543788275,-1.46488130982585,0.151178503154128,0.527681794416097,-4.59484588822814
"L08895_at",510.296206341363,-40.5200047185346,1.46368816023697,0.151502789254159,0.528026671580318,-4.59484670005932
"L77563_at",-143.942485201711,-858.164165208479,-1.46360689230772,0.151524897088278,0.528026671580318,-4.59484675533592
"AFFX-HUMRGE/M10098_3_at",-5518.56981194776,5152.24276545624,-1.4635397106405,0.151543174875548,0.528026671580318,-4.59484680102954
"U67963_at",393.957763827414,-249.885189418508,1.462989901861,0.151692824285061,0.528026671580318,-4.5948471749201
"L39060_at",-123.598390520174,-907.765309495481,-1.46293077446464,0.151708924810677,0.528026671580318,-4.59484721512236
"J03474_at",-248.016963307576,-1725.39282155306,-1.46277064049543,0.151752536452967,0.528026671580318,-4.5948473239952
"HG371-HT26388_s_at",-1188.43043855773,-2178.27703471548,-1.46261242448434,0.151795635498479,0.528026671580318,-4.59484743155485
"HG4749-HT5197_at",-261.639073155255,-578.352990962637,-1.46215794320114,0.151919492992855,0.528199855939564,-4.59484774047294
"AFFX-HSAC07/X00351_5_st",242.229720326366,-879.11201991647,1.45996145660942,0.152519218544138,0.529666365228126,-4.59484923239418
"D26156_s_at",-140.282439059669,-461.155438882229,-1.45984933903965,0.152549881149409,0.529666365228126,-4.59484930850051
"K03431_cds1_at",375.367405439233,453.247134532723,1.45979729395448,0.152564116418254,0.529666365228126,-4.59484934382757
"S67070_at",373.66620504067,-641.278442231122,1.4587475616484,0.152851461583703,0.530298746269675,-4.59485005615108
"X64877_at",330.201291801541,211.088836507918,1.45822811250421,0.152993809618468,0.530298746269675,-4.59485040848765
"HG3566-HT3769_at",766.288584794018,3752.97126982361,1.4581168299624,0.153024318732707,0.530298746269675,-4.59485048395649
"U34380_rna1_s_at",523.116988218869,-450.789632974861,1.45804604576899,0.153043727362641,0.530298746269675,-4.59485053195808
"L22548_at",170.307184841486,-1179.53677360138,1.45622023938936,0.153545026382396,0.531777359462295,-4.59485176947544
"U45973_at",380.561121300678,1574.5813876124,1.4554920496955,0.153745322158594,0.531985632821492,-4.59485226269564
"L28957_at",181.571148811901,-358.840610408709,1.45545918515882,0.153754366743107,0.531985632821492,-4.59485228495099
"HG2271-HT2367_at",-320.069487034583,-1057.09747956391,-1.45453961044539,0.154007611656641,0.532603432940595,-4.59485290751166
"Y10055_at",200.455991479273,-299.452585363047,1.45305754447099,0.154416456638057,0.532768470968486,-4.59485391023062
"M30496_at",151.948500191286,-386.651098864447,1.45304010993555,0.15442127125342,0.532768470968486,-4.59485392202147
"X05908_at",1892.88190767494,65.9146721874711,1.452832790132,0.154478532520745,0.532768470968486,-4.59485406222183
"U83463_at",171.757604083305,-343.90862910261,1.4526582980716,0.154526739837182,0.532768470968486,-4.59485418021013
"U57342_at",1079.97033035357,3461.11058885007,1.45262400499502,0.154536215460149,0.532768470968486,-4.59485420339716
"U67615_at",-95.887166168867,-635.291423475817,-1.45262327271982,0.154536417802314,0.532768470968486,-4.59485420389227
"X79510_at",290.426946569069,-1068.74146017262,1.45247166219884,0.154578315304137,0.532768470968486,-4.59485430639746
"M92439_at",338.542183128731,-1227.49168553781,1.45204044923895,0.15469752987121,0.532921780440386,-4.59485459789811
"X87870_at",-259.587459161686,-1610.23059138636,-1.45152314946304,0.154840640080386,0.533157220865877,-4.59485494750336
"HG4068-HT4338_at",-401.537228928047,-239.375836674744,-1.45006971060884,0.155243291342033,0.534285671119708,-4.59485592925015
"M87338_at",-236.251073937976,233.893964201228,-1.44870649361919,0.155621698909502,0.534887183463179,-4.59485684934875
"U41804_at",404.645803247275,-1364.68090567303,1.44836243478669,0.155717319174765,0.534887183463179,-4.59485708146193
"HG2367-HT2463_s_at",591.689405556701,-1512.84005400381,1.44824636817218,0.155749586673666,0.534887183463179,-4.59485715975438
"X72879_at",-445.263617472762,682.845247775086,-1.44801261824357,0.155814587140117,0.534887183463179,-4.59485731741475
"HG4027-HT4297_f_at",-1493.01279766977,483.041448871069,-1.44750938460793,0.155954597455845,0.534887183463179,-4.59485765676902
"X84746_at",-166.418427093995,-329.269880647712,-1.44739851509958,0.155985457053228,0.534887183463179,-4.59485773152104
"U49974_f_at",-273.587542187664,-319.545407985016,-1.44713371541416,0.156059181317135,0.534887183463179,-4.59485791003971
"U40317_s_at",-195.106736082487,-947.423695134302,-1.44699029463001,0.156099123321345,0.534887183463179,-4.5948580067182
"U22376_cds2_s_at",-505.440879245489,-1185.22303668948,-1.44665723765563,0.156191909207578,0.534887183463179,-4.59485823119927
"M94046_at",823.397244183698,914.033939558063,1.44661209112326,0.156204489865652,0.534887183463179,-4.59485826162497
"M25393_at",132.079986761346,-461.184120024711,1.44647332402766,0.156243164093928,0.534887183463179,-4.59485835513989
"M64108_at",338.919892227805,-848.139807167945,1.44562797429387,0.156478925246768,0.535437243730663,-4.59485892466634
"U51586_at",-450.933865028278,-80.9468472638504,-1.44503678648816,0.156643969343087,0.535725523826288,-4.594859322803
"U90902_at",-1702.21191349024,2785.9220590127,-1.44465829325685,0.156749706751745,0.535725523826288,-4.59485957763235
"M97676_at",-336.550686956328,-449.286822630398,-1.4445192930167,0.156788552548796,0.535725523826288,-4.59485967120422
"X74496_at",-112.975270747653,-474.210529599594,-1.44385470790978,0.156974386178704,0.535906596656862,-4.59486011848959
"U61981_at",-169.572380248577,-327.364429244288,-1.44379228600058,0.156991849728816,0.535906596656862,-4.594860160493
"X06290_at",169.008522518086,-209.16771826109,1.4409374681672,0.157792169450339,0.538125860337522,-4.59486207994875
"L13923_at",141.562516032824,-119.773673622742,1.44072185799417,0.157852743904711,0.538125860337522,-4.59486222479338
"U36798_at",-201.002762879134,-164.775691924548,-1.44066627194508,0.157868363458995,0.538125860337522,-4.59486226213271
"U03688_at",117.120350378343,-405.889844150056,1.43990275228732,0.158083033978119,0.538388466315795,-4.59486277490323
"D37781_s_at",1355.38976531859,-47.8321477778002,1.43985523030056,0.158096402813809,0.538388466315795,-4.5948628068113
"X55990_rna1_at",881.209281276983,-2249.67018368246,1.4392602605135,0.158263854452387,0.538541372706417,-4.59486320622586
"U15197_at",389.402824054731,847.712221228955,1.43890697468055,0.158363351261496,0.538541372706417,-4.59486344333141
"M60527_at",186.156619058548,-642.707637724975,1.43875132829357,0.15840720198342,0.538541372706417,-4.59486354777785
"L02648_at",263.047371981783,-922.131832525182,1.43855555164244,0.158462372297823,0.538541372706417,-4.59486367914094
"U60975_at",507.617695268674,-1133.24907203752,1.43817727365323,0.158569014761248,0.538541372706417,-4.59486393291943
"U70671_at",729.697501482865,-915.38322422951,1.43808715009023,0.158594430330034,0.538541372706417,-4.59486399337356
"D64110_at",574.507734659826,1059.48333029209,1.43764215173196,0.158719970448868,0.538643508142223,-4.59486429183064
"X04201_at",-489.974646941465,-647.71485413917,-1.43744512613618,0.158775579037295,0.538643508142223,-4.59486442395083
"M67468_s_at",-168.689150216685,-350.536171337575,-1.43660716285765,0.159012257452092,0.538706194722439,-4.59486498570638
"X60487_at",-244.10349840867,-816.196947643012,-1.43651080434013,0.159039491206752,0.538706194722439,-4.59486505028672
"M63180_at",267.979798648216,354.69438292787,1.4364619696647,0.159053294725368,0.538706194722439,-4.59486508301486
"X80497_at",547.535308979763,-1737.35992782844,1.43615725316219,0.159139446618619,0.538706194722439,-4.59486528721045
"U75276_s_at",142.553119569709,-814.769442105342,1.43604292992173,0.159171778471488,0.538706194722439,-4.59486536381149
"Y00978_at",-111.482414242969,-456.926528309491,-1.43558470700946,0.159301420753939,0.53888919895462,-4.59486567079011
"M81750_at",96.4099234488523,-645.385937625149,1.43501629335888,0.159462354056905,0.539177831569366,-4.59486605148102
"X66945_at",-441.631772910755,-575.726471419833,-1.43450740674698,0.159606542108587,0.539409597998261,-4.59486639220249
"HG1496-HT1496_s_at",482.903826600323,-953.823611305383,1.43416170517073,0.15970455174675,0.539485153247786,-4.5948666236098
"D50863_at",-274.440588520756,-689.270516425339,-1.43385094395958,0.159792695852672,0.539527326763924,-4.59486683159074
"X90846_s_at",-1724.49843635876,-1408.19441460172,-1.43349861661127,0.159892676015725,0.539609404954156,-4.59486706734702
"X04828_at",882.585500005057,-1126.96574865688,1.43287160952367,0.160070723871072,0.539908161417793,-4.59486748678855
"V00535_rna2_s_at",-9241.67219853551,29369.6479818241,-1.43265374294226,0.160132626756224,0.539908161417793,-4.59486763249804
"HG4557-HT4962_r_at",-221.850187767912,55.7048361916151,-1.4322098174519,0.16025881846531,0.540078277162629,-4.59486792934153
"HG3085-HT3254_s_at",1509.10855576229,1035.13725645943,1.43106548509167,0.160584470556687,0.540709866403568,-4.59486869419476
"X99296_xpt1_at",-242.375565721224,-1482.04009495439,-1.43075565676345,0.160672730350535,0.540709866403568,-4.59486890119534
"U82108_s_at",205.549847799242,-347.10413419781,1.43075222794049,0.160673707321436,0.540709866403568,-4.59486890348598
"D29675_at",156.356947589228,-536.592983866644,1.42994618210299,0.160903502654374,0.540831778393573,-4.59486944184822
"D14878_at",-265.990774515027,430.224087551554,-1.42962984792895,0.16099375676864,0.540831778393573,-4.59486965306351
"HG3995-HT4265_at",-483.467894979998,1214.09256964086,-1.42957057524662,0.161010672432425,0.540831778393573,-4.59486969263555
"M87770_at",-278.234972364363,-625.946449349299,-1.42956135724438,0.161013303257545,0.540831778393573,-4.59486969878962
"D86964_at",-309.041437555218,243.440489324214,-1.42867063988593,0.161267673993202,0.541431159720115,-4.59487029329616
"D13642_at",-140.290885400536,-514.298611292891,-1.42757456448795,0.161581123787294,0.541768781079323,-4.59487102446339
"X54232_at",263.768931442214,-872.126123905736,1.42756237596517,0.161584612083174,0.541768781079323,-4.59487103259157
"D14533_at",-188.454874766842,-1216.30050963294,-1.42752203724252,0.161596157250837,0.541768781079323,-4.59487105949191
"U92014_at",-249.72162143316,-402.636247442718,-1.42695056704823,0.161759784794739,0.542062511922597,-4.59487144051839
"M13755_at",1205.12269003148,1033.25153796425,1.42590907728522,0.162058326263728,0.542585829078186,-4.59487213461675
"L41147_at",281.516584574198,-818.044347513483,1.4257639672952,0.162099956121726,0.542585829078186,-4.5948722312929
"HG3319-HT3496_s_at",390.425268945414,-636.195321498584,1.4256097231007,0.162144215645157,0.542585829078186,-4.59487233404591
"Z46632_r_at",-137.797788077259,-860.884690953511,-1.42515076812099,0.162275966341289,0.542741299042119,-4.59487263973599
"HG2259-HT2348_s_at",-711.086601782996,2174.43491396236,-1.42457484025988,0.16244141487828,0.542741299042119,-4.59487302322566
"D29956_at",-107.955573836147,-445.399991659548,-1.42449576353182,0.162464141817653,0.542741299042119,-4.59487307587036
"Z47043_at",-396.814687104124,-436.214964060941,-1.42435297631685,0.162505185701339,0.542741299042119,-4.59487317092391
"M69181_at",337.016492319383,-943.600496000798,1.42409658126707,0.162578906333678,0.542741299042119,-4.59487334158721
"M60830_at",-416.557244415887,-341.472594916413,-1.42365159252208,0.162706915114992,0.542741299042119,-4.59487363772528
"M27318_f_at",1643.37207246468,-494.567381471145,1.42340523957717,0.162777816829767,0.542741299042119,-4.59487380164035
"U60269_cds3_at",150.295759540038,-101.730466244234,1.42332971982889,0.162799556675234,0.542741299042119,-4.59487385188415
"HG3111-HT3287_at",-108.389648400216,-821.860870103287,-1.42210611601961,0.163152112527787,0.543662483381144,-4.59487466565972
"Z72499_at",646.313309668352,-208.980269044886,1.42171525525901,0.163264856943633,0.543675719251967,-4.59487492548968
"HG2280-HT2376_at",385.820099889888,1794.59317113699,1.4215637790786,0.163308566910351,0.543675719251967,-4.5948750261702
"D79987_at",-184.446370336231,-1426.61526047075,-1.42110606459294,0.163440700744012,0.543861706488822,-4.59487533034375
"U16720_rna1_s_at",-2933.10436955959,3091.95407728227,-1.42072528484293,0.163550688763803,0.543973862674756,-4.59487558333086
"X87237_at",279.946181125945,-642.853856967859,1.41916707897011,0.164001380168995,0.545218574352029,-4.5948766180267
"AF000560_at",260.817191415544,-275.086283651152,1.41843028799578,0.164214826214351,0.545344149097479,-4.59487710696241
"U81554_at",288.40965878353,-601.540853728302,1.41779699157626,0.164398464055221,0.545344149097479,-4.59487752705684
"U82306_at",-211.42673255801,-66.747828968904,-1.41765739129816,0.164438965767518,0.545344149097479,-4.59487761963992
"X83301_s_at",-150.365081587395,-864.907379824913,-1.41758300240455,0.164460551133313,0.545344149097479,-4.59487766897175
"M34057_at",386.049453442779,-209.862738712314,1.41748696951747,0.164488420200651,0.545344149097479,-4.59487773265398
"AC002045_xpt2_s_at",-1381.02327096225,3159.46096896988,-1.41715513436613,0.164584748349081,0.545344149097479,-4.59487795267707
"U34070_s_at",-335.392307937279,-306.096020186307,-1.41696507794688,0.16463993956005,0.545344149097479,-4.59487807867532
"M93036_at",-1982.79000169761,963.589040423721,-1.41668733224599,0.164720621259418,0.545344149097479,-4.59487826278304
"M26683_at",187.901140936984,-371.920199355115,1.41658332138697,0.164750843096523,0.545344149097479,-4.59487833172071
"U27831_at",361.647668389759,678.0887131934,1.41640074328644,0.164803904263787,0.545344149097479,-4.5948784527224
"X74262_at",-671.123654012014,2462.87409465603,-1.4150855217922,0.165186531650696,0.546356751948567,-4.59487932400296
"D86966_at",373.237517233034,1522.20637172178,1.41226273422144,0.166010090881666,0.54836312174211,-4.59488119179803
"X52003_at",-116.725301033722,-788.869593057492,-1.41220204082485,0.166027833618217,0.54836312174211,-4.59488123192513
"D50405_at",-331.879591673855,-23.6691424442177,-1.41177976753778,0.166151319465987,0.54836312174211,-4.59488151107057
"U91985_at",-467.487957797101,905.472765660352,-1.41174001777641,0.166162947230619,0.54836312174211,-4.59488153734386
"Z83804_at",-406.977661293568,-1070.35319465323,-1.41151941107802,0.16622749158068,0.54836312174211,-4.59488168314692
"S69965_at",-108.807007460605,-833.262070376555,-1.41142700857498,0.166254532212374,0.54836312174211,-4.59488174421203
"M36200_at",251.838128820047,598.189562348294,1.40898261676952,0.166971107701827,0.550472015266634,-4.59488335844962
"U56417_at",403.803230322358,1451.12743595817,1.4085224522625,0.167106274861836,0.550542844010113,-4.59488366208419
"U49248_at",-162.24296065362,-513.579353805511,-1.40818528061011,0.167205368779287,0.550542844010113,-4.59488388451278
"L40395_at",-176.301854671292,182.304308223135,-1.40784961328188,0.167304066176532,0.550542844010113,-4.59488410590659
"U87593_f_at",-1816.80008002641,1836.68284868939,-1.40753932314466,0.167395342308141,0.550542844010113,-4.59488431052489
"Z19585_at",-206.391161123338,-1346.286963394,-1.40712727861477,0.167516611019888,0.550542844010113,-4.59488458218839
"U89922_s_at",-562.137644917788,-927.798728698041,-1.4069891344197,0.167557283555414,0.550542844010113,-4.59488467325344
"U92458_at",-223.075946941414,-85.3271402490199,-1.40654318701865,0.167688632419131,0.550542844010113,-4.59488496717429
"Z80788_at",-126.474573669157,-804.245547598237,-1.40635406663437,0.167744360007526,0.550542844010113,-4.59488509179966
"X15673_s_at",368.284538233701,-166.346093124498,1.40629588042095,0.167761508489488,0.550542844010113,-4.59488513014014
"HG3703-HT3915_s_at",-264.37823830759,-375.077392669715,-1.40628527819496,0.167764633296028,0.550542844010113,-4.5948851371261
"X64072_s_at",-5673.39981875035,23178.6113086639,-1.40523864489068,0.168073332528387,0.551087342238883,-4.59488582655983
"D87074_at",-603.563720889604,-287.83899049649,-1.40519871980742,0.16808511700597,0.551087342238883,-4.59488585285096
"M37457_s_at",-1114.48564237654,1745.38178374472,-1.40482586010676,0.168195203193319,0.551194850170752,-4.59488609835437
"Z28339_at",-580.411842969658,1591.79992112042,-1.40451885606747,0.168285887851322,0.551238707518501,-4.59488630045695
"HG4557-HT4962_at",-150.756886805714,-253.574222010521,-1.40378780761885,0.168501982874974,0.551693131258695,-4.59488678156772
"Z80787_at",219.299760594775,-396.67562139714,1.40264549820272,0.168840078480526,0.552453462141162,-4.59488753293106
"X79483_at",-184.816162144483,-800.135875349111,-1.40237625482378,0.168919844948721,0.552453462141162,-4.59488770995655
"HG273-HT273_s_at",-608.501443854226,674.032843440579,-1.4022150663103,0.168967612978442,0.552453462141162,-4.59488781592372
"L06633_at",226.72767848376,-516.027897636405,1.40195705313986,0.169044096815596,0.552453462141162,-4.59488798552417
"X82877_at",207.263847052816,-329.585469538648,1.40143349145537,0.169199381216409,0.552707644275865,-4.59488832960121
"X97064_at",-138.009435279282,-686.659173302772,-1.40016844133763,0.169575044579425,0.553681155172106,-4.59488916054731
"Z48605_at",-221.782916723187,-398.931106482084,-1.39908209920556,0.169898158364434,0.554482273362371,-4.59488987362793
"HG2810-HT2921_at",286.964050302295,-90.6751193340049,1.39832912006847,0.170122400506843,0.554960127179459,-4.59489036762621
"V00594_at",-1116.07149044523,130.545232177465,-1.39737416318374,0.170407124619517,0.555634753389015,-4.594890993826
"U79270_at",-116.007369507005,-433.365922291052,-1.39660494506651,0.170636739854447,0.556033350060594,-4.59489149797987
"M60483_rna1_s_at",-413.148409267224,768.529226685299,-1.39601590189925,0.17081273490061,0.556033350060594,-4.59489188389408
"AF001359_f_at",888.102920110712,-622.952946392331,1.39594878387894,0.170832797474739,0.556033350060594,-4.59489192785843
"D86988_at",-622.371358031136,913.35254729871,-1.39576011475336,0.170889203311542,0.556033350060594,-4.59489205143335
"X75756_at",558.551472097506,1096.15023668688,1.39565966493475,0.170919240405669,0.556033350060594,-4.59489211722071
"U09367_at",-114.310140988395,-490.88732900506,-1.39458523486011,0.171240780026485,0.556825354477367,-4.59489282065614
"X92521_at",-124.2479488494,-261.276002705064,-1.39187723317499,0.172053280125786,0.559212370363254,-4.59489459166406
"Z97074_at",273.808959877483,-574.889897729167,1.39085558075347,0.172360591514173,0.559700991843156,-4.59489525909446
"X71661_at",-714.465303998305,1714.9156585702,-1.38989601785586,0.17264961511178,0.560384344725583,-4.59489588560284
"D38535_at",350.970806905578,839.679299352294,1.38927923646771,0.17283559063528,0.560422597851911,-4.59489628812155
"U31248_at",169.771740252053,-360.273345262208,1.38926109229662,0.172841063929007,0.560422597851911,-4.59489629996046
"X01060_at",296.290611255703,-353.648449141539,1.38896915728857,0.172929146333586,0.560422597851911,-4.59489649042838
"AF007111_at",-157.450903629165,-359.19807205782,-1.3888147136446,0.172975759062131,0.560422597851911,-4.5948965911794
"X05299_at",-1645.77418998736,2248.82129665642,-1.38760690700848,0.173340624831301,0.561349680141692,-4.5948973787779
"M74558_at",-409.992193374682,-1872.52848751306,-1.38652064664183,0.173669283329482,0.562158719665244,-4.59489808664487
"U83601_at",-344.757504954781,-1554.32292903456,-1.38622380842215,0.173759178753322,0.562194511656051,-4.59489828000311
"M13934_cds1_at",-123.47549716873,-1244.83485877556,-1.38546107184743,0.173990334081085,0.562687107633659,-4.59489877669079
"X60221_at",481.534120421923,1678.21209938065,1.38484133647786,0.174178327202892,0.563039733129566,-4.59489918009468
"HG4155-HT4425_s_at",-187.909512395406,-14.7932580194729,-1.38342940529614,0.174607217342245,0.563716316482901,-4.59490009861741
"HG4058-HT4328_at",145.028595393543,-729.681404602311,1.38313154667532,0.174697799912417,0.563716316482901,-4.5949002922907
"D87120_at",-275.351822830965,-702.231357261652,-1.38311516797981,0.174702781938499,0.563716316482901,-4.59490030293945
"M34423_at",293.197000948384,-289.24328780516,1.38296783153608,0.174747603286667,0.563716316482901,-4.59490039872701
"D63485_at",270.928619365411,1085.92488957353,1.3828518638371,0.174782888198527,0.563716316482901,-4.59490047411505
"U65437_rna1_at",-126.829485390172,-905.604777081522,-1.38218546754988,0.174985756462482,0.564019121118866,-4.59490090722555
"U02632_at",-392.140834904306,550.466473179086,-1.38202392354289,0.175034962142203,0.564019121118866,-4.59490101219232
"D63160_at",212.681402377805,-82.5797653991166,1.38079794699826,0.175408739856891,0.564828157908462,-4.59490180847413
"M94556_at",-466.947716058526,-1244.93360978521,-1.38026751329341,0.175570651121513,0.564828157908462,-4.59490215281799
"D50911_at",-285.294006278119,977.888863018443,-1.3801782962766,0.175597895391068,0.564828157908462,-4.59490221072486
"M30448_s_at",1488.31748465131,1077.76437067432,1.38016202536146,0.175602864406543,0.564828157908462,-4.59490222128527
"L39064_rna1_at",-131.469460278342,-544.805801496765,-1.37961069368565,0.175771301429593,0.564941552533385,-4.59490257905997
"D13630_at",-346.861816680182,643.119885112448,-1.37889817378481,0.175989168531563,0.564941552533385,-4.59490304126289
"HG1827-HT1856_s_at",-8547.98261019501,28765.1955581146,-1.37884397505127,0.176005749435377,0.564941552533385,-4.59490307641304
"X82850_s_at",223.19426912335,-537.670016992558,1.37878831929585,0.176022777343259,0.564941552533385,-4.59490311250696
"X95592_at",-385.616301880047,831.835062011592,-1.37875087229379,0.176034234992172,0.564941552533385,-4.59490313679146
"L29376_at",-171.822709814504,-834.779755359494,-1.37707829609434,0.176546582571139,0.565762924981148,-4.59490422091779
"L05144_at",-581.871541094047,92.5458835083293,-1.37664969481037,0.176678058582874,0.565762924981148,-4.59490449855599
"X87344_cds10_at",-203.188470778961,-397.512943343984,-1.37664325853644,0.176680033526527,0.565762924981148,-4.59490450272472
"M60052_at",135.339819622628,-1183.92688750356,1.37662052914267,0.176687008082521,0.565762924981148,-4.5949045174463
"U40763_s_at",-108.106973276382,-458.525555216312,-1.376338776686,0.176773482052605,0.565762924981148,-4.59490469991788
"L38820_at",118.668823921447,-694.514660263518,1.37615391424532,0.176830236866111,0.565762924981148,-4.59490481962406
"D13633_at",-120.309758769737,-562.650545608916,-1.37574994455486,0.176954309160423,0.565762924981148,-4.59490508116602
"U79282_at",228.02114317314,-574.648991868098,1.3755381748676,0.177019377490423,0.565762924981148,-4.59490521824715
"K03474_at",-220.256436591938,-587.918917092535,-1.37543423212371,0.177051321706601,0.565762924981148,-4.59490528552431
"D49489_at",-709.351352484615,1927.10657667531,-1.37532935533559,0.177083557503565,0.565762924981148,-4.59490535340186
"S74728_at",147.151725980914,-534.572080599901,1.37316677099257,0.1777492811482,0.567635523451775,-4.59490675211777
"HG2167-HT2237_at",374.015239186578,461.842558983651,1.37228039050061,0.178022701093439,0.567919106072777,-4.59490732489507
"X13461_s_at",320.071710168013,-344.145285581509,1.37207977998294,0.178084628153326,0.567919106072777,-4.59490745448755
"U75309_s_at",-642.479970245132,1192.51355815748,-1.37168374383641,0.178206930676888,0.567919106072777,-4.59490771027801
"D78361_at",3653.43077176242,24496.9050824977,1.37159874547711,0.178233188048601,0.567919106072777,-4.59490776516864
"X13916_at",236.337135815468,-815.539751170124,1.37158871588284,0.178236286550396,0.567919106072777,-4.59490777164542
"X60484_at",-183.270694624382,-515.19316186721,-1.37054964401341,0.178557519064916,0.568680471174729,-4.59490844243501
"X89750_at",-362.54669928301,-962.302305228417,-1.37030011186663,0.178634729411217,0.568680471174729,-4.59490860346307
"M17316_at",146.857111759403,-158.969858226757,1.36964439683779,0.178837744144697,0.568909916141535,-4.59490902649557
"U83192_at",-384.590490016549,302.528160895651,-1.36955200858353,0.178866362640488,0.568909916141535,-4.59490908608635
"Z69881_at",-217.667962595373,-226.648817606209,-1.39214468284469,0.172190192569101,0.559402397817887,-4.59490963689836
"S39329_at",337.051817940624,-805.203584584975,1.3683521625657,0.179238352734968,0.569838918124413,-4.59490985969521
"M76180_at",561.845398463263,1308.96619940404,1.3670442417021,0.179644530512741,0.570875733995704,-4.59491070235865
"X85781_s_at",-1105.87659946341,1785.75544624985,-1.36556451824964,0.180104919273093,0.5717086149215,-4.59491165492101
"HG2743-HT2846_s_at",234.869507757348,-625.679587906092,1.36521942920606,0.180212418357018,0.5717086149215,-4.59491187694926
"U81600_at",218.870565928459,28.5598005296777,1.36484933216409,0.180327762788051,0.5717086149215,-4.59491211501679
"M83651_at",-177.234475734959,-1426.49529205485,-1.36480707243112,0.180340937081602,0.5717086149215,-4.59491214219733
"M24351_cds2_at",684.472175019099,1742.29694872611,1.36474899615833,0.180359043327607,0.5717086149215,-4.59491217954959
"Y10936_at",386.194036097768,919.250545888154,1.36465722553529,0.180387657211243,0.5717086149215,-4.59491223857005
"D45370_at",-289.45734896026,-472.820470289033,-1.36427892705677,0.180505646884894,0.571828417563829,-4.59491248183112
"X99393_s_at",122.743487000416,-698.052660771821,1.3633969197677,0.180780972651468,0.571990451203792,-4.59491304878409
"X07743_at",589.779882219764,-1139.08491112056,1.36338342518211,0.180785187613508,0.571990451203792,-4.59491305745607
"M38690_at",1619.8057631641,1006.96364231598,1.36334422978845,0.180797430516526,0.571990451203792,-4.59491308264369
"D29013_at",242.827399349911,423.036984725913,1.36308076956388,0.180879740422165,0.571997086009073,-4.59491325193235
"L29218_at",-235.586357859849,304.846834654522,-1.36243862708917,0.181080478939085,0.572378056433782,-4.59491366443508
"D31767_at",1332.04831395634,6732.12042712771,1.36151471507403,0.181369602362814,0.573037941714323,-4.59491425766482
"X13444_at",1058.44264307311,-2059.33594324917,1.36068898949257,0.181628301277185,0.573043309928611,-4.59491478757334
"U11863_at",-545.500685463924,-726.15242869378,-1.3604579588455,0.181700733873019,0.573043309928611,-4.59491493579015
"U66828_s_at",298.697408132834,-435.086927415361,1.36031904346286,0.181744297271405,0.573043309928611,-4.59491502490091
"Y07596_at",-252.715800421183,-1144.29509502295,-1.36028649559728,0.181754505337989,0.573043309928611,-4.59491504577848
"Y08223_at",665.283132225347,1995.77481135109,1.36022721519411,0.181773098732088,0.573043309928611,-4.59491508380238
"D86961_at",-191.442553534597,-900.975667898404,-1.35994681286395,0.181861067261778,0.573067287071912,-4.59491526364103
"D14694_at",-1064.04972745616,3298.69683985611,-1.35948653664866,0.182005537473835,0.573106696076994,-4.59491555877801
"M68519_rna1_at",-384.012130648227,-728.672103258957,-1.35939490130946,0.182034310281081,0.573106696076994,-4.59491561752644
"U09411_at",-165.608795064845,71.9172706386387,-1.35850885329591,0.182312703681459,0.573212034850668,-4.59491618541524
"U34877_at",213.718792897807,-370.448913057037,1.35833904886537,0.182366093148383,0.573212034850668,-4.59491629421241
"X61177_at",-920.102648580897,1795.92710670043,-1.35828719152642,0.18238240040065,0.573212034850668,-4.59491632743626
"L38500_at",-105.823099472139,-624.102905671183,-1.35826524784628,0.182389301230706,0.573212034850668,-4.59491634149477
"D45371_at",212.940858150488,288.883845597211,1.35767863504291,0.18257385336783,0.573539272407928,-4.59491671724766
"S62904_s_at",-201.117243162769,-581.384716536108,-1.35719666080242,0.182725593249588,0.573763190428363,-4.59491702587567
"U48296_at",296.698750610732,625.783361022085,1.35669006641552,0.182885189054709,0.573832285170956,-4.59491735017269
"L33075_at",-367.709976397664,-349.20650375909,-1.35659455561178,0.182915290492825,0.573832285170956,-4.59491741130299
"U79265_at",135.373576808393,-537.525219659679,1.35612074636166,0.183064673929501,0.573832285170956,-4.59491771450583
"HG3242-HT4231_s_at",2956.56297701491,3161.8691253196,1.3561055134122,0.183069478160696,0.573832285170956,-4.59491772425235
"J00105_s_at",-603.061171457338,298.321731782447,-1.35549141979434,0.183263234485045,0.574187225445017,-4.59491811709468
"D87012_at",-176.164294538157,-1441.0279735811,-1.35515916080864,0.183368133338769,0.574263574369239,-4.59491832958385
"U32849_at",-420.388753123703,510.330629837561,-1.35469751188031,0.183513959201035,0.574467973249596,-4.59491862475108
"M65292_s_at",-129.936527176707,-806.173229113425,-1.35330449558991,0.183954527258384,0.575594442246397,-4.59491951491483
"L40992_at",162.268893167638,-493.248885003123,1.35248553518988,0.184213919039793,0.575917793032034,-4.59492003789714
"U11872_at",-215.648802353121,-624.451852812953,-1.35233992672592,0.184260067512872,0.575917793032034,-4.59492013085462
"L11373_at",-672.107498075403,2050.89836163486,-1.35221346548316,0.1843001547748,0.575917793032034,-4.59492021158174
"M97796_s_at",1604.50542064923,-150.942176652917,1.35195406897678,0.184382402522077,0.575922432056473,-4.59492037714942
"U79254_at",274.796562552494,-731.34413511367,1.35142635846961,0.18454981271408,0.576192957296019,-4.59492071389659
"J02683_s_at",-1730.08245655782,6710.20353399423,-1.3510969171628,0.184654383538033,0.576267137422195,-4.59492092406808
"M69023_at",-134.65395104278,-250.131464942329,-1.35080891477293,0.184745838224603,0.576300337873859,-4.59492110776878
"U09414_at",-139.245902072359,-702.360535428655,-1.34984545460265,0.185052036750075,0.576529364852362,-4.59492172207388
"D87465_at",-827.931488535614,133.667090192832,-1.34977938764906,0.185073047869036,0.576529364852362,-4.59492176418525
"U50648_s_at",1129.73074971017,-24.1838953278726,1.34962471711399,0.185122244555238,0.576529364852362,-4.59492186276635
"Z49825_s_at",678.995894939288,-485.305454737717,1.34915199917253,0.185272666228635,0.576529364852362,-4.59492216400151
"D87468_at",212.012078065856,-664.224759596078,1.34905878687606,0.185302338030981,0.576529364852362,-4.59492222339001
"D10522_at",473.307044063857,-105.380686034058,1.34895488408767,0.185335417191301,0.576529364852362,-4.59492228958581
"X14830_at",-248.623119295978,-490.479542048133,-1.34879855359209,0.185385196130482,0.576529364852362,-4.59492238917511
"M91432_at",382.37665203197,-815.496666625919,1.34769589543666,0.185736597899399,0.577370392162431,-4.59492309134819
"HG1103-HT1103_at",86.2092514176421,-513.439978428323,1.34710648915598,0.185924643365005,0.577472942950027,-4.59492346648975
"X54637_at",333.542651617549,-655.67478354676,1.34691145260674,0.185986900465604,0.577472942950027,-4.59492359059582
"U49250_at",159.451925162023,-198.016071518371,1.34664794600238,0.186071039158621,0.577472942950027,-4.59492375824757
"HG3565-HT3768_at",-596.972195089415,-1329.19978854226,-1.34639998530186,0.186150240697461,0.577472942950027,-4.59492391598398
"U15128_at",-1052.32761201073,2136.83787543366,-1.34603514012108,0.186266823605299,0.577472942950027,-4.59492414803148
"X83572_at",126.365284063816,-604.894942579877,1.34587020642115,0.18631954505756,0.577472942950027,-4.59492425291513
"X55544_at",-135.555045842661,-735.204033913947,-1.34581732126238,0.186336452352827,0.577472942950027,-4.59492428654332
"L36463_at",261.669927196018,-249.272580300599,1.34540537801343,0.186468190266964,0.577509417356202,-4.59492454844944
"AD000092_cds1_at",307.012409691678,-443.563814044878,1.34527408203867,0.186510193264806,0.577509417356202,-4.59492463191128
"D78014_at",147.0507080101,-425.149919658594,1.3442972151825,0.186822931769097,0.578226704186386,-4.59492525267384
"HG3104-HT3280_at",-559.204777891707,-3404.20447182388,-1.34355274825919,0.187061539047477,0.578714028176815,-4.59492572550707
"X97261_at",846.619979107048,420.656915279349,1.34217782698217,0.187502826816885,0.579693154450333,-4.59492659819696
"Y08999_at",167.045029611909,-460.118268340647,1.34206021373529,0.187540612441021,0.579693154450333,-4.59492667281445
"L25878_s_at",-572.529874849109,-2071.11968235251,-1.34166946213662,0.187666191229172,0.579770876241961,-4.59492692068094
"L12723_at",-123.952490841382,-317.809630188092,-1.34143406277133,0.187741874443845,0.579770876241961,-4.59492706997389
"HG3859-HT4129_at",-199.948916872891,23.0254741481264,-1.34104456855615,0.187867152111662,0.579770876241961,-4.59492731694844
"X76342_at",-347.454641323692,334.82508805662,-1.3409705454244,0.187890968306713,0.579770876241961,-4.59492736387915
"X63759_at",-277.554557028148,-741.180124037383,-1.34043690506332,0.18806273026341,0.580049883005354,-4.59492770214465
"U82275_at",135.075224618599,-431.067364918894,1.33972575682832,0.188291813604226,0.580505370865429,-4.59492815275788
"X15729_s_at",1238.71918519812,-69.167896285992,1.33835642192142,0.188733522519855,0.580863814161652,-4.59492901987354
"U09759_at",-95.4919254267618,-737.742467840754,-1.33833115573918,0.188741680138779,0.580863814161652,-4.59492903586623
"Z80779_at",-275.804087712868,-280.894499960118,-1.33829138969752,0.188754519832851,0.580863814161652,-4.59492906103637
"L13977_at",189.700975191921,-540.366869213508,1.3381029934905,0.188815358466794,0.580863814161652,-4.59492918027446
"L26234_at",132.985299814151,-690.642338103186,1.33757774424132,0.188985056173124,0.581135159797564,-4.59492951263798
"M35878_at",302.55480733145,-407.919314489311,1.3370139075118,0.189167350833129,0.581444990858207,-4.59492986929948
"X02761_s_at",329.296481541233,-595.615599265848,1.33535678461289,0.189703897208706,0.582842951742904,-4.59493091681773
"Z49099_at",5951.81534013154,17165.5917372103,1.33880503125566,0.188802196277885,0.580863814161652,-4.59493106831009
"X65463_at",135.694310095526,-376.655199125906,1.33496108618262,0.189832189481076,0.582985935912813,-4.59493116679317
"M31523_at",-302.21802763702,576.25576291353,-1.33399412875599,0.190145973443089,0.583474330434285,-4.59493177739539
"M13955_at",254.547218929984,-274.802899699807,1.33374145747061,0.190228032340725,0.583474330434285,-4.59493193688924
"V00574_s_at",5283.86842420964,6823.83365345785,1.33371481197323,0.190236687457539,0.583474330434285,-4.59493195370724
"X87838_at",699.657809690219,-153.605977705872,1.3327598007894,0.190547097857239,0.584132712406662,-4.59493255630552
"U62437_at",163.783329818287,-353.610799152396,1.33248255940011,0.190637283117066,0.584132712406662,-4.59493273117443
"M21064_at",-161.814262279781,-273.308961728959,-1.33202666285713,0.19078565505964,0.584132712406662,-4.59493301866439
"J03171_at",-231.933930405892,-625.199840596254,-1.33179785561281,0.190860153889607,0.584132712406662,-4.59493316292058
"X13973_at",366.648501604244,346.461472988473,1.33179550328724,0.19086091991411,0.584132712406662,-4.59493316440354
"HG25930-HT26386_at",-276.827951972213,-926.58078485487,-1.33141802215724,0.190983875477578,0.584258265135398,-4.59493340234935
"L31573_at",-234.858260755725,-1551.2180829496,-1.33042869447342,0.191306413231917,0.584994010616124,-4.59493402571056
"U82987_at",-248.798013369275,-1488.35869030219,-1.329401246068,0.191641819966877,0.585768460430261,-4.59493467268785
"X91148_at",-110.189888604093,-815.587364116948,-1.32898134228672,0.191779025405258,0.585936688159765,-4.59493493698011
"AB000381_s_at",133.248678342919,-1060.0296851412,1.32859633943779,0.191904892814349,0.586070145892559,-4.59493517924498
"X69636_at",1551.07737463649,5575.04419111656,1.32790559775467,0.19213087249173,0.586368709603145,-4.59493561375274
"U48936_at",627.635341547184,1809.6348237012,1.32734499062911,0.192314427500508,0.586368709603145,-4.59493596626332
"M23178_s_at",212.245833218703,-706.466318914566,1.32732106757145,0.192322263412954,0.586368709603145,-4.59493598130345
"J04501_at",-350.764603738603,-371.735916584953,-1.32729266146322,0.192331568049608,0.586368709603145,-4.59493599916173
"L13738_at",324.94834725042,419.614388964047,1.32605980194039,0.19273573219111,0.58734978899778,-4.59493677392955
"M96843_at",-2468.10879420865,7423.10156888527,-1.32491606774109,0.193111258687903,0.58824279611424,-4.59493749215825
"D00017_at",2007.0137199051,3579.41443093566,1.32448993348363,0.193251315758399,0.588418075436868,-4.59493775962652
"M64099_at",-341.152912649619,579.184209510433,-1.32324157714131,0.193662058195551,0.589417045237931,-4.59493854276447
"HG2730-HT2828_s_at",-184.785046239455,10.4205693946499,-1.32268989671463,0.193843787962872,0.589718452202748,-4.5949388886592
"X98834_rna1_at",-284.724194459389,-1304.45487082227,-1.32208030014224,0.194044747332612,0.590078078135973,-4.59493927072821
"M86852_at",-133.984526878958,-903.434410391407,-1.32145636011857,0.194250599790078,0.590452270717412,-4.59493966163675
"HG3992-HT4262_at",202.596782222035,-533.83955609845,1.32057169525954,0.194542757089342,0.591088368472134,-4.59494021563288
"U42359_at",-114.68241918476,-788.695481202192,-1.32008154074683,0.194704773068865,0.591140812140307,-4.59494052244646
"D86971_at",-313.893353503006,-567.811892496001,-1.31974280578025,0.194816798865961,0.591140812140307,-4.59494073442368
"D26362_at",-224.676881291787,790.241845222466,-1.31952840295995,0.194887731170184,0.591140812140307,-4.59494086857179
"L49219_f_at",-114.056260461068,-442.776227148795,-1.31951668951096,0.19489160697544,0.591140812140307,-4.59494087590017
"S78187_at",-449.733337205979,20.515227346466,-1.31923022597973,0.194986411778099,0.591176914281304,-4.59494105510605
"L13848_at",-311.935231790562,779.93858697852,-1.31890811699734,0.195093055408392,0.591248864478216,-4.59494125657268
"M81882_at",250.00939616364,275.641432908794,1.31852762679498,0.195219085148155,0.591379480115332,-4.59494149450221
"L27213_s_at",-681.417029747278,-311.406561540629,-1.3179035459518,0.195425933794285,0.591754706533777,-4.59494188463208
"U82169_at",-133.50563940481,-431.170202523832,-1.31731965171351,0.195619614031901,0.59202698664211,-4.59494224950219
"M74093_at",-126.197864863996,-721.516361198333,-1.31713197881794,0.195681897001185,0.59202698664211,-4.59494236674891
"M27878_at",-352.543597487783,-918.809066165085,-1.31584724143899,0.196108668488704,0.592041013699323,-4.5949431690051
"X89986_s_at",265.373744884466,-1367.94503804564,1.31555569280011,0.196205615452819,0.592041013699323,-4.5949433509731
"U11036_at",314.59728739876,-788.938294189252,1.31548342036687,0.196229653428753,0.592041013699323,-4.59494339607627
"U66048_at",-438.50272087665,-699.272672943681,-1.31542693319404,0.196248442753071,0.592041013699323,-4.59494343132688
"U63743_at",-289.437539425995,-295.996829290118,-1.31536647720999,0.196268553741134,0.592041013699323,-4.59494346905284
"U50146_at",-226.79654590033,-1224.27906881641,-1.31534073288035,0.196277118198859,0.592041013699323,-4.59494348511747
"U81262_at",-272.648823402394,-227.343042885954,-1.31498153375782,0.196396643947651,0.592041013699323,-4.59494370923298
"U84573_at",493.855390688403,1168.45261274908,1.31494047176609,0.196410311111985,0.592041013699323,-4.59494373484962
"HG174-HT174_at",116.669591386897,-870.574190933769,1.31487007024785,0.19643374539512,0.592041013699323,-4.59494377876826
"D86962_at",-196.083067864352,155.332722675491,-1.31365518707501,0.196838474424829,0.59301020748773,-4.59494453634391
"X98253_at",-529.045787689842,-355.078025266285,-1.313249464224,0.196973779222764,0.593057298538129,-4.59494478921528
"U07418_at",-247.520367435601,96.4700809851929,-1.31310960446527,0.197020437559505,0.593057298538129,-4.59494487636951
"D32001_at",306.518290477376,950.141949531418,1.31234614486261,0.197275282136013,0.593573855237093,-4.59494535198746
"D13720_s_at",436.622045645155,-218.284550987188,1.31195714659666,0.197405227102419,0.593714329172227,-4.59494559423659
"U05340_at",-238.564255586662,-975.457079559097,-1.31144253869134,0.197577232073142,0.593971512147478,-4.59494591461805
"HG1116-HT1116_at",-154.56716820293,436.508453766889,-1.31120302562782,0.197657326928336,0.593971512147478,-4.59494606369719
"M57423_f_at",-3375.69301704467,5929.15626985613,-1.31066554324843,0.197837154740726,0.594071165310716,-4.5949463981582
"D50645_at",-109.059374363846,-737.397383046643,-1.31060593659886,0.197857105260546,0.594071165310716,-4.59494643524285
"M91670_at",-347.137781638696,481.862385281277,-1.31015252136095,0.198008914768942,0.594079315360235,-4.59494671729231
"D10925_at",377.108302750613,86.1935582165656,1.30966608939491,0.198171877212307,0.594079315360235,-4.59494701979024
"HG945-HT945_s_at",1000.08098787321,-1794.07823825492,1.30947291299884,0.198236622666315,0.594079315360235,-4.59494713989526
"U46194_at",147.446730135689,-229.479054478738,1.30920241049926,0.19832731195091,0.594079315360235,-4.59494730805219
"D49824_at",134.430680862714,-394.888077878992,1.30919160114322,0.19833093657568,0.594079315360235,-4.59494731477119
"HG1828-HT1857_at",103.371470078615,-376.16766152612,1.3091058996162,0.198359676044414,0.594079315360235,-4.59494736804088
"D63998_at",169.580324036241,-261.371625920574,1.30834204032326,0.198615971369761,0.594597183810986,-4.59494784270715
"U66726_at",-5944.20974373906,2515.55184331435,-1.30750699957604,0.198896437933215,0.595169963907499,-4.59494836134361
"Y08682_rna1_s_at",-340.501541996203,-105.300964043322,-1.30714794958893,0.199017125166245,0.595169963907499,-4.59494858426212
"X54938_at",194.644293108403,-368.565620442518,1.30702731431451,0.19905768670865,0.595169963907499,-4.59494865914794
"U25034_s_at",638.849621793022,-1761.88822761764,1.3067269034878,0.199158721998359,0.595222483893671,-4.59494884560675
"S79267_at",-133.313945009667,-559.001875933694,-1.30642030362785,0.199261878981884,0.595273181804619,-4.59494903587038
"X86428_s_at",-310.644425934225,-880.588570332465,-1.30618035569418,0.19934263892153,0.595273181804619,-4.59494918474669
"U14972_at",2944.91495033344,26930.1704605068,1.30582715139248,0.199461563110761,0.595378989762593,-4.594949403852
"M94630_at",-670.68056936425,1738.89420830992,-1.30495667115506,0.199754884632845,0.595525881527912,-4.59494994363259
"X53742_at",-239.460242002365,-1756.00354847745,-1.30489070924112,0.199777124846184,0.595525881527912,-4.5949499845231
"J00314_at",-304.091553407114,-814.550828142753,-1.30483259444651,0.199796720824171,0.595525881527912,-4.59495002054768
"U82130_at",-302.73047485532,535.131857094031,-1.30468995792366,0.199844823236053,0.595525881527912,-4.5949501089605
"X15875_at",-1588.7012126141,4835.07852179722,-1.30369054141946,0.200182110874115,0.596062279267199,-4.59495072822115
"HG3214-HT3391_at",-2908.18829090471,46502.81968109,-1.30352996086403,0.200236344606911,0.596062279267199,-4.59495082768375
"U13737_at",-188.24326476123,68.0937259891971,-1.30341378447992,0.20027558843419,0.596062279267199,-4.59495089963636
"D88152_at",-86.8211623776926,-877.443010966246,-1.30248797099899,0.200588532482303,0.596599593579819,-4.59495147283907
"L22009_at",-1011.25587975309,6203.89780367429,-1.30238473760149,0.200623450484421,0.596599593579819,-4.59495153673347
"U89012_at",-886.283471745737,1738.62131148521,-1.30122136476755,0.201017272474798,0.597020677700594,-4.59495225649114
"U42031_at",-448.517983462425,144.623199341015,-1.30112927683568,0.201048470877217,0.597020677700594,-4.59495231344149
"L15409_at",-148.688580716822,63.649826701119,-1.30074571028633,0.201178458619398,0.597020677700594,-4.59495255061629
"L48211_at",149.911465423815,-920.05801011512,1.3007157046948,0.20118862997063,0.597020677700594,-4.59495256916752
"U67122_s_at",327.222468702425,90.6568800433692,1.30067228127415,0.20120335041324,0.597020677700594,-4.59495259601382
"L14927_at",-832.278992762459,-2519.24745766912,-1.30048342095543,0.201267383142929,0.597020677700594,-4.59495271276706
"U79297_at",-91.2017894577167,-510.540806322087,-1.30011764446938,0.201391442914544,0.59714028250462,-4.59495293884967
"U68019_at",-214.308701790734,-216.490133496997,-1.29885945400607,0.201818624015788,0.597920041154568,-4.59495371612102
"M24398_at",-183.795774490601,-778.414361691755,-1.29884916495039,0.201822120187778,0.597920041154568,-4.59495372247471
"U60062_at",146.986793539702,-535.408280675764,1.2980384699684,0.202097734823837,0.598487934812617,-4.59495422296293
"M93143_at",135.009654663307,-402.352163237688,1.29730758176393,0.202346461730577,0.598975765297111,-4.59495467395948
"X93510_at",223.667762099287,-187.379225317307,1.29638890211878,0.202659424441531,0.599653259623469,-4.59495524053404
"HG3125-HT3301_s_at",164.627937364077,-512.448331005507,1.29587240227309,0.202835539220267,0.599874421841016,-4.59495555892706
"M68891_at",183.090581955044,-698.835596843893,1.29516745743265,0.203076096529843,0.599874421841016,-4.59495599331565
"M60314_at",460.583115261069,-1720.01463879915,1.29491031168389,0.203163899406805,0.599874421841016,-4.59495615172055
"D88532_at",111.137891866276,-775.185401528445,1.29449144605586,0.203306983369723,0.599874421841016,-4.5949564096909
"X65644_at",-171.496338863048,-802.987504636377,-1.29407436099166,0.203449534890313,0.599874421841016,-4.5949566664957
"D30755_at",369.124580639685,-20.7464397344091,1.29391045990874,0.203505573780827,0.599874421841016,-4.59495676739295
"D64015_at",-260.729230936233,-315.637440001101,-1.29365040211203,0.20359451327961,0.599874421841016,-4.59495692746231
"D29992_at",111.636467737513,-450.761999891758,1.29349366783023,0.203648130450304,0.599874421841016,-4.59495702392163
"D28476_at",-339.901475145935,893.847256030256,-1.29347339364037,0.203655066820752,0.599874421841016,-4.59495703639831
"U43431_at",314.874322563562,-1318.16661459076,1.29326654292338,0.203725846487002,0.599874421841016,-4.59495716368435
"M33600_f_at",2125.30446792541,319.672950573193,1.29314215667569,0.203768417628142,0.599874421841016,-4.59495724021756
"X55079_rna1_at",-374.073088693433,533.47818281285,-1.29305295319775,0.203798951626143,0.599874421841016,-4.59495729509951
"AFFX-ThrX-5_at",-100.391321566289,-821.87374629767,-1.29296881360066,0.203827755450958,0.599874421841016,-4.59495734686304
"U07969_s_at",135.03254608879,-664.269259510553,1.29184466263694,0.204212885873023,0.600138410739143,-4.59495803818344
"L20773_at",-297.105119495026,1348.65385766286,-1.29176126763115,0.204241478648019,0.600138410739143,-4.59495808944903
"HG4757-HT5207_s_at",250.658306440179,-731.865312232735,1.29150347847936,0.204329883273529,0.600138410739143,-4.59495824790292
"M93718_at",299.257786462597,532.754526186754,1.29149688808163,0.20433214372337,0.600138410739143,-4.59495825195346
"L20320_at",110.680489615898,-491.525076581283,1.29143104958287,0.204354726801606,0.600138410739143,-4.59495829241767
"L16464_at",140.489129470774,-173.672861185615,1.29123376202929,0.20442240915515,0.600138410739143,-4.59495841365993
"U50733_at",-1737.61270987216,1434.15420040102,-1.29067812485856,0.204613119655639,0.600451093112905,-4.59495875504166
"J03600_at",-580.041297976254,449.493975074858,-1.29005696657267,0.204826478119281,0.600829952887122,-4.59495913653463
"Y08417_s_at",264.011322612236,-894.494034876369,1.2891231919627,0.205147532003356,0.60139167024985,-4.59495970973765
"M96789_at",165.142615064684,-579.715116469705,1.28846358113978,0.205374551025561,0.60139167024985,-4.59496011443539
"U15085_at",-270.33493088899,566.321821439127,-1.28834993566973,0.205413683685222,0.60139167024985,-4.59496018414404
"Z69043_s_at",548.794538418094,1887.88352895257,1.28833851703538,0.205417615887127,0.60139167024985,-4.5949601911478
"U67191_at",-1906.27900112309,1573.18300385842,-1.28827455014009,0.205439645032763,0.60139167024985,-4.59496023038171
"HG3405-HT3586_at",89.623619376682,-650.898553248476,1.28777829900083,0.205610606407566,0.60164515153564,-4.59496053470085
"U01922_at",153.029054023315,-390.539424254752,1.28715724252627,0.205824715360544,0.602024628890909,-4.59496091541757
"D78514_at",-113.597207474892,-761.045956558569,-1.28673031745311,0.205971995255414,0.60220840433225,-4.59496117704017
"D11094_at",-272.686654981686,-301.726914180286,-1.2863002170801,0.206120451040227,0.602395465724533,-4.59496144053551
"U33447_at",-256.36968091895,-1912.90487738988,-1.28598778044592,0.206228344032816,0.60246387599263,-4.59496163189968
"X00437_s_at",-5631.76409374916,2977.80539619546,-1.28474553751177,0.206657746717988,0.60326052441367,-4.59496239237727
"HG4236-HT4506_f_at",541.791577373782,-1824.45363107344,1.28444252515525,0.206762590488927,0.60326052441367,-4.59496257778276
"D83784_at",187.573008158386,-214.414980739581,1.28416029139636,0.20686028087188,0.60326052441367,-4.59496275044157
"U69961_at",-255.305813665552,79.2217561645575,-1.28413703631901,0.206868331771931,0.60326052441367,-4.59496276466664
"L40904_at",282.006710776703,-411.612155709129,1.28397617649178,0.206924027866476,0.60326052441367,-4.59496286305831
"L22214_at",200.085735262399,-64.8241928369163,1.28345097558782,0.207105952183785,0.603544154075426,-4.59496318423164
"Z48923_at",-266.560916600337,-804.287650878559,-1.28274647732272,0.207350172803281,0.604009020531125,-4.59496361487767
"Y00097_s_at",195.550220237309,-403.100994633665,1.28173669529486,0.207700601568567,0.604576882451287,-4.59496423179375
"U91931_at",-201.148965139699,243.194973034177,-1.28157704100062,0.207756047918078,0.604576882451287,-4.59496432929582
"AB000816_s_at",-189.69611920074,-863.666977819081,-1.28145206524178,0.20779945854552,0.604576882451287,-4.59496440561237
"U31201_cds2_s_at",-1132.65935260923,1587.59294543044,-1.28116779894152,0.207898224596187,0.60461755285294,-4.59496457917671
"M80647_at",257.02187617717,275.507596232049,1.28063483310561,0.208083494702802,0.604909661934643,-4.5949649045028
"HG3227-HT3404_at",-229.605585718908,-169.809589404472,-1.28004078787979,0.208290143953153,0.605263657917657,-4.59496526697904
"M93405_at",240.859641959035,-181.097046907479,1.27925421600777,0.208564005021157,0.60581259462561,-4.59496574671575
"S62907_s_at",-122.621101445908,-708.388241325883,-1.27833619381004,0.208883976279653,0.606494965329887,-4.59496630631372
"D38498_f_at",-5332.09750865034,11857.7813804496,-1.27778501391351,0.20907626441236,0.606568044001065,-4.59496664213478
"HG3417-HT3600_s_at",-102.789760149228,-593.441055331933,-1.27771638917004,0.209100214609259,0.606568044001065,-4.59496668393777
"AF008445_at",416.708885107905,-409.825229309543,1.27753271466499,0.209164327611642,0.606568044001065,-4.59496679581447
"HG1763-HT1780_s_at",236.39435111871,-285.289635711307,1.27662833624007,0.209480223830037,0.607063711795255,-4.59496734647818
"D25538_at",-164.716474063146,-293.493169685107,-1.27654558425143,0.209509146741152,0.607063711795255,-4.59496739684847
"L10377_s_at",391.091611628369,-130.169252028774,1.27631246647425,0.209590640645059,0.607063711795255,-4.59496753873021
"AF000545_at",-230.453206461619,-1159.15658363228,-1.27603682242285,0.209687031785257,0.60709631492516,-4.59496770646663
"X70218_at",523.163558068685,-849.532126564559,1.27478556227092,0.210125009921527,0.608117469866239,-4.5949684675096
"U74324_at",-1655.95591168569,3716.3139410986,-1.2742404699192,0.210316023555776,0.608423352525858,-4.59496879885115
"L41919_rna1_at",219.891272099621,-487.658788202934,1.27362109425293,0.210533226420614,0.608804719223599,-4.59496917520299
"X66364_at",269.864919961498,206.583052548926,1.27225531167552,0.211012775791302,0.609795039279368,-4.59497000455392
"U51587_at",-220.163165065404,-355.643443361632,-1.27184311426617,0.21115766652267,0.609795039279368,-4.59497025470836
"U43083_at",241.85725823332,-175.197215328312,1.27125965811626,0.211362883956495,0.609795039279368,-4.59497060868039
"X78817_at",773.52319192247,-115.152483818844,1.27123175538522,0.211372701863122,0.609795039279368,-4.59497062560505
"L42243_cds1_at",-101.428717420495,-493.284654717871,-1.27082238214828,0.211516784104568,0.609795039279368,-4.5949708738785
"U89336_cds1_at",508.136034323032,366.198541576989,1.27064955376822,0.211577634617185,0.609795039279368,-4.594970978674
"AF001620_at",-116.384319478811,-868.286284629381,-1.27051385852994,0.211625420278086,0.609795039279368,-4.59497106094524
"D79205_at",-4746.20577611249,45665.574576269,-1.27040364192226,0.211664239499575,0.609795039279368,-4.59497112776352
"L20469_s_at",-418.336032845294,-341.953881549299,-1.27033165907573,0.211689595355882,0.609795039279368,-4.59497117140015
"U15306_at",161.386697233577,-343.484276674092,1.27021462423616,0.211730825586273,0.609795039279368,-4.59497124234327
"U22970_rna1_s_at",-451.271586518619,57.8920236541903,-1.26924920813268,0.212071162490488,0.610528647444357,-4.59497182734175
"U90908_at",-248.166027518255,17.5369101244362,-1.2689850205325,0.212164367796325,0.61055048698773,-4.59497198736257
"M20530_at",-761.31128130288,2078.68504218312,-1.26808474089001,0.212482217302307,0.611218512135036,-4.5949725324606
"D59253_at",-112.72150848765,-597.616081000048,-1.26735707054493,0.212739387234475,0.611257239784739,-4.59497297281096
"U79273_at",418.618386919315,-421.316381386703,1.26715835321443,0.212809657617265,0.611257239784739,-4.59497309302812
"D42041_at",336.230754918892,1080.25872426548,1.2670766524138,0.212838553693101,0.611257239784739,-4.59497314244972
"U15460_at",-221.198044217926,-2088.60070819683,-1.26678982025319,0.21294002429729,0.611302461056349,-4.59497331593609
"U24577_at",-205.925355238695,-659.406448799451,-1.26635454739783,0.21309407709358,0.611498536722059,-4.59497357914186
"X15675_at",-252.397084182853,123.208481285003,-1.265449461891,0.213414674902188,0.61166775430337,-4.59497412619658
"U67368_s_at",-83.1034826008081,-672.614966856067,-1.26539825311332,0.213432824799309,0.61166775430337,-4.59497415713855
"HG2197-HT2267_s_at",-103.721299863362,-416.287261297315,-1.26538919801868,0.213436034311724,0.61166775430337,-4.59497416260982
"D86549_at",-145.017687646497,-346.012183928352,-1.26521961273539,0.213496149272344,0.61166775430337,-4.59497426507055
"U28015_at",-382.578602389336,154.853264374886,-1.26808043521108,0.212690715192754,0.611257239784739,-4.59497431534158
"L13943_at",-291.212150986518,-380.308983056399,-1.26469483047696,0.213682255718656,0.611955086558126,-4.59497458206268
"Z22780_at",-409.837062142084,326.186010842316,-1.26410443510133,0.213891776370318,0.612309216096642,-4.59497493855628
"U59877_s_at",222.47054038756,-928.749670086875,1.26333133994257,0.214166366837097,0.61246601719453,-4.5949754051569
"U96136_at",160.475980744645,-674.671158749411,1.26319676060673,0.214214194169389,0.61246601719453,-4.59497548635763
"S77575_at",-135.95009106949,-355.200068744645,-1.2630583368214,0.214263396112686,0.61246601719453,-4.5949755698704
"M19878_at",527.512955588437,880.952232197667,1.26298321473983,0.214290101374331,0.61246601719453,-4.59497561518926
"X70683_at",-1315.68696901061,557.534087957415,-1.26243484989613,0.214485116025311,0.61259089633726,-4.59497594593253
"U79299_at",128.070518048532,-808.555418949517,1.26201062133589,0.214636075427313,0.61259089633726,-4.59497620172099
"HG1751-HT1768_at",426.912227140361,-1418.4971606103,1.2616639393562,0.21475949943192,0.61259089633726,-4.59497641069921
"U44111_at",91.6347480625729,-675.128275196569,1.26165847884288,0.214761443882343,0.61259089633726,-4.5949764139904
"X90908_at",234.630737596702,-13.0148471875724,1.26165320792797,0.21476332083062,0.61259089633726,-4.5949764171673
"U91521_at",-329.760431135363,254.597454384081,-1.26102326743372,0.214987728262479,0.612618346413802,-4.59497679676633
"X86681_at",244.632989305138,531.466665011286,1.26061865375512,0.215131958840786,0.612618346413802,-4.59497704050061
"L76687_at",-130.256275796927,-718.631864841154,-1.26057644753637,0.21514700805167,0.612618346413802,-4.59497706592133
"L12535_at",97.2662862903411,-115.905908791882,1.26039978640676,0.215210007580839,0.612618346413802,-4.59497717231623
"L00137_cds1_at",-151.903953312759,-361.460472005351,-1.26021414566614,0.215276224241893,0.612618346413802,-4.59497728410564
"U78190_rna1_at",-159.588551625426,-1141.58502816095,-1.25982306053895,0.215415771323629,0.612618346413802,-4.59497751956462
"U03735_f_at",-294.495217161722,-363.974590206942,-1.25972243106737,0.21545168891274,0.612618346413802,-4.59497758014026
"HG3492-HT3686_at",-562.883398099858,3526.26307970643,-1.25969853785726,0.215460217754286,0.612618346413802,-4.59497759452259
"S82185_at",-230.223166346581,-1304.55141432727,-1.25905180358075,0.215691169968831,0.613030583119863,-4.59497798373221
"Y08976_at",-407.714311690965,1286.79329462033,-1.25865671195624,0.215832350466721,0.613046472566416,-4.59497822141875
"U50062_at",119.17219768158,-110.554322916688,1.25855502241168,0.215868699006348,0.613046472566416,-4.5949782825849
"HG4157-HT4427_at",-78.6444629246489,-510.055111589876,-1.25755847451483,0.2162251538463,0.613547758172184,-4.59497888178761
"U04847_at",-114.628701502901,-468.152899376871,-1.25716373676079,0.216366469210195,0.613547758172184,-4.59497911902462
"U07231_at",129.146386870584,-886.486085390086,1.25675279271061,0.216513659828321,0.613547758172184,-4.5949793659351
"S80335_at",152.99874018189,-339.14710913806,1.25670941828644,0.216529199911156,0.613547758172184,-4.59497939199211
"X14813_at",189.633448074005,9.15704636009543,1.25665023219142,0.216550406307415,0.613547758172184,-4.59497942754671
"L11573_at",-105.599914888955,-787.713870671432,-1.2566194085773,0.21656145103343,0.613547758172184,-4.59497944606267
"U46461_at",343.892823913983,-163.791330037938,1.25601624179933,0.21677766276428,0.613561461172507,-4.59497980831253
"D63134_at",-158.452584149341,-1730.55481869809,-1.25589692198131,0.216820453387508,0.613561461172507,-4.5949798799563
"D14689_at",349.416582594605,568.535218976277,1.25588588437906,0.216824412025623,0.613561461172507,-4.59497988658337
"M98399_s_at",306.172607359217,40.3547642020452,1.25555491821554,0.216943138223958,0.613616409007075,-4.59498008527555
"HG821-HT821_at",-1869.91851638332,33254.8627473049,-1.25535207299053,0.217015928132919,0.613616409007075,-4.59498020702985
"M29386_s_at",177.362553942417,-500.877531462975,1.25474987335924,0.217232131831531,0.613984277483411,-4.59498056839224
"M31551_s_at",183.313168483811,-617.610356097972,1.2538200181622,0.217566287867922,0.614517305573053,-4.59498112608474
"X51345_at",762.395039860665,-58.1034721339568,1.25374553220849,0.217593072019627,0.614517305573053,-4.5949811707436
"S82597_rna1_s_at",121.197827433146,-599.828023800275,1.2530062325468,0.217859047957818,0.61501417196557,-4.59498161387767
"U90913_at",-157.384181920275,-580.932171387439,-1.25277719736728,0.217941496642406,0.61501417196557,-4.59498175111608
"D30715_xpt5_s_at",-102.460673857399,-636.637050114295,-1.25195256917814,0.218238541610515,0.615608797557191,-4.59498224506035
"X77909_at",-707.130969485199,780.072639697047,-1.25132213743209,0.218465837721902,0.616006282639337,-4.59498262249821
"U30872_at",-248.189583772828,-71.974580717109,-1.25091960708163,0.218611058659263,0.61617211830008,-4.59498286340839
"HG1783-HT1803_s_at",-2606.86619243267,36588.104570196,-1.250236509779,0.218857664777155,0.616623471958077,-4.5949832720856
"HG4638-HT5050_at",-372.700315632045,-1094.43440438583,-1.24969908155886,0.219051828633485,0.616926773295964,-4.59498359348113
"U09584_at",419.984124665403,417.929709955503,1.24913953873758,0.219254118769222,0.617252712571388,-4.59498392797809
"HG162-HT3165_at",-791.795128567932,1109.26412577252,-1.24876828214937,0.219388415194925,0.617351840881294,-4.59498414984715
"M17466_at",259.962940775315,-973.116040440219,1.24856361675976,0.219462476038996,0.617351840881294,-4.5949842721348
"M29971_at",-113.345955229482,-411.701557462128,-1.24806531024137,0.219642872789239,0.617389816311876,-4.59498456980255
"M96980_at",-164.631236145578,-827.086895897202,-1.24795524339767,0.219682734067048,0.617389816311876,-4.59498463553845
"HG2668-HT2764_at",175.662930311004,618.486992991685,1.24774624038136,0.219758440450972,0.617389816311876,-4.59498476034915
"D85527_at",161.079528607481,436.820146374872,1.24757001482171,0.219822289106136,0.617389816311876,-4.59498486557238
"M64572_at",-292.300041956555,495.032621020241,-1.24695588330726,0.220044904569118,0.617541656806263,-4.59498523216881
"U59914_at",-85.412948469733,-685.460105249692,-1.24694306940929,0.220049551247331,0.617541656806263,-4.59498523981625
"X70394_at",-130.688317165474,-666.224721041675,-1.24627558248196,0.220291701934012,0.617880836237224,-4.59498563808638
"L08069_at",-598.246756511386,1099.0990745502,-1.24560538835156,0.220535034652156,0.617880836237224,-4.59498603779096
"D64158_at",-126.145178381327,-107.801692296156,-1.24558906669209,0.22054096318618,0.617880836237224,-4.59498604752295
"X80200_at",-698.498442379683,3330.99249230686,-1.24541724077946,0.2206033829099,0.617880836237224,-4.59498614996981
"U47011_cds1_at",-197.240988145847,-1147.31859967524,-1.24541651299347,0.220603647322952,0.617880836237224,-4.5949861504037
"X07109_at",238.946393819391,312.011817773635,1.24414596694751,0.221065611774241,0.618931636263099,-4.59498690756435
"L11284_at",-833.542024207815,2355.54316803211,-1.24382316948985,0.221183094174463,0.619017521412124,-4.59498709982625
"U11732_at",-119.621033475134,-820.242805633611,-1.24316613886795,0.221422364745993,0.619444049824903,-4.59498749103127
"Z21488_at",249.674262597041,-734.62116702872,1.24285486116432,0.221535789929943,0.619518320780558,-4.59498767630939
"HG2689-HT2785_at",-134.785046627597,-1196.91062979968,-1.2422016934244,0.22177393571214,0.619941174270197,-4.59498806495938
"D13637_at",-142.499914872817,-858.214054942806,-1.24165709147542,0.22197264401484,0.620253497049304,-4.59498838887837
"U46025_at",-1091.54903195143,4290.1057226143,-1.24106340248905,0.222189413685063,0.620518562950708,-4.59498874185682
"J00117_f_at",-434.508587313732,-1282.10704534624,-1.2409207078134,0.22224153832227,0.620518562950708,-4.59498882667485
"U46006_s_at",-319.83371136722,384.844791994323,-1.2404308991633,0.222420528758908,0.620700602199051,-4.59498911775557
"U31556_at",-133.909540262375,-283.04885850896,-1.24018793669146,0.222509354178702,0.620700602199051,-4.59498926210592
"X57351_at",335.191373059357,158.260622954694,1.24002793470956,0.222567864229838,0.620700602199051,-4.59498935715425
"D31833_s_at",230.063005479394,-761.572538466688,1.23968833564982,0.222692087880666,0.620804252805719,-4.59498955885694
"D43968_at",-130.641319373928,-744.756167625622,-1.23934418562126,0.222818028893588,0.620871185549699,-4.59498976321505
"Z47038_s_at",492.878164778457,-506.170306802016,1.23913352791693,0.22289514480714,0.620871185549699,-4.59498988828106
"J04164_at",-3819.92426503835,5639.01780786517,-1.23849963652842,0.223127314575225,0.620871185549699,-4.59499026450963
"X66894_s_at",216.177346851654,81.8894117073949,1.23839711849696,0.223164879840694,0.620871185549699,-4.59499032534108
"HG2743-HT2845_at",133.063400449416,-521.887754121878,1.2380793319127,0.223281354985714,0.620871185549699,-4.59499051388006
"J00123_at",119.672966778879,-603.096860614402,1.23797780222577,0.223318577179282,0.620871185549699,-4.59499057410779
"U41816_at",-137.112818528413,-451.873299105905,-1.23795874819577,0.223325563165752,0.620871185549699,-4.59499058541023
"U94319_at",-195.350148805589,-313.775072666474,-1.23744789435777,0.223512923682973,0.621091247402403,-4.59499088838307
"U82759_at",283.78947146703,-233.46582754951,1.23717236586324,0.223614024906221,0.621091247402403,-4.59499105174729
"D49493_at",-123.065859547277,-859.244874416819,-1.23671723165452,0.22378110435038,0.621091247402403,-4.5949913215346
"X99141_at",215.233157776484,9.70453242776555,1.23647123622891,0.223871447732707,0.621091247402403,-4.59499146731697
"AFFX-BioB-3_st",-229.958479995789,-2306.39841120317,-1.23601535262696,0.224038945572554,0.621091247402403,-4.59499173741893
"U02687_at",155.957147729519,-552.959791071323,1.23580737470138,0.224115390432245,0.621091247402403,-4.59499186061375
"U51240_at",-3282.77409689977,10279.0487202181,-1.23572758267405,0.224144724125113,0.621091247402403,-4.59499190787356
"HG2564-HT2660_s_at",-97.7845891507453,-795.730743627933,-1.23533364459742,0.224289588173747,0.621091247402403,-4.59499214116026
"U24152_at",956.307234248728,5084.45387905856,1.23532745192174,0.224291865980659,0.621091247402403,-4.59499214482701
"X71874_cds1_at",-652.261204094818,298.732945751902,-1.23522758605256,0.224328601292258,0.621091247402403,-4.59499220395647
"D13631_s_at",6801.05742402173,7847.31105744718,1.23513465494081,0.224362789694095,0.621091247402403,-4.5949922589763
"J00073_at",272.846537013258,794.147387106251,1.23468923591338,0.224526708542362,0.621303825617222,-4.59499252263789
"S80267_s_at",230.91456891521,-113.298030881165,1.23422085162633,0.224699174821347,0.621403202372575,-4.59499279980678
"L36529_at",-93.2114362169517,-574.704554604407,-1.23411842358877,0.224736903508466,0.621403202372575,-4.59499286040726
"U35376_at",-142.034465110059,-287.942036404583,-1.23349353539694,0.224967178871058,0.621566662860901,-4.5949932300237
"M59815_at",-2848.87450564381,5239.61050958181,-1.23299655570433,0.225150444209115,0.621566662860901,-4.5949935238702
"X95425_s_at",-174.527125341765,-587.466440339124,-1.2329620708758,0.22516316488513,0.621566662860901,-4.59499354425614
"Z68193_at",423.735784555169,-471.562350375241,1.23292046205143,0.225178514153195,0.621566662860901,-4.59499356885283
"X54816_at",168.888405329369,-803.749858639811,1.23277592041404,0.225231840812308,0.621566662860901,-4.59499365429191
"M92642_at",733.202648006259,-82.0972644977509,1.23153503221543,0.225690035441789,0.622590190613306,-4.59499438743658
"X16354_at",-750.726191484971,2121.43142074258,-1.23126612280104,0.225789420679864,0.622623495308627,-4.59499454623192
"AB002332_at",-228.733973533528,178.491649803925,-1.23059204740112,0.226038692490542,0.62306993279863,-4.59499494415526
"S83366_cds1_at",-270.099593436383,-1835.02575345328,-1.2300868132502,0.226225660984355,0.623344354126521,-4.59499524228647
"X58377_at",-215.344407237605,-840.257299019171,-1.22958450168562,0.226411661667147,0.623390754551197,-4.59499553859031
"L04751_at",385.230503197028,-1431.76481096791,1.22956917061365,0.226417340385304,0.623390754551197,-4.5949955476322
"S76638_at",-142.90947428742,-728.594947816349,-1.22873207196103,0.226727567001432,0.62371991847165,-4.59499604118748
"X86012_at",-176.769055949772,427.305904351164,-1.22870129683083,0.226738978190836,0.62371991847165,-4.59499605932714
"M55543_at",-95.2460214321112,-751.924949785179,-1.22853865504924,0.22679929162768,0.62371991847165,-4.59499615518603
"X55330_at",266.988071741965,153.348268901439,1.22761137006725,0.227143389639016,0.624425409219671,-4.59499670151001
"S81419_at",147.982765980569,-495.063638175545,1.22736825941092,0.227233667436501,0.624432864157876,-4.59499684468449
"L42451_at",-223.591299527071,257.93712780268,-1.22691744042008,0.227401146965594,0.624652380204796,-4.59499711012045
"U80669_at",178.944044801672,-686.306583213432,1.22578842778003,0.227820977293434,0.625375406045703,-4.5949977745047
"U82970_at",-185.031067637009,-774.992531179019,-1.22573796206135,0.227839756683037,0.625375406045703,-4.59499780418989
"M13577_at",-170.421460631517,-747.532010842539,-1.22499143189099,0.228117690752604,0.625844379323118,-4.59499824319648
"U01317_cds6_at",266.485626770445,-1483.79420476345,1.22466079451096,0.228240867658341,0.625844379323118,-4.59499843755953
"U11037_at",-164.737515497459,-1060.1074048982,-1.22457213127391,0.228273906972294,0.625844379323118,-4.59499848967208
"Z46967_at",-118.728130408244,-871.497962292007,-1.2242778621306,0.22838358829979,0.625904445874637,-4.59499866260824
"L31860_at",113.110676064572,-781.811898834287,1.22390342533839,0.22852320649393,0.626046479257862,-4.59499888260638
"M34309_at",-93.65421499063,-411.420509981149,-1.22300078818284,0.228860037301033,0.626692199960779,-4.59499941271084
"U02081_at",-287.990725934325,-828.595755144806,-1.22280090259494,0.228934676889332,0.626692199960779,-4.59499953005558
"U53204_at",143.611212000496,-720.838604151719,1.22180465049737,0.229306957647495,0.62720164820903,-4.59500011467216
"X72755_at",180.743395541181,-263.783245855743,1.22175634939807,0.229325018243131,0.62720164820903,-4.59500014300573
"D79992_at",-128.528183870317,38.2935249665227,-1.22151179135365,0.22941647877683,0.62720164820903,-4.59500028644964
"S34389_at",-393.023035769376,707.833674206166,-1.22136176737476,0.229472598538404,0.62720164820903,-4.59500037443315
"U40998_at",368.457385043407,829.472357843469,1.22093971315771,0.229630531656685,0.627392843388437,-4.59500062190311
"M18185_at",-93.6101199019525,-729.332640916409,-1.22063071199975,0.229746211179463,0.627409097331862,-4.59500080303878
"U08021_at",246.560656321769,-655.100324155644,1.22019642795462,0.229908865206632,0.627409097331862,-4.59500105754913
"HG2255-HT2344_f_at",-2343.20529442013,5321.08431052864,-1.21975224231987,0.230075315794967,0.627409097331862,-4.59500131778271
"HG1327-HT1327_s_at",1824.65288589526,202.360066805984,1.21962483050742,0.230123077525362,0.627409097331862,-4.59500139241419
"X72889_at",876.019561792059,177.13763605406,1.21951902871054,0.230162744073074,0.627409097331862,-4.59500145438258
"L29306_s_at",-82.4294289432192,-666.949886442775,-1.21951466371426,0.230164380678748,0.627409097331862,-4.59500145693908
"L25119_at",106.043846338203,-464.938430708077,1.21914047123889,0.230304711875846,0.627431332152937,-4.59500167606727
"Y10659_at",110.248622295862,-542.135830985533,1.2190237172296,0.230348510387938,0.627431332152937,-4.59500174442706
"U52700_at",-126.863749063277,-745.567061825501,-1.21782483517611,0.23079860926428,0.628417290058642,-4.59500244605398
"U19252_s_at",138.317335303379,-526.994032880565,1.21754135931403,0.23090513016195,0.628467359994225,-4.59500261186803
"S82470_at",512.894452648081,-541.362162250383,1.2169077291106,0.231143358871404,0.62871350687688,-4.59500298237986
"M26657_s_at",-394.930325983958,-1130.60141554947,-1.21683185048764,0.231171899457465,0.62871350687688,-4.59500302673849
"M21812_at",-2361.73545429867,1202.01778954094,-1.21607959485725,0.231454989781692,0.628831928788595,-4.59500346637972
"M29335_s_at",334.800205042846,-1667.80041343998,1.21585721993523,0.231538723360918,0.628831928788595,-4.59500359629817
"M16276_at",90.3692131524042,-680.508112811413,1.21540338833394,0.231709679595303,0.628831928788595,-4.59500386137824
"U32499_s_at",-398.394886604897,146.318441799445,-1.21537776424752,0.231719334847391,0.628831928788595,-4.59500387634259
"U91316_at",139.948367074647,-415.169964422175,1.21537441969122,0.231720595110694,0.628831928788595,-4.59500387829577
"U39400_at",-209.726868587262,337.479772522036,-1.21531087816379,0.23174453917493,0.628831928788595,-4.5950039154025
"U19878_at",-351.863473758216,811.118892632953,-1.21462363088398,0.232003628171878,0.629135665920342,-4.59500431663294
"L47345_at",232.041481703163,33.7647573867157,1.21444929954692,0.232069384253518,0.629135665920342,-4.59500441838081
"Y09980_rna4_at",263.074826983184,-1520.57864148772,1.21431207869177,0.232121152297913,0.629135665920342,-4.59500449846054
"U40490_at",-299.592219861992,270.522522798402,-1.21385042914678,0.232295377130664,0.629368668054242,-4.59500476781476
"D50855_s_at",-174.624162140975,-196.900191198778,-1.21351672545195,0.232421375751678,0.629470881308475,-4.59500496246338
"HG2999-HT4756_s_at",190.190664649916,-123.287173396864,1.21287911283535,0.232662263413169,0.629884054821301,-4.59500533425479
"X77567_s_at",-3521.88666015822,1626.38468257025,-1.21229712198836,0.232882298119687,0.63024048117324,-4.59500567346802
"D49742_at",224.709732411434,-1704.4603006226,1.21144412031847,0.233205071835526,0.630874570280402,-4.59500617038947
"HG2075-HT2137_s_at",145.902582606341,-530.170303669498,1.20948224561013,0.233948691963504,0.632206763721117,-4.59500731216163
"L40388_at",103.068262099444,-670.522072405952,1.20928811088652,0.234022370814986,0.632206763721117,-4.59500742505849
"U65092_at",144.786588324283,-817.953644990083,1.20918093632456,0.234063053493489,0.632206763721117,-4.59500748737803
"K03494_s_at",-418.132783302228,-1061.84146188843,-1.20882654599611,0.234197614569763,0.632206763721117,-4.59500769341437
"U01923_at",-189.524140630901,-1191.95878536278,-1.20878327957533,0.234214046619005,0.632206763721117,-4.59500771856519
"U19718_at",176.788403730426,-700.383991578567,1.2087427009032,0.234229458666553,0.632206763721117,-4.59500774215291
"U61734_s_at",730.925214179246,406.051292944307,1.208204922224,0.234433781126289,0.632300758127204,-4.59500805469127
"D17793_at",165.921551788288,-679.205005773049,1.20818429258457,0.234441621720422,0.632300758127204,-4.59500806667814
"M68941_at",149.400409226651,-398.064683194468,1.20666123003187,0.235021017407116,0.633623771315746,-4.59500895117333
"X51405_at",241.14605245001,-416.095132769769,1.20625377089254,0.235176199520847,0.63368532719703,-4.59500918763772
"U81556_at",312.160615212868,289.955758053019,1.20603840393674,0.235258253176035,0.63368532719703,-4.59500931259604
"D21260_at",-2022.57430053959,2607.25271907064,-1.20590145792994,0.235310439828598,0.63368532719703,-4.59500939204375
"L34587_at",-456.621231594025,1553.54702100036,-1.20546363492681,0.235477340241556,0.633895399495107,-4.59500964599033
"Y10313_at",-95.2777578754609,-595.071589602154,-1.20511855545627,0.235608947712293,0.634010341938251,-4.59500984608828
"X71125_at",206.75408903993,-547.579956129247,1.20414600564974,0.235980152947795,0.634294754340558,-4.5950104097686
"Z30425_at",237.864825252489,155.604867315464,1.20381801362346,0.23610543871709,0.634294754340558,-4.59501059978202
"L06175_at",-190.429198706651,-821.016218113425,-1.20376217910495,0.236126771152034,0.634294754340558,-4.59501063212386
"U91930_at",-183.925019914665,-627.899956591049,-1.20375311926266,0.236130232737527,0.634294754340558,-4.59501063737161
"HG2148-HT2218_f_at",241.640242405865,-810.935525105033,1.20367682492368,0.236159384767099,0.634294754340558,-4.59501068156233
"X92368_at",-136.693150514192,-594.697559322811,-1.2016268082287,0.236943686454996,0.636161682270547,-4.59501186806511
"HG406-HT406_at",131.517703239289,89.6423690206293,1.19923738143673,0.237860254614032,0.638382188804164,-4.59501324883149
"Z83742_at",-193.999276478575,-969.631222965621,-1.19779533800408,0.238414671179634,0.639276365434166,-4.59501408100214
"D14660_at",-78.8778992090045,-787.061087101838,-1.19768958678494,0.238455366218265,0.639276365434166,-4.5950141419951
"S69189_at",-466.919826462714,443.73854774758,-1.19767139825982,0.238462366015269,0.639276365434166,-4.59501415248504
"J05448_at",-125.326694987582,-931.63178684193,-1.19729332226781,0.238607901527034,0.639376884640906,-4.5950143705033
"D86959_at",86.8623195594426,-473.878968997241,1.1969945234253,0.238722966419349,0.639376884640906,-4.59501454276462
"U01147_at",128.176333028835,-397.945212254484,1.19687541238287,0.238768846416875,0.639376884640906,-4.5950146114234
"U18291_at",139.182298782672,-407.695607080132,1.19632488409252,0.238980986687652,0.639652108440332,-4.59501492868671
"U10687_s_at",366.793076927841,-239.887532346616,1.1961432018415,0.23905102636285,0.639652108440332,-4.59501503336078
"X71345_f_at",585.006555988185,-1036.46191933119,1.19577749960708,0.239192052579482,0.63971007141366,-4.59501524401457
"S72024_s_at",369.960800262367,522.401538765117,1.19533491704546,0.239362807854001,0.63971007141366,-4.59501549887972
"D82060_at",-88.3648391992319,-640.688374367978,-1.19533297176752,0.239363558569924,0.63971007141366,-4.59501549999974
"HG3549-HT3751_at",-3306.58404684703,46461.5659753155,-1.19515688240316,0.239431521610301,0.63971007141366,-4.59501560137981
"HG4234-HT4504_at",139.195910546447,-384.297571739054,1.1946725999381,0.239618507110417,0.63996987797917,-4.59501588013028
"U68233_at",-321.808605482442,595.680762684834,-1.19432455002431,0.239752958193433,0.640089234323238,-4.59501608040631
"D87683_at",-98.7951521531481,-581.228802818126,-1.19341003086646,0.240106498920991,0.640793205017061,-4.59501660640407
"D25304_at",355.297312579101,-253.83584603005,1.19243803303201,0.240482678796654,0.641557045454149,-4.59501716508354
"Z84721_cds1_at",-474.084740229216,-1073.15200811103,-1.19211199119047,0.240608959253258,0.641653884979425,-4.5950173523968
"Z21507_at",-756.002293517841,976.007866815183,-1.19131763840732,0.240916826251491,0.642234724485751,-4.59501780857434
"X58529_at",-314.455105458586,333.111125137739,-1.19049902709004,0.241234396845032,0.642840988005202,-4.59501827841062
"S61953_at",98.9619358079804,-614.193196264446,1.19013973079665,0.241373878334723,0.642972404335044,-4.59501848453892
"D31628_s_at",171.756127721946,-680.862051080306,1.18926062749239,0.241715401676367,0.643440422044377,-4.59501898865584
"U61836_at",216.433746338975,-733.543073517402,1.18922297668564,0.241730036552641,0.643440422044377,-4.59501901023936
"S73885_s_at",265.264722747996,366.407710496919,1.18856599507798,0.241985509816617,0.643855111836119,-4.59501938676329
"J03824_at",166.440940733842,-478.208191811246,1.18835806124801,0.242066407913706,0.643855111836119,-4.5950195058955
"HG3731-HT4001_r_at",-134.00015094041,-724.420975647578,-1.18751200935711,0.242395774289308,0.644490777948193,-4.59501999044259
"X52599_at",880.560448916144,606.401228088943,1.18650032547247,0.242790051012636,0.645082604125553,-4.59502056946145
"U72508_at",-215.603066338,-531.737041904193,-1.18647664324216,0.242799286141212,0.645082604125553,-4.59502058301048
"X83127_at",99.9899372493863,-825.136942384928,1.1853185273013,0.243251218728672,0.64593370551526,-4.59502124530643
"Z73677_at",-526.859632383694,404.647017487134,-1.18512836840122,0.243325483319687,0.64593370551526,-4.59502135400028
"X82224_at",192.109287409904,-91.8325648585208,1.18495969453745,0.243391371016618,0.64593370551526,-4.59502145040089
"D17461_at",199.796222924949,-1412.87916006221,1.18460909689564,0.243528363823595,0.646056831259694,-4.59502165073705
"D43682_s_at",514.534809807749,796.14818317937,1.18331061082415,0.244036225993297,0.64694505287296,-4.5950223922664
"X86809_at",-342.186373909166,1206.33896106159,-1.18328916336729,0.244044620982788,0.64694505287296,-4.59502240450859
"M60614_at",-167.10712532801,-581.748456458531,-1.1830188638646,0.244150440018563,0.646985056771599,-4.59502255877901
"L09209_s_at",879.874131464612,1813.26752471921,1.18261432758257,0.244308873741771,0.647164405145829,-4.59502278960706
"S42303_at",-126.061617103581,-875.073103575604,-1.18215394955471,0.244489268784968,0.647401773377499,-4.59502305221597
"Z83741_at",-102.841007280255,-1046.09089187873,-1.18168566998873,0.244672859706324,0.647647424857385,-4.59502331924204
"L38487_at",-389.275664813938,-822.390110848898,-1.18134559536999,0.244806250407343,0.647760063693789,-4.59502351310516
"D17427_at",-632.694661289969,761.504884616945,-1.180755400625,0.245037874059794,0.648083536199424,-4.59502384943821
"M93651_at",168.079870434098,-251.475358032339,1.18057102740035,0.245110264637477,0.648083536199424,-4.59502395447701
"D38163_s_at",-552.010497009053,1011.99406562417,-1.17952597694248,0.245520878330987,0.648834518581254,-4.59502454958393
"Y07867_at",179.953960614494,-252.332216784679,1.17938510314572,0.245576267795653,0.648834518581254,-4.59502462977029
"U92314_s_at",-169.411765663552,-1069.20596449845,-1.17863877168345,0.245869866161565,0.649247048290513,-4.59502505445023
"M60092_at",-159.875403487081,156.726557279155,-1.17852537656584,0.245914496905438,0.649247048290513,-4.59502511895447
"L20815_at",180.448117931648,276.064920648794,1.17806437133652,0.246096002977482,0.649485787280689,-4.59502538114011
"M13829_s_at",331.43013662295,20.5599877236346,1.17734386682241,0.246379874135763,0.64983531302624,-4.59502579073321
"X79780_at",187.078252928325,-1106.9827075355,1.17726566834443,0.246410697857657,0.64983531302624,-4.59502583517461
"D30742_at",-209.75506817573,-159.586958351973,-1.17693522595142,0.246540980324426,0.649938532603875,-4.59502602294209
"U68030_at",254.558075177161,-814.00203692454,1.1763925026046,0.246755067021537,0.650262521408197,-4.59502633123579
"HG3731-HT4001_at",797.883883090179,576.856095765947,1.17601273517132,0.246904953431239,0.650328567072638,-4.5950265468898
"L29433_at",-192.748628083357,-1033.92820665113,-1.17571104522563,0.247024071517254,0.650328567072638,-4.59502671816421
"U13045_at",-107.328120524328,-600.376477178251,-1.17539943537262,0.247147150276061,0.650328567072638,-4.59502689503066
"AB002366_at",-94.3630487473152,-751.257408189656,-1.17509836211842,0.247266109731206,0.650328567072638,-4.59502706587836
"U70987_at",-119.424110726558,-907.00419188282,-1.17503797755369,0.247289973777037,0.650328567072638,-4.59502710013979
"D86957_at",-113.664354537165,-770.147617006034,-1.17492627149112,0.247334124555295,0.650328567072638,-4.5950271635164
"X85740_at",-156.824041591872,-393.88953539208,-1.17471280520616,0.247418511073912,0.650328567072638,-4.5950272846124
"HG2707-HT2803_at",-167.336746620559,-1492.25550802131,-1.17444414463481,0.24752474653529,0.650368079418995,-4.59502743699235
"X64177_f_at",-253.328376849846,247.681758049605,-1.1741192129959,0.247653277420342,0.650466122020057,-4.5950276212483
"M54914_s_at",-3789.02209093397,14079.3264627706,-1.17360077167381,0.247858454127734,0.650652582250827,-4.59502791514517
"L43964_at",116.255015514461,-893.206574963369,1.17288251964687,0.248142911661556,0.650652582250827,-4.59502832212736
"U29725_at",151.088946427407,-720.603967269748,1.17276623682935,0.248188986801829,0.650652582250827,-4.59502838799637
"U08096_at",-108.171917389912,-610.823434577849,-1.17273541447316,0.248201200693406,0.650652582250827,-4.59502840545493
"HG880-HT880_at",-192.493317105561,-882.008460645329,-1.17248494437104,0.248300470017733,0.650652582250827,-4.59502854731274
"HG2417-HT2513_at",103.705317633737,-761.988516894147,1.17238847934687,0.248338709899647,0.650652582250827,-4.59502860194033
"M55998_s_at",355.075804047356,-1213.07028870434,1.17232728932494,0.248362968571975,0.650652582250827,-4.59502863658988
"U06088_at",438.583390660828,617.891445473988,1.17143569295095,0.248716635884418,0.651085777722332,-4.59502914128999
"M93284_at",342.463038596507,791.709950548278,1.17140843535485,0.248727453853524,0.651085777722332,-4.59502915671431
"D50692_at",-213.780392403443,-475.572445873804,-1.17122003361989,0.248802235912685,0.651085777722332,-4.59502926331722
"X04470_s_at",129.938040976833,-929.664158587481,1.17011404630168,0.249241563735855,0.651673690998972,-4.59502988881777
"X17042_at",1868.91554761347,1056.10805198593,1.16982889282588,0.249354925719251,0.651673690998972,-4.59503005000625
"U72517_at",531.712309887989,-137.325517899455,1.16948546778417,0.24949150313922,0.651673690998972,-4.59503024408896
"Z24724_at",179.612239678729,-282.755033474477,1.16932710922901,0.249554499392051,0.651673690998972,-4.59503033356694
"D78011_at",96.6987117480634,-909.049464184067,1.16898593962995,0.249690258558477,0.651673690998972,-4.59503052630394
"L22343_at",-109.722505975267,-181.630732327245,-1.16891772883537,0.249717407624982,0.651673690998972,-4.59503056483247
"X76223_s_at",-2344.19604114011,854.989873845032,-1.16884203910265,0.249747535947402,0.651673690998972,-4.59503060758318
"L10381_at",-78.5012621382025,-925.986153481093,-1.16881578779243,0.249757985906632,0.651673690998972,-4.59503062240975
"M17252_at",-257.465900731735,-1391.12747157078,-1.16765221041753,0.250221494722182,0.652405659548037,-4.59503127930298
"M93283_at",234.432920420022,-457.016142216672,1.1671155061821,0.250435500219131,0.65272498247903,-4.59503158210739
"K03515_at",893.359216568904,4074.32131867687,1.16618017587404,0.250808771453136,0.653459024198873,-4.59503210952688
"L37360_s_at",307.568229739631,-1085.63917169365,1.16567720335301,0.25100966440254,0.653743578106104,-4.59503239299527
"HG2868-HT3012_s_at",-116.839235716796,-588.346452837903,-1.16530176155861,0.251159696222729,0.65379924611472,-4.59503260452039
"X14448_at",368.194321051219,-197.372326913246,1.16516489369871,0.25121440672477,0.65379924611472,-4.59503268161758
"M15780_at",585.742468797283,1827.42435642531,1.16355983570326,0.251856645566967,0.654879956869927,-4.59503358515845
"J03133_at",121.992691090227,-120.973255126975,1.16345568529008,0.251898360823353,0.654879956869927,-4.5950336437511
"Y00503_at",-769.914424447779,2563.62447387535,-1.16343870197277,0.25190516360878,0.654879956869927,-4.59503365330509
"U42412_at",-208.935837359166,982.611555990889,-1.16283614141068,0.252146609628529,0.655102368469209,-4.59503399219885
"Y00317_at",-111.010336529516,-1096.97584994985,-1.16245542646194,0.252299248570687,0.655102368469209,-4.59503420624353
"U63542_at",186.046626902119,34.9234185157509,1.16243312914312,0.252308190245872,0.655102368469209,-4.5950342187776
"U88892_at",-129.40466665729,-875.82730973705,-1.16223786863846,0.252386503465158,0.655102368469209,-4.59503432853122
"U61234_at",-110.333950309746,-463.410214637652,-1.16207945788464,0.25245005028094,0.655102368469209,-4.59503441756036
"M23161_at",180.631198190095,44.4566941833775,1.16166852337802,0.25261495159954,0.655291822428637,-4.59503464846268
"D17547_at",147.092415210172,-717.766855085202,1.16119264472142,0.252806011460129,0.655548970080792,-4.59503491576878
"D87957_at",-111.502557708404,-1273.66163668589,-1.16079266551261,0.252966679517084,0.655727150722038,-4.59503514036825
"U79259_at",-239.637628017987,-501.765619234147,-1.15947249881163,0.253497503562363,0.656638930913149,-4.59503588120461
"Y11174_at",-187.976894308294,-214.004197506893,-1.15945985584005,0.253502591053695,0.656638930913149,-4.59503588829593
"M28827_at",-1685.43112325622,242.69340895716,-1.15896475418774,0.253701876509161,0.656916514664789,-4.59503616594125
"J03241_s_at",3107.590278516,5009.9164657202,1.15813826039919,0.25403480464753,0.657539815586765,-4.59503662919799
"U71601_at",127.125108746604,-510.561265627686,1.15770650564965,0.254208849723536,0.657751562909484,-4.59503687108667
"U47742_at",-490.655943797986,1252.52129407875,-1.1570063291357,0.254491281944518,0.658243500742242,-4.59503726319184
"U33632_at",-116.995554200202,-536.984167821392,-1.15609767017481,0.254858148672824,0.658930370727475,-4.59503777174348
"M86933_s_at",101.883796255667,-806.321032040754,1.15589099009588,0.254941648133095,0.658930370727475,-4.59503788736849
"D83778_at",189.612747413111,719.911200153658,1.15516069823506,0.255236846980899,0.659454331819126,-4.59503829577954
"J03592_at",-2340.31555432017,22459.0922632517,-1.15436388520164,0.255559216836623,0.660048089555218,-4.59503874113761
"M61199_at",-128.91158178358,-643.971768288409,-1.15352610121821,0.255898479698445,0.660485273037077,-4.5950392091088
"U90544_at",-81.5733058250437,-689.35724685765,-1.15348846033748,0.255913730108182,0.660485273037077,-4.59503923012743
"Z83800_at",-198.495956044549,-927.202329414661,-1.15276092403331,0.25620862444393,0.661007127680777,-4.59503963626642
"L76380_at",139.268356033316,-170.017078796495,1.15202788907671,0.256505995707258,0.661534992907216,-4.59504004525083
"Z11559_at",-195.010417333679,-1058.92804743128,-1.1517740051892,0.256609047204461,0.661561502391545,-4.59504018684857
"X90780_rna1_at",197.935318530568,82.4625876696618,1.15130485508128,0.256799553930029,0.661813378776666,-4.5950404484349
"D87460_at",-354.238787321811,1166.13004665721,-1.15104526887751,0.256905007377892,0.661845956507135,-4.59504059313404
"HG2639-HT2735_s_at",235.407478132858,-343.863647934596,1.15074599113625,0.257026623772665,0.661890835283601,-4.59504075992307
"HG2264-HT2360_at",170.654073367083,-59.8227553451803,1.15049495493378,0.257128668470631,0.661890835283601,-4.59504089979791
"L40407_at",142.02792232533,-723.860167406981,1.15008507587869,0.25729534466093,0.661890835283601,-4.59504112812161
"D50920_at",-155.308888407672,-151.521808158461,-1.14987846159055,0.257379393340302,0.661890835283601,-4.5950412431897
"X58234_at",-142.287597407671,-917.114106635852,-1.14962442083483,0.257482761793474,0.661890835283601,-4.59504138464611
"L42373_at",-224.65779833456,936.103856241117,-1.14933439327711,0.257600809783035,0.661890835283601,-4.59504154610782
"M12759_at",-1327.70117277102,896.001283642815,-1.14926835359756,0.257627694930959,0.661890835283601,-4.59504158286795
"M94055_at",-1388.39150959589,5195.94688165744,-1.14917678086009,0.257664978088245,0.661890835283601,-4.5950416338377
"L07548_at",128.040022684803,-22.6849309752559,1.14887273066773,0.257788797770084,0.661927261484883,-4.59504180304802
"HG1804-HT1829_at",236.335535156397,700.804314450697,1.1485244785815,0.257930670699292,0.661927261484883,-4.59504199680999
"M83941_at",-117.936046902882,-724.888256259313,-1.14818904509662,0.25806737473947,0.661927261484883,-4.5950421833918
"M34667_at",-697.518208831149,1102.15642798479,-1.14795142271838,0.258164248017863,0.661927261484883,-4.59504231553852
"U65676_at",770.723112861303,2014.72958762322,1.14791167010458,0.258180456820524,0.661927261484883,-4.59504233764346
"HG4113-HT4383_s_at",-150.55992437952,-815.305337365858,-1.14777521284565,0.258236101732007,0.661927261484883,-4.59504241351719
"U51205_at",455.182264283308,-286.139105747589,1.14683229232194,0.25862084471864,0.66239056990885,-4.5950429375916
"U70439_s_at",2206.08678781091,2040.35907145041,1.14666385723139,0.258689615313119,0.66239056990885,-4.5950430311684
"U79725_at",-184.739812328999,475.678771008384,-1.14664940226056,0.258695517766954,0.66239056990885,-4.59504303919854
"M14660_at",71494.75550596,37947.8386894606,1.17013445331353,0.249853160434116,0.651683572441728,-4.59504310193335
"X59871_at",-561.689797449374,468.034071412205,-1.14603736296341,0.258945523180984,0.662792722829718,-4.59504337912278
"HG1604-HT1604_at",-270.702092249984,-1749.89267826897,-1.14578096058453,0.259050309978134,0.662823021332641,-4.59504352148093
"X82539_at",-215.89649069307,-1001.86137756935,-1.14502040762924,0.259361313251603,0.66318764112273,-4.59504394358809
"HG37-HT37_at",-95.7652912938382,-474.806045818432,-1.14497762648804,0.25937881518599,0.66318764112273,-4.59504396732443
"M60752_at",-135.439988488613,-778.395702769032,-1.14423640484606,0.259682186936132,0.663381641579201,-4.59504437845565
"D14812_at",-892.789351814305,5038.53455786843,-1.14413989969548,0.259721703945738,0.663381641579201,-4.59504443196691
"X66417_at",224.636347211064,434.568566817913,1.14411042501501,0.259733774125526,0.663381641579201,-4.59504444830958
"M34065_at",103.975658909613,-867.530231767921,1.14378409107756,0.259867438162051,0.663485392600638,-4.59504462922582
"X56687_s_at",-338.845955718601,799.69986842489,-1.14290696755727,0.260226947038171,0.663929213153942,-4.59504511527251
"U28811_at",-319.753292681013,97.1596371716765,-1.14273279375291,0.260298378676012,0.663929213153942,-4.59504521175021
"L04270_at",528.912606088282,-2645.97840531063,1.14263988706114,0.260336487059336,0.663929213153942,-4.59504526320751
"X07290_at",149.150812289365,-503.489937088906,1.14245170426712,0.260413688008915,0.663929213153942,-4.59504536742334
"M58583_at",-1555.63667517418,2829.8921048496,-1.14192969264249,0.260627926603666,0.664057011782034,-4.59504565643597
"X63657_at",173.85069281829,-777.742810936857,1.14182422846068,0.260671225509877,0.664057011782034,-4.59504571481249
"X76228_at",235.86397969646,-596.94945411574,1.14151079436112,0.26079993816161,0.664057011782034,-4.59504588827688
"U11875_s_at",-141.450961233688,-25.5717390417762,-1.14132595086242,0.260875866122443,0.664057011782034,-4.59504599055578
"U36501_at",-92.4048856545152,-555.137602477765,-1.14119558133073,0.260929427431392,0.664057011782034,-4.59504606268413
"HG3921-HT4191_f_at",236.664414105751,-705.824967842719,1.14039137993536,0.2612600021853,0.664341579722796,-4.59504650745913
"D14662_at",-312.385800913378,925.890881029383,-1.14033424888018,0.261283497907459,0.664341579722796,-4.59504653904592
"U11717_s_at",-149.608517229505,-764.379776367507,-1.14024372282542,0.261320730770221,0.664341579722796,-4.59504658909343
"L07540_at",-189.124395923732,-1821.78218737474,-1.13895018378093,0.26185317286459,0.665457938594935,-4.59504730385242
"X83618_at",197.402861899565,-387.323207626393,1.13870983363724,0.261952190782556,0.665472416270183,-4.59504743658292
"AB002533_at",-124.212782704151,-418.585595511342,-1.13831167195411,0.26211628208222,0.665652139433159,-4.59504765640945
"X51521_at",-3445.5228710637,22767.5285399358,-1.13798368933618,0.262251506481194,0.6657429062072,-4.59504783743972
"M31423_s_at",-193.528810746966,-110.872175654016,-1.13708439333954,0.262622535482221,0.6657429062072,-4.5950483335745
"M84739_at",-4372.61782699515,30768.725969435,-1.13704056520686,0.262640627597037,0.6657429062072,-4.59504835774545
"M63838_s_at",2051.53748338414,3182.59459904666,1.13700750878342,0.262654273776306,0.6657429062072,-4.59504837597533
"X56677_at",-178.054680991622,-128.885390114408,-1.13696023280979,0.262673790880337,0.6657429062072,-4.59504840204617
"HG651-HT5209_s_at",126.460541603068,-343.196574388138,1.1367281433001,0.262769620300919,0.6657429062072,-4.59504853002076
"U22662_at",-184.606108215983,-515.476197496331,-1.13596178803664,0.263086225537192,0.665992270233598,-4.59504895242932
"X64994_at",-92.0028043512866,-418.638298768648,-1.13595081168033,0.263090762199978,0.665992270233598,-4.5950489584776
"Z50053_at",608.85706544083,670.039629458215,1.13710381048156,0.262805536526892,0.6657429062072,-4.59504917223655
"X69910_at",-1324.78403982063,4980.7344192301,-1.13541049350336,0.263314151748117,0.666321226442803,-4.59504925614517
"U05227_at",-281.538113649399,715.145804187305,-1.13498490890756,0.263490201561297,0.666530197706139,-4.59504949051806
"U82311_at",344.993535331796,-24.6278554424247,1.13360957787663,0.264059706415983,0.667317279661742,-4.59505024740193
"L34838_at",-295.374039799831,-2171.03946256335,-1.1333265494934,0.264177013845664,0.667317279661742,-4.59505040306156
"M77140_at",98.9302617552869,-679.568825840478,1.1333222116205,0.264178812064589,0.667317279661742,-4.59505040544704
"U58091_at",-70.8368975837826,-594.723575893003,-1.13326514199915,0.264202470484421,0.667317279661742,-4.59505043682992
"M15656_at",186.83435761745,-1011.76843726573,1.13310408212434,0.264269246636483,0.667317279661742,-4.59505052539019
"U78722_at",513.112458438815,1706.31350915855,1.13247407006956,0.264530568719953,0.667407800971102,-4.59505087170306
"U18934_at",-594.822320625517,1875.84815688818,-1.13244699117653,0.264541804897745,0.667407800971102,-4.59505088658437
"Y00285_s_at",288.490504599432,-564.309276479071,1.13234079853653,0.264585872015889,0.667407800971102,-4.59505094493996
"Z11899_s_at",281.635871783869,-627.921412502079,1.13101634386671,0.265135927502598,0.668558804462881,-4.59505167236206
"L34059_at",-172.968277593244,-202.803707206067,-1.12985955020565,0.265617021985432,0.669480180696185,-4.5950523070949
"M60748_at",-97.9279879510743,-659.935722944684,-1.12809530906876,0.266351948572469,0.669480180696185,-4.59505327404598
"M16282_at",-3007.85318413974,7576.722783516,-1.12809042985639,0.266353983112478,0.669480180696185,-4.59505327671837
"X17567_s_at",1260.81454822084,777.095450943162,1.12733367800384,0.266669669064558,0.669480180696185,-4.59505369107679
"U01062_at",383.732250048888,1375.53346541017,1.12731479328418,0.266677550419658,0.669480180696185,-4.59505370141399
"D50402_at",-159.624722829165,-1221.95021864365,-1.12719211984327,0.266728751050642,0.669480180696185,-4.59505376855989
"AFFX-BioB-5_at",121.505012995308,-1039.20645224606,1.12667066199072,0.266946472161758,0.669480180696185,-4.59505405391132
"X54941_at",275.174270265644,639.750110455754,1.1266642367385,0.266949155650548,0.669480180696185,-4.59505405742662
"X92720_at",-99.8133994287616,-155.716070125059,-1.12656762559344,0.266989507353609,0.669480180696185,-4.59505411028115
"X92715_at",120.33430006464,-766.120944184557,1.12642037828927,0.267051016717801,0.669480180696185,-4.59505419083038
"D00762_at",-214.266517307613,651.992122384305,-1.12641556791026,0.267053026320106,0.669480180696185,-4.59505419346166
"M36072_at",5836.93769335998,7236.54889847647,1.1259415174585,0.267251120495635,0.669480180696185,-4.59505445271998
"D31883_at",-668.495996139319,1154.10608656483,-1.12592667342468,0.267257325153001,0.669480180696185,-4.59505446083665
"U43944_at",184.456241741805,-402.386212358854,1.12577915913882,0.267318990243571,0.669480180696185,-4.59505454149194
"J05253_s_at",619.047978493863,-1620.20807087044,1.12577520471537,0.267320643442985,0.669480180696185,-4.59505454365394
"U49957_s_at",-2560.57692415229,1829.69514280308,-1.12568812377767,0.267357050642094,0.669480180696185,-4.59505459126207
"X65784_s_at",200.919416577085,706.866587242672,1.12563084026757,0.267381001928413,0.669480180696185,-4.59505462257786
"U26424_at",388.682245172721,112.544809731967,1.12521854432789,0.267553435676609,0.669480180696185,-4.59505484793116
"U14391_at",109.057851465703,-362.196542619966,1.12472223371798,0.267761112135204,0.669480180696185,-4.59505511910992
"HG4333-HT4603_at",176.216838162929,-444.092157844017,1.12435467796647,0.267914986579069,0.669480180696185,-4.59505531987124
"Z94753_s_at",-288.532125000738,-927.528680159347,-1.1242532547744,0.267957457754909,0.669480180696185,-4.59505537525918
"M13934_cds2_at",2596.97748406678,33740.1664896755,1.12414517737285,0.268002720689302,0.669480180696185,-4.59505543427624
"HG4312-HT4582_s_at",-178.490440301705,-963.606651291253,-1.12400525125313,0.268061330016243,0.669480180696185,-4.59505551067736
"L78267_at",-86.4131695285937,-628.163442889882,-1.12371108918126,0.268184572333374,0.669480180696185,-4.59505567126589
"U20648_at",203.975239095974,-175.196907573729,1.1237074332422,0.268186104282404,0.669480180696185,-4.5950556732615
"U73330_at",300.234233158032,161.057571988039,1.12363111780958,0.268218084183867,0.669480180696185,-4.59505571491741
"U45285_at",474.071648660593,150.126500235156,1.1236032128219,0.268229778419624,0.669480180696185,-4.59505573014841
"D00408_at",500.319851238936,75.7366006765682,1.1235316027893,0.268259789940146,0.669480180696185,-4.59505576923284
"M31520_rna1_at",-230.23626996644,-442.250960554442,-1.12353129888589,0.268259917310139,0.669480180696185,-4.59505576939871
"HG668-HT4793_at",-113.750800590618,-873.347022535234,-1.12327558165503,0.268367107142173,0.669480180696185,-4.59505590895027
"U71088_at",-119.333653804889,-429.532013508454,-1.12316921896364,0.268411700548365,0.669480180696185,-4.59505596698701
"M19989_cds1_at",-760.103409922915,1913.60417781042,-1.12243281730154,0.26872058798169,0.669989997782035,-4.59505636867276
"U02020_at",-169.844493353674,-700.979867856082,-1.12215764229237,0.268836076660572,0.669989997782035,-4.59505651871381
"X60003_s_at",257.376055469251,-617.144569648193,1.1217017053969,0.269027507600484,0.669989997782035,-4.59505676724592
"M16441_cds1_at",341.271792702089,-771.443990393076,1.12148183932592,0.269119855950935,0.669989997782035,-4.59505688706388
"U26648_at",-269.399915253178,454.434200396665,-1.12117770492488,0.269247636056239,0.669989997782035,-4.59505705277086
"X74795_at",-911.253754281699,1219.64325198455,-1.12113203526852,0.269266827606106,0.669989997782035,-4.59505707765049
"U79272_at",-96.0141125745361,-855.936897681466,-1.12111548857785,0.269273781186834,0.669989997782035,-4.59505708666448
"U78107_at",-590.114450904391,1666.38163299749,-1.1205632955955,0.269505908248499,0.670035268507567,-4.59505738741091
"L48692_at",-67.877457569926,-759.216955763955,-1.12020883312151,0.269654989949905,0.670035268507567,-4.5950575803973
"U20759_s_at",-100.238043419436,-870.020664159101,-1.12001752212364,0.269735476982259,0.670035268507567,-4.59505768453406
"M63959_at",-637.365356078198,-765.037824191545,-1.11934622735564,0.270018035012872,0.670035268507567,-4.59505804981877
"U57452_at",89.8571683001498,-662.232822182698,1.11912614176909,0.270110718267852,0.670035268507567,-4.59505816953665
"X98337_s_at",-281.561396355955,361.222559630106,-1.11912324697394,0.270111937485815,0.670035268507567,-4.59505817111117
"D13638_s_at",-7645.20303032839,32776.7553960114,-1.11908946456596,0.270126166112192,0.670035268507567,-4.59505818948561
"U60061_at",155.96844501098,-607.581882519426,1.11906812646971,0.270135153662855,0.670035268507567,-4.59505820109127
"M77349_at",-153.799723779121,-1123.81784762147,-1.11886552588559,0.270220499126272,0.670035268507567,-4.59505831127486
"L76528_s_at",-418.165280128063,307.014278433017,-1.11855257046549,0.27035236933019,0.670035268507567,-4.59505848144031
"X80763_s_at",183.337759180034,-499.48845855369,1.11808511065821,0.270549428574537,0.670035268507567,-4.59505873553816
"HG4316-HT4586_at",-129.864423673639,-1600.11492957648,-1.11803862392191,0.270569030809442,0.670035268507567,-4.59505876080196
"U09860_at",229.985879743156,-99.6878562795522,1.11784772332972,0.270649539186561,0.670035268507567,-4.59505886453968
"D12686_at",-479.25949847232,-3507.10786114634,-1.11780560798278,0.270667302761928,0.670035268507567,-4.59505888742359
"L43576_at",564.372646980394,-242.185601324732,1.11772479783939,0.270701389506423,0.670035268507567,-4.59505893133071
"X16282_at",-1213.54719820298,4729.63104748725,-1.1162801462352,0.27131127818657,0.671141908654052,-4.59505971579545
"X99657_at",204.597483968729,-1151.50942148113,1.11621994134158,0.271336716119707,0.671141908654052,-4.59505974846827
"M37075_at",-5256.10132434779,22560.0403219575,-1.11534801112074,0.271705316894103,0.671820601515898,-4.59506022148688
"L16782_at",-86.5891722799829,-462.286403948937,-1.11459535618317,0.272023781708473,0.672374900299176,-4.59506062953955
"AC002477_s_at",-1221.38399173581,3417.4202212965,-1.11398363727097,0.272282809068622,0.672699030069518,-4.59506096100637
"X54199_s_at",-205.053999479241,-197.492406103801,-1.11356909137302,0.272458444887798,0.672699030069518,-4.5950611855424
"U01828_at",581.672940342036,232.770059015923,1.11346351799423,0.272503187351739,0.672699030069518,-4.59506124271386
"U14971_at",-3333.89855552529,37992.843316793,-1.11321222753429,0.272609706388831,0.672699030069518,-4.59506137877685
"D87075_at",-124.404752939664,-385.552861080616,-1.11313550804368,0.272642232770262,0.672699030069518,-4.59506142031182
"U62431_at",-127.66273900541,-467.173360011525,-1.11290217550928,0.272741174574001,0.672699030069518,-4.59506154661973
"U39576_at",-234.83198089008,-1982.22046113499,-1.11272750867625,0.272815256620536,0.672699030069518,-4.5950616411555
"HG4533-HT4938_at",172.99120230913,371.184165902472,1.11195007105455,0.27314516755444,0.673279706128833,-4.59506206177449
"X02158_rna1_at",-2540.25106185137,9228.34687485023,-1.11088525894714,0.273597488038682,0.673981193263365,-4.59506263745543
"HG3236-HT3413_f_at",878.149102682369,20.6239263456482,1.11083515486065,0.27361878481243,0.673981193263365,-4.59506266453187
"L07868_at",-92.8462359948796,-766.460984090336,-1.10970378148892,0.27409998950521,0.674933365042008,-4.59506327564608
"X95586_at",226.519537988545,-371.217826119089,1.1091669682441,0.274328521378096,0.675258742609227,-4.59506356541664
"M77829_s_at",-640.623065297024,483.597204599117,-1.10894861631034,0.274421516769252,0.675258742609227,-4.59506368324742
"U51711_at",143.079408636348,-765.923805451846,1.10831935130172,0.274689643964316,0.675685357402394,-4.59506402270863
"D87937_at",265.332379559897,-105.01794089601,1.10751148902614,0.275034143353989,0.676147282980313,-4.59506445826819
"U68536_at",113.384425835079,-377.38065181767,1.10708023755171,0.275218168859516,0.676147282980313,-4.59506469066399
"S52969_cds1_s_at",281.785680956764,-561.13172266447,1.10702765457703,0.275240613271418,0.676147282980313,-4.59506471899485
"U60269_cds2_at",-129.33782198158,-564.850167862332,-1.10698995688389,0.275256704878958,0.676147282980313,-4.59506473930504
"D87017_cds3_at",446.049704139043,1460.39749661783,1.10611779880311,0.27562918001331,0.676742348320674,-4.59506520902406
"X74987_s_at",304.820747877534,-1590.71170786909,1.10590490844404,0.275720154002072,0.676742348320674,-4.59506532363142
"M32402_at",-117.192411320652,-678.977902095293,-1.1057563311053,0.275783657862835,0.676742348320674,-4.59506540360508
"L07261_s_at",123.41351588128,-641.902812596427,1.1047630095965,0.276208482775212,0.67755166517717,-4.59506593803148
"D45399_at",96.3522653871159,-618.610801309052,1.10405641476002,0.2765109624027,0.677920601387245,-4.59506631793735
"X79888_at",349.599664948103,-625.21701386987,1.10396756126227,0.276549015486677,0.677920601387245,-4.59506636569502
"U50523_at",993.106783980621,4331.7989753699,1.10316150836564,0.276894391504771,0.678533988254475,-4.59506679878479
"X15088_at",-999.389752176234,154.593601598694,-1.10242478944657,0.277210326683807,0.678981435036594,-4.59506719437926
"X03168_at",-2295.45441563979,5460.85154745251,-1.10229172972815,0.277267415345192,0.678981435036594,-4.59506726580338
"M86933_at",-4972.85623498498,19677.06358114,-1.10205316206932,0.27736979255554,0.678998966945951,-4.59506739384341
"L22206_at",-351.287223883627,-1873.32342598545,-1.10156924045641,0.277577541432665,0.679256360897628,-4.5950676534911
"U90552_s_at",-337.445203378058,-694.645108500292,-1.10136455754574,0.277665445521888,0.679256360897628,-4.59506776328346
"D83699_at",-161.839072595432,-590.708914323719,-1.10087819728005,0.277874399163069,0.679534410298987,-4.59506802409644
"D11139_at",126.281533189658,-921.522872217182,1.10041615185723,0.278073009580124,0.679670329930188,-4.59506827177696
"U02683_s_at",124.428492210796,-774.598722156674,1.10014261178038,0.278190638239239,0.679670329930188,-4.5950684183658
"L18983_at",684.77318459916,3998.91551945363,1.09966215485194,0.278397331251045,0.679670329930188,-4.59506867576307
"M94077_at",-149.752806187502,-427.429575571302,-1.09965738487134,0.27839938384575,0.679670329930188,-4.59506867831802
"U96922_at",-521.172708142504,1088.33363260249,-1.09950717234957,0.27846402804176,0.679670329930188,-4.59506875877149
"HG2981-HT3127_s_at",-431.138562897851,433.406316290534,-1.09941929379292,0.278501851641566,0.679670329930188,-4.59506880583458
"L14813_at",857.770289212138,5882.40083419026,1.09871335806825,0.278805823644749,0.680073675113526,-4.59506918377654
"X53416_at",987.351926928601,-73.6784805460942,1.09859255635773,0.278857863698212,0.680073675113526,-4.59506924842971
"L76517_at",1035.15337884492,755.365297365377,1.09786779558728,0.279170226963835,0.680602696915933,-4.59506963619131
"M15205_at",387.227178522576,1711.7727362037,1.09725385121084,0.279435023185334,0.680935532704045,-4.59506996448831
"M64590_at",-282.226702204452,-1008.57091309696,-1.0971085250383,0.279497728821307,0.680935532704045,-4.5950700421756
"HG2414-HT2510_s_at",135.395340806234,-716.704968576154,1.09688141563358,0.27959574237251,0.680941679937968,-4.59507016356383
"U52828_s_at",-1653.34682944127,5861.55029550313,-1.09595767712041,0.279994650342852,0.681551975944036,-4.59507065706772
"HG2175-HT2245_s_at",92.9606504252589,-371.998725997977,1.09563024333032,0.280136146102122,0.681551975944036,-4.59507083191044
"M24899_at",394.299003464707,-437.169442950569,1.09544329027182,0.280216957805364,0.681551975944036,-4.59507093171886
"U61276_s_at",194.285512700224,-824.186581852237,1.0954162798091,0.280228634618975,0.681551975944036,-4.59507094613766
"X78416_s_at",-297.240509372653,-994.710825912509,-1.09506921224787,0.280378704959925,0.681684468144978,-4.59507113138259
"X83863_at",-462.257700868575,-79.9382324555252,-1.09475363766388,0.2805152071547,0.681783893053909,-4.59507129977362
"X66362_at",109.607451324936,-832.169094821276,1.09450449178135,0.280623008678334,0.681813517848449,-4.59507143268813
"X92689_at",153.352644606632,-116.897709860832,1.0940126687558,0.280835898672179,0.682098362885323,-4.59507169498822
"J02854_at",-171.182301273761,-882.622206269377,-1.09337348628384,0.281112744878,0.682538298850874,-4.59507203572371
"X78031_at",213.513774330317,-305.768855413983,1.09298454830556,0.281281298063742,0.682715090705427,-4.59507224297326
"X77197_at",-132.394359222257,-753.430053364185,-1.09272639090895,0.281393214534851,0.682754342581837,-4.5950723804993
"U55054_at",158.750309512826,-828.552628599297,1.09220373803161,0.281619891362692,0.682930133868468,-4.59507265884045
"D10511_at",-136.17328189748,-307.363519690001,-1.09211773341854,0.281657204278105,0.682930133868468,-4.59507270463139
"M90656_at",-75.1706478272061,-586.806547617755,-1.09162459598352,0.28187121822018,0.683078775801537,-4.59507296712857
"L07615_at",-135.845899961496,-791.712122110592,-1.09153505950856,0.281910087951749,0.683078775801537,-4.59507301477769
"L16862_at",-552.628767877151,1897.7503854065,-1.08902465052731,0.283001450323721,0.68549026571279,-4.59507434935779
"J05252_s_at",-116.100790349738,-1059.30281606846,-1.08836922612804,0.283286875627655,0.685948628217592,-4.59507469734898
"L13720_at",-324.222757763032,-3237.81980942076,-1.08797627859296,0.283458094270619,0.686006917074207,-4.59507490589233
"U12775_at",105.659604445485,-381.119681924414,1.08787244579189,0.283503349406491,0.686006917074207,-4.59507496098695
"U77643_at",491.633288857694,1561.12834799414,1.08736172359303,0.283726019823432,0.686312838317807,-4.59507523191345
"X64044_at",337.398413890625,827.999903482661,1.08695437929842,0.283903706634107,0.686503450209941,-4.59507544792012
"Z49148_s_at",5433.41691089553,8009.19367339961,1.08662273290284,0.284048431266171,0.686503450209941,-4.59507562373312
"AB006781_s_at",-204.110245520465,-169.181033620214,-1.08643688648604,0.284129554062208,0.686503450209941,-4.59507572223374
"J04810_s_at",-8561.79171733921,35872.5010427023,-1.08629865995361,0.284189901138655,0.686503450209941,-4.59507579548569
"L77559_at",-102.170395977683,-911.005591075942,-1.08541314722719,0.284576713166791,0.687205059801012,-4.59507626456099
"L05425_at",-102.034776131679,-370.90494878324,-1.08510558425618,0.284711150276078,0.687296957555421,-4.59507642740503
"HG2149-HT2219_at",188.987500548813,-828.619643028352,1.08479362620819,0.284847554125695,0.687362221456246,-4.59507659253463
"M22348_s_at",-967.078879676375,2803.65796958267,-1.08460291093809,0.284930967132894,0.687362221456246,-4.59507669346588
"HG3514-HT3708_at",1520.47676346368,9574.44093407052,1.08426246194456,0.285079911779405,0.68748895870779,-4.59507687360112
"L41351_at",181.85271046212,-928.056495129147,1.08358475999153,0.285376565779075,0.687971700666188,-4.5950772320324
"U82468_at",-404.076390760576,-1256.95993524579,-1.08307883791343,0.285598167117001,0.688273244241748,-4.59507749948206
"U07804_s_at",-160.746073650224,-236.005386978384,-1.08154884281555,0.286269063414251,0.689133531308853,-4.59507830762658
"M98833_at",-308.121798577395,719.299167478894,-1.08141073277292,0.286329678509112,0.689133531308853,-4.5950783805269
"U77665_at",-94.5774803086475,-500.449705072682,-1.08140766759729,0.286331023885812,0.689133531308853,-4.59507838214474
"U15552_at",-264.73099082688,-1162.81933656818,-1.08123233068144,0.286407990718056,0.689133531308853,-4.59507847468294
"L33801_at",-105.253128563953,-339.040180893143,-1.08108430673083,0.286472979415688,0.689133531308853,-4.5950785527958
"L40027_at",-251.336975983507,1429.66545383297,-1.08094311779051,0.286534976907972,0.689133531308853,-4.59507862729301
"M65290_at",-145.102460567151,-92.5218387610072,-1.08036439149179,0.286789199944959,0.689512402160317,-4.59507893256375
"X69819_at",265.234771736695,1403.12628927253,1.07984426476492,0.287017816431762,0.689764961249255,-4.59507920680109
"HG960-HT960_at",138.366071255249,269.912927588789,1.0796853250891,0.287087702284082,0.689764961249255,-4.59507929057899
"L78833_cds4_at",-138.180511655769,-632.860111642825,-1.0793862127328,0.28721925451897,0.689848603561729,-4.59507944821315
"X79201_at",-370.505463360247,58.8166859453854,-1.07880645098907,0.287474359269903,0.690228840388445,-4.59507975364178
"HG315-HT315_at",137.520010897135,-278.826430373434,1.07809372785166,0.287788187026771,0.690573831441794,-4.59508012891865
"X87342_at",-256.053398097759,-752.287456231743,-1.07804028846016,0.287811727253543,0.690573831441794,-4.59508015704779
"U50743_at",-1985.36327334913,1227.01319624798,-1.07758847271685,0.288010807548379,0.690819061092329,-4.59508039482302
"U33317_rna1_at",141.10694856527,-588.043696312514,1.07725562901876,0.288157527815683,0.690938577960201,-4.59508056993112
"X98833_rna1_at",-437.456825428484,911.006920827582,-1.07635196478085,0.288556134792404,0.691661780572987,-4.59508104510574
"U94831_at",320.810708305376,-1070.83272039286,1.07565420378521,0.288864182006458,0.692167500634425,-4.59508141176951
"Y10202_at",195.10742590238,-87.2678312294357,1.07485977603284,0.289215186064658,0.692662452585244,-4.59508182897505
"U18548_at",179.720118103721,-259.150020281688,1.07453601399656,0.289358320335964,0.692662452585244,-4.59508199892552
"X53587_at",-1014.49452017897,-51.6542443581984,-1.07412714686495,0.289539150208511,0.692662452585244,-4.59508221348517
"X79200_s_at",-341.573543603824,45.9586918138144,-1.07380163118126,0.289683172764902,0.692662452585244,-4.59508238425328
"U15641_s_at",-208.889962657966,-132.594154550109,-1.07370434922617,0.289726224344576,0.692662452585244,-4.59508243527931
"X66171_at",212.288715078646,-227.223536752726,1.07366634050011,0.289743046108565,0.692662452585244,-4.59508245521442
"X89066_at",125.111653245429,-293.355069385211,1.07364909321091,0.289750679576747,0.692662452585244,-4.59508246426021
"HG3299-HT3476_at",-151.030423115542,-1815.4985308139,-1.07274644684354,0.290150377859123,0.693273072740564,-4.59508293749744
"U14747_at",-2660.2954521609,6015.71134756238,-1.07263320359588,0.290200550011301,0.693273072740564,-4.59508299684354
"X57398_at",-661.24406223544,2856.06319359315,-1.07104841269774,0.290903324923316,0.694290823306966,-4.59508382678662
"D38549_at",-632.172934313801,539.878080969738,-1.07088118150066,0.290977552903372,0.694290823306966,-4.59508391430117
"HG3597-HT3800_f_at",2814.04058789276,8620.41139151522,1.07058566837503,0.29110875304959,0.694290823306966,-4.59508406891802
"D85425_s_at",-279.223045150727,130.155260906391,-1.07023160725829,0.291266001444962,0.694290823306966,-4.59508425411844
"Z48633_at",-153.940823807286,-544.126622996238,-1.07012779917186,0.291312116761188,0.694290823306966,-4.59508430840757
"X79865_at",-135.067532574358,148.32519890564,-1.06996311147903,0.291385287478178,0.694290823306966,-4.59508439452573
"HG2191-HT2261_at",-204.738068236112,-1683.96410068907,-1.06994702477876,0.291392435485393,0.694290823306966,-4.59508440293713
"D16583_at",222.986257478702,-2041.59484956222,1.06991768240689,0.291405473868707,0.694290823306966,-4.59508441827935
"M64676_at",-234.699625017385,-21.8741742029343,-1.06864493801903,0.291971414711085,0.69540686650125,-4.59508508340055
"M22324_at",-101.626115232861,-1230.27814425279,-1.06752658161076,0.292469338578427,0.695858105200448,-4.59508566726318
"X07315_at",119.70718377544,201.885529890592,1.06752634690191,0.292469443139642,0.695858105200448,-4.59508566738565
"Y00264_at",-115.492493494314,-634.355964419765,-1.06742730925536,0.292513566074335,0.695858105200448,-4.5950857190644
"D87447_at",-161.82168170774,-222.639662665963,-1.06713545039875,0.292643621128629,0.695858105200448,-4.59508587133436
"M83216_s_at",-86.1897564140951,-825.67520246749,-1.06685138205588,0.292770243423359,0.695858105200448,-4.59508601950449
"U18004_at",-74.5520951735275,-597.262881625154,-1.06668979003868,0.292842289465193,0.695858105200448,-4.59508610377537
"Z74616_s_at",331.174732205251,133.038967472599,1.06663856221456,0.292865132050529,0.695858105200448,-4.59508613048853
"X76180_at",-165.238726766001,-226.927774540071,-1.06646725480286,0.29294152738911,0.695858105200448,-4.59508621980992
"U89335_cds2_at",159.125361739884,-978.160302964231,1.06543161421253,0.293403672374848,0.696541188813186,-4.59508675953319
"S79862_s_at",221.989358561294,-883.160788226683,1.06513538721453,0.293535954430985,0.696541188813186,-4.59508691382639
"D85429_at",-1202.9367232612,1285.53490415426,-1.06503436608349,0.293581075574118,0.696541188813186,-4.59508696643573
"M60331_at",-114.783102952691,-880.649172322908,-1.06494766890755,0.293619802772744,0.696541188813186,-4.59508701158198
"M87503_at",234.23549565273,-749.852076018163,1.06471665551409,0.293723012708652,0.696554307823545,-4.59508713186286
"D87292_at",-275.469249451372,193.438559089122,-1.06376103157375,0.294150225987341,0.697335525769856,-4.59508762917889
"U66469_at",189.072578563651,-261.772854650131,1.06267317880951,0.294637079457203,0.697858834246898,-4.59508819482739
"L17075_s_at",-341.690262777132,3.51574340039734,-1.06214079971946,0.294875542909131,0.697858834246898,-4.59508847146083
"J03077_s_at",2308.75477359848,2873.35175607394,1.06180659722773,0.295025307706481,0.697858834246898,-4.59508864505561
"M69225_at",125.708989523436,-518.499850519103,1.06141469991463,0.295200994539393,0.697858834246898,-4.59508884855723
"X01677_f_at",8403.08355065703,17542.6430605713,1.06121394647173,0.295291020152892,0.697858834246898,-4.59508895277729
"X80692_at",237.787714139325,30.2432196011737,1.0612026436463,0.295296089345796,0.697858834246898,-4.59508895864457
"D79994_at",-183.310434788229,-275.695421592491,-1.06118835737343,0.295302496668778,0.697858834246898,-4.59508896606047
"X51823_at",-344.541312374397,-848.925445624536,-1.06115092794988,0.295319284039951,0.697858834246898,-4.59508898548941
"U78095_at",-445.520174022698,746.536561416102,-1.06104630913679,0.295366209870566,0.697858834246898,-4.59508903979193
"X68285_s_at",-919.784508828129,1903.6220977018,-1.06095074713737,0.295409077886346,0.697858834246898,-4.59508908938937
"J03934_s_at",-139.9247474289,-285.977857613858,-1.06086519857953,0.295447457662514,0.697858834246898,-4.59508913378638
"X59766_at",-131.461230113505,-773.241084585689,-1.06031486513141,0.295694437587631,0.698083137801387,-4.59508941931645
"X62153_s_at",99.5311331368373,-758.436583407046,1.06000917224856,0.295831689230757,0.698083137801387,-4.59508957786274
"HG2915-HT3059_f_at",1476.76873144751,206.606503973013,1.05999934586281,0.295836101870115,0.698083137801387,-4.59508958295849
"M94345_at",-702.218549683576,564.31285302789,-1.05926266208676,0.296167047759211,0.698589770536999,-4.59508996486695
"X78565_at",274.158818376436,-253.689905575348,1.05908536467221,0.296246734834369,0.698589770536999,-4.59509005674563
"AF014958_at",170.513325881736,-290.632193796237,1.05861611787501,0.296457711789618,0.698856179428683,-4.59509029985197
"U37012_at",-379.162015833798,1671.73819898567,-1.05765854576159,0.296888567783566,0.699419671579758,-4.59509079565281
"HG3288-HT3465_at",92.1250815947154,-517.660165030988,1.05759851917723,0.29691559101778,0.699419671579758,-4.59509082671946
"D38449_at",-107.675495513603,-833.37349623523,-1.05707916402041,0.297149469778311,0.699419671579758,-4.59509109544557
"S83365_at",293.235233304754,120.443578097016,1.0570183277401,0.297176874271758,0.699419671579758,-4.59509112691599
"X68505_s_at",-255.17541494128,-1368.54751488879,-1.05686237792182,0.297247131919939,0.699419671579758,-4.59509120758101
"L11372_at",109.690236451093,-711.062896318542,1.05636353533484,0.297471945255417,0.699419671579758,-4.59509146553649
"U09117_at",195.11684884996,-185.332641749822,1.05606691512209,0.297605679067342,0.699419671579758,-4.59509161887001
"U36759_s_at",707.53406693937,-1715.16158572242,1.05605715381142,0.297610080749447,0.699419671579758,-4.59509162391534
"M34458_rna1_s_at",-180.515595429251,-180.025149748472,-1.05599428105724,0.297638433136654,0.699419671579758,-4.59509165641133
"X15331_s_at",-1113.71611432041,2189.2895465425,-1.05580376695557,0.297724356685086,0.699419671579758,-4.59509175486871
"M84424_at",99.2561016934805,-596.65968649483,1.0556900665702,0.297775644778593,0.699419671579758,-4.59509181362139
"U21051_rna1_at",158.578908282124,-682.715648656234,1.05520068964294,0.297996463526394,0.699523267963721,-4.59509206643433
"HG2358-HT4858_s_at",-296.468575599221,-1002.79965177671,-1.05515753192005,0.29801594279537,0.699523267963721,-4.5950920887247
"X76132_at",-243.535237547169,-751.435118842022,-1.05493825174762,0.298114928721507,0.699525355943753,-4.5950922019674
"U42360_cds2_at",-104.715458435439,-1180.8257892012,-1.05437128943894,0.298370968741242,0.699788656066679,-4.59509249466663
"L39059_at",-137.889805858963,-463.031107113242,-1.05415345919291,0.298469381414052,0.699788656066679,-4.59509260708631
"X69699_at",242.833892552896,224.381811328247,1.05386945222969,0.298597725652884,0.699788656066679,-4.59509275362812
"U23852_s_at",-2014.94695741657,1100.56273901531,-1.05364731100888,0.298698139139706,0.699788656066679,-4.59509286822406
"L09753_at",-105.955208103322,-1130.38723724897,-1.05336004468783,0.298828025583752,0.699788656066679,-4.59509301638432
"Y09561_at",-215.575793354287,-400.626549777342,-1.05318627584043,0.298906613576548,0.699788656066679,-4.59509310598982
"Z14978_at",-385.95911181481,115.859058577252,-1.05298537929522,0.298997488108999,0.699788656066679,-4.59509320956763
"D14678_at",-138.534814354955,-950.45178903988,-1.05295284825065,0.299012205165498,0.699788656066679,-4.59509322633827
"U68142_at",143.352503798588,-594.366288866616,1.05260085760184,0.299171478012571,0.699931696098308,-4.59509340776965
"U06454_at",-100.149360987843,-375.612869630986,-1.05177994823119,0.299543161402086,0.700571427995498,-4.59509383069324
"U10868_at",163.78086565618,-705.895362665565,1.05110699408573,0.299848093878993,0.700860538874222,-4.59509417717363
"U05012_s_at",-156.099436974663,-603.336267550156,-1.05097548570524,0.299907708773746,0.700860538874222,-4.59509424485969
"X06256_at",140.090515099756,-676.149291896672,1.05054828903029,0.30010142070573,0.700860538874222,-4.59509446468173
"U41654_at",189.834121943292,-569.442996372561,1.0504161082565,0.300161375521901,0.700860538874222,-4.59509453268176
"U23850_s_at",-89.0687395978444,-525.510339135606,-1.05027606541181,0.300224905490162,0.700860538874222,-4.59509460471813
"U33839_at",180.31669261224,40.9119431271822,1.0502064754053,0.300256478230367,0.700860538874222,-4.59509464051123
"D80011_at",-91.0293908904271,-1263.15814770202,-1.04955232350357,0.300553377139025,0.701323996197117,-4.59509497686652
"HG3345-HT3522_at",-98.2955143263502,-996.946847031143,-1.04933502789876,0.30065204575737,0.701324742654826,-4.59509508855558
"X69908_rna1_at",599.557592055997,840.628094627957,1.04888332584562,0.300857224425124,0.701382692319073,-4.59509532066293
"D28416_at",-434.229254874714,3023.59554820363,-1.04884727973415,0.300873601991873,0.701382692319073,-4.59509533918142
"M19888_at",-83.4569998984945,-661.543627486578,-1.04806182473557,0.301230627179774,0.701806658998626,-4.59509574256439
"D86062_s_at",315.111834393658,-628.113758395185,1.04801415548329,0.301252304472696,0.701806658998626,-4.59509576703706
"U79266_at",195.372729323546,105.287503750931,1.04676271120231,0.301821777355715,0.702490648769215,-4.5950964091561
"M96132_at",-256.923286591696,-68.3805498853304,-1.04669317552814,0.301853441576266,0.702490648769215,-4.59509644481504
"M21539_at",257.556962316486,-958.703767937655,1.0465801880997,0.301904897175457,0.702490648769215,-4.59509650275221
"S82240_at",448.014023146539,2222.06866679224,1.04646697123511,0.301956463350826,0.702490648769215,-4.59509656080147
"L13773_at",115.214989237631,-910.30355650923,1.04614153227628,0.302104722932934,0.702490648769215,-4.59509672763149
"M58509_cds1_s_at",2821.40301936115,7200.83272393935,1.04607073591873,0.302136982158909,0.702490648769215,-4.59509676391778
"L13436_at",-185.034064242351,-232.754659717129,-1.04551610961945,0.302389786889487,0.702733412501943,-4.59509704811301
"M59820_at",352.085296357358,703.230726669156,1.0452041017733,0.302532067770962,0.702733412501943,-4.59509720792965
"U59736_at",-701.509861588631,139.984495942507,-1.04519321717893,0.302537032166732,0.702733412501943,-4.59509721350419
"M64231_rna1_at",-78.6814954837753,-705.963505713845,-1.04479251528752,0.302719829024265,0.702929046164778,-4.59509741868764
"J03756_at",226.422796373135,1017.12657587062,1.04445551829439,0.302873623357535,0.703057229219591,-4.59509759119624
"D13988_at",-539.266747955806,2151.33829860491,-1.0438758515895,0.303138290524987,0.703442612995015,-4.59509788781168
"J05158_at",-163.707873024568,-1060.66211406549,-1.04362148216044,0.30325448226705,0.703483315890153,-4.59509801792633
"U69141_at",-91.1886836494187,-551.631751980827,-1.0417358284383,0.304116777501538,0.704918261986363,-4.5950989815941
"X74330_at",-156.989654877039,-261.282174933072,-1.04162041431075,0.304169610451835,0.704918261986363,-4.59509904052645
"U59302_at",-177.917229059388,-522.554330677573,-1.04257815362987,0.304094711937416,0.704918261986363,-4.59509906388294
"M28213_s_at",-196.276768898242,309.700258389734,-1.04133495644395,0.304300311291338,0.704992046724669,-4.595099186261
"L40397_at",-147.154585958772,-347.089591009464,-1.04096530987564,0.304469616707442,0.705155192186024,-4.59509937492356
"HG3987-HT4257_at",-417.570130442679,-481.056857957752,-1.04071205789953,0.304585648638387,0.705194889753358,-4.59509950414554
"U09851_s_at",-291.930384636476,-920.015753960491,-1.03978184793319,0.305012102945827,0.705953036711033,-4.59509997854577
"Y12812_at",-92.0053885775477,-569.013873186147,-1.03937035021229,0.305200885255297,0.706020807134393,-4.59510018828621
"D87258_at",72.1849739515143,-395.858253037796,1.0390453024676,0.305350063988486,0.706020807134393,-4.59510035391089
"M36089_at",-184.849155375225,-143.85364051189,-1.03875328534965,0.305484126395087,0.706020807134393,-4.59510050266586
"U49869_rna1_at",-4469.81625527194,30806.2236924163,-1.03868182585332,0.305516938982412,0.706020807134393,-4.59510053906202
"D90276_at",169.288106870304,513.192452953814,1.03827816383931,0.305702337111256,0.706020807134393,-4.59510074461562
"D86975_at",99.6168146628977,-813.989470266517,1.03820962583009,0.305733823670629,0.706020807134393,-4.59510077950963
"L14787_at",-109.256096122593,-442.414914798321,-1.03820829625883,0.305734434501613,0.706020807134393,-4.59510078018652
"M31166_at",91.6683985454129,-651.848703114381,1.03738912484225,0.306110937818663,0.706661410678176,-4.59510119708318
"U82671_cds2_at",148.828173612556,-760.698202024683,1.03634260237657,0.306592399812701,0.707543819761932,-4.5951017292584
"AC002076_cds2_at",129.539668586675,-529.807992079488,1.03569108385965,0.306892400087259,0.708007022006548,-4.59510206032564
"U59309_at",-154.788226118193,84.9102465630776,-1.03538902031372,0.307207189653846,0.708370890462119,-4.59510242009985
"X56807_at",-121.223593485436,-234.049147677353,-1.03459382233273,0.307398105459586,0.708370890462119,-4.59510261747693
"U41068_cds2_s_at",-413.740054440265,1470.36410667463,-1.03420438130224,0.307577728718868,0.708370890462119,-4.59510281509512
"U43843_at",-149.157750408183,-912.953638049855,-1.03413473490882,0.307609859584165,0.708370890462119,-4.59510285042954
"X68985_s_at",180.281037556715,-558.570664664567,1.03413163137906,0.30761129142918,0.708370890462119,-4.59510285200404
"D29805_at",-158.159614940087,-387.044863338545,-1.03397894301209,0.307681741424563,0.708370890462119,-4.59510292946138
"L22454_at",-177.670962678233,281.779816999689,-1.0338198024494,0.307755180262755,0.708370890462119,-4.59510301018101
"U40391_rna1_at",581.429245075848,2270.25643124044,1.0336255969073,0.307844816932002,0.708370890462119,-4.5951031086714
"L41690_at",-135.436628518615,192.830562480103,-1.0330127685746,0.308127789105849,0.708771113578013,-4.59510341935622
"X97324_at",447.470773771163,-354.743698134837,1.03273454928441,0.308256315309906,0.708771113578013,-4.59510356035053
"U12897_at",465.053003344664,1356.74280997843,1.03242428081,0.308399690444626,0.708771113578013,-4.59510371754664
"U55209_at",118.577834758709,-565.852735113701,1.03208073095413,0.308558498412803,0.708771113578013,-4.59510389155551
"U50079_s_at",-10732.6794805565,40936.8284056421,-1.03205210076286,0.308571735427321,0.708771113578013,-4.59510390605444
"D89858_at",101.096861134221,-274.604756970274,1.03195830496168,0.308615104145243,0.708771113578013,-4.59510395355212
"L33842_rna1_at",-980.469028574176,4078.38640485569,-1.03118124423781,0.308974557828787,0.709368181544455,-4.59510434690339
"U09877_at",-217.840318606144,-873.154908756084,-1.03086702264084,0.309119992514985,0.709473661610673,-4.59510450588866
"Y08836_at",-143.824610111686,-425.298052319175,-1.03021660399869,0.30942118249473,0.70951494789327,-4.59510483484079
"M19159_at",-486.441480855806,534.267230450234,-1.02966896676004,0.309674933698667,0.70951494789327,-4.59510511166727
"HG2147-HT2217_at",732.433519063746,474.992734700644,1.02962534957283,0.30969515014439,0.70951494789327,-4.59510513370979
"L19297_at",-137.350056956668,-1212.93494476351,-1.02957654170177,0.309717773532505,0.70951494789327,-4.5951051583745
"U63329_at",-124.451993855469,-1670.19647727699,-1.02935730928528,0.309819405979843,0.70951494789327,-4.59510526914918
"U11292_at",243.373635342773,1171.08019830964,1.02915581763608,0.30991283430475,0.70951494789327,-4.59510537094118
"HG862-HT862_s_at",126.968719184474,-826.166864487771,1.02915451087389,0.309913440291775,0.70951494789327,-4.59510537160129
"L10910_at",-409.954700861753,630.70827798845,-1.02889706626251,0.310032841385663,0.70951494789327,-4.5951055016343
"U18244_at",-222.994217423745,256.677427719908,-1.02889574037199,0.310033456406595,0.70951494789327,-4.59510550230392
"U71364_at",-174.738193847216,-670.71941536145,-1.02807497874187,0.310414331558095,0.710158677683918,-4.59510591666925
"X04500_at",495.735909189166,-511.509630926489,1.02756962628944,0.310649000496036,0.710467614668772,-4.59510617165211
"X55448_cds1_s_at",-134.686617579352,-1449.54358198958,-1.02595309791646,0.311400480158096,0.711766068372543,-4.59510698654376
"HG3105-HT3281_s_at",137.504931207391,-488.38479274497,1.02589155573895,0.311429114039979,0.711766068372543,-4.59510701754454
"M29874_s_at",-120.742136450553,-699.098338044584,-1.02567736988778,0.311528782899396,0.711766068372543,-4.59510712542394
"X81832_s_at",-584.380441129927,424.807390174318,-1.02534271031462,0.311684556564059,0.711766068372543,-4.59510729394233
"X98263_at",296.545376691104,945.430425739889,1.02527558304754,0.311715808656213,0.711766068372543,-4.59510732773847
"X97303_at",328.715745915989,729.236293330054,1.02473696860516,0.311966646346537,0.712110805088719,-4.59510759883979
"X95648_at",-97.3667232419356,-451.463012490175,-1.02426962799449,0.312184403224287,0.712379833405566,-4.59510783396376
"L11329_at",765.851918362289,-1572.79556765984,1.02388571559349,0.312363364719115,0.712560189959055,-4.5951080270425
"D87462_at",338.178412132678,1109.51754091394,1.02353114938688,0.312528708850743,0.712586561299642,-4.59510820530494
"M11437_cds2_at",-111.320279106056,-609.075543742967,-1.02330299817491,0.312635133832265,0.712586561299642,-4.59510831998158
"X53595_s_at",-290.294208504903,-414.2219886568,-1.02321817136111,0.312674709059961,0.712586561299642,-4.59510836261263
"D16815_at",-94.8515201436299,-628.8586660998,-1.02277909926971,0.312879609247543,0.712825716787294,-4.59510858322478
"X85750_at",-174.5113158679,-1096.01902986759,-1.02174930026521,0.313360542481923,0.713693397776619,-4.59510910031647
"L14754_at",226.533916914511,388.153079463792,1.02144688686382,0.313501870623456,0.713787305049765,-4.59510925207858
"X66142_s_at",303.633913321136,-404.265720949761,1.02112422383031,0.313652710204573,0.713902801298694,-4.59510941395844
"U75370_at",-133.600715564743,-98.3838126231441,-1.02067579793491,0.313862424277191,0.714152184914056,-4.5951096388576
"U20325_at",-398.134081902801,1564.85287730467,-1.02026798956463,0.314053226134321,0.714358390929456,-4.59510984330922
"L13391_at",321.519982201909,-148.197666611005,1.01966385743816,0.31433602804676,0.714631375756747,-4.5951101460521
"U16306_at",101.077421126138,-347.802363840494,1.01958347780684,0.314373667893551,0.714631375756747,-4.59511018631989
"L76937_rna1_at",90.4461351573251,-501.561928563749,1.0192351244672,0.314536828997487,0.7147744192419,-4.5951103608017
"U58034_at",192.813476517897,-447.934393039224,1.01880589999736,0.314737947974751,0.715003602105114,-4.59511057571664
"D83004_at",-152.651136453483,411.166746577731,-1.01816706713703,0.315037444558313,0.715222406472713,-4.5951108954338
"D84110_at",99.8884229902065,-150.450711795143,1.0180428377984,0.315095708165187,0.715222406472713,-4.59511095758614
"L19161_at",-158.315505852188,-67.0510958004919,-1.01791276650375,0.315156719541348,0.715222406472713,-4.59511102265395
"S81737_s_at",-227.669037416269,-96.155130242184,-1.01774493614245,0.315235454150012,0.715222406472713,-4.59511110659966
"U89336_cds3_at",-580.155963857541,2543.51200682807,-1.01676680521143,0.315694594135182,0.716036307499359,-4.59511159559683
"X66360_at",-129.149991886432,-1037.47787479655,-1.01624821616447,0.315938207813388,0.716335089010044,-4.59511185468462
"M32578_at",442.983652844737,1367.41188923207,1.01605394831441,0.316029500597682,0.716335089010044,-4.59511195171067
"X79781_at",163.489166672727,-365.135231458161,1.0154520362792,0.316312472977839,0.716335089010044,-4.59511225222712
"U81787_at",-312.12192985346,-348.313100214981,-1.01545101328685,0.316312954056692,0.716335089010044,-4.59511225273774
"Z24459_xpt5_at",381.89774413694,684.432253158819,1.01541775877653,0.316328592805024,0.716335089010044,-4.59511226933605
"X16105_at",134.514034947835,-216.36852425038,1.01472103753223,0.316656364381973,0.716649793349396,-4.5951126169785
"U18018_at",-355.230853419903,546.235159555528,-1.01469512440186,0.316668559647167,0.716649793349396,-4.59511262990423
"X68486_at",268.33677701419,-793.040635553017,1.01388776441524,0.317048680784882,0.716879529476613,-4.59511303247582
"U44772_at",842.186437526068,863.371777212228,1.01381744329451,0.317081804093352,0.716879529476613,-4.59511306752627
"M14058_at",154.005888412016,-261.843200548799,1.01372366972004,0.31712597786638,0.716879529476613,-4.59511311426283
"U69126_s_at",351.171297073765,-124.167384288162,1.01362557006265,0.31717219401188,0.716879529476613,-4.59511316315136
"AFFX-CreX-3_st",-175.533433475991,-1520.01785904835,-1.01310610796072,0.317416996552197,0.717205514072788,-4.59511342195777
"U45328_s_at",435.711948949927,-583.05580790374,1.01251783912283,0.317694380560557,0.717604886847429,-4.59511371490172
"HG2171-HT2241_at",-510.939214097018,-1405.19770728177,-1.01173119949413,0.318065559634254,0.718215802961324,-4.59511410639166
"AFFX-BioC-3_st",-125.319639677644,-1199.4812705778,-1.01064969744851,0.318576352887837,0.719141491751557,-4.59511464418225
"HG2152-HT2222_at",-224.447442520924,-1956.8026525517,-1.01003049444317,0.318869053704281,0.719574437330767,-4.59511495185695
"X65633_at",149.540477867308,-221.720136924499,1.00971754497275,0.319017056341002,0.719641736349682,-4.59511510729364
"AF010193_at",-210.967305634397,-87.6804557998438,-1.00954070204161,0.319100711027583,0.719641736349682,-4.59511519510944
"S77094_at",-288.362653978586,-79.1583280310538,-1.00896895478705,0.319371275437825,0.719979070900422,-4.59511547893065
"Z86000_at",406.731979780558,119.062875702639,1.00879796976892,0.319452219931137,0.719979070900422,-4.5951155637814
"U96769_rna1_at",-178.059851800269,-55.8878393236814,-1.00809032222247,0.319787369461905,0.720254800382275,-4.59511591481217
"X00088_at",-158.529457786679,-335.977746596704,-1.00832194525531,0.31984882418917,0.720254800382275,-4.59511606731261
"L07541_at",-84.4758623710207,-515.954839652145,-1.00771058582027,0.319967315294567,0.720254800382275,-4.59511610309061
"X55005_rna1_at",-399.829129748377,-1422.50498508181,-1.00768683266825,0.319978573497553,0.720254800382275,-4.59511611486564
"X92518_s_at",353.888336410644,-178.036405164097,1.00713031334954,0.320242422209603,0.720621241015046,-4.59511639067479
"U49114_at",-90.3510946322121,-1095.81876209382,-1.0067242711794,0.320435022222556,0.720802030404421,-4.59511659182182
"U58048_at",255.298733998248,908.931799916407,1.00634877795325,0.320613201859655,0.720802030404421,-4.59511677777069
"U88898_at",155.493416892505,-727.303543353735,1.00612174939676,0.320720964464136,0.720802030404421,-4.59511689016786
"U59913_at",198.337417466435,-60.4503713003749,1.00603120487322,0.320763949682941,0.720802030404421,-4.59511693498826
"X99374_s_at",-139.755269581667,-380.292111705327,-1.00587916178908,0.320836139609879,0.720802030404421,-4.59511701024289
"HG4114-HT4384_at",188.242000810199,759.325623118422,1.00568310171186,0.320929245061568,0.720802030404421,-4.59511710726894
"M36430_s_at",451.774777245198,751.919570150154,1.00406141126282,0.321700060877724,0.722305772707508,-4.59511790915969
"D80007_at",112.498462385372,-86.6958765982799,1.00349072037801,0.321971618260033,0.722587132471122,-4.59511819107793
"D43768_at",-97.1187335334422,-1078.10497705667,-1.00328643337828,0.322068863927971,0.722587132471122,-4.59511829195969
"D49818_at",284.884925855741,-536.030047669199,1.00313933003899,0.322138901100874,0.722587132471122,-4.59511836459139
"X90568_at",232.964042606737,298.941534452657,1.00294656399025,0.322230694328729,0.722587132471122,-4.59511845975441
"L11285_at",338.739717523806,1444.84140985361,1.00261975112896,0.322386359829333,0.722708938051862,-4.59511862105499
"U50360_s_at",-88.2241086023073,-571.414659969888,-1.00133983171395,0.322996494279548,0.723849151699389,-4.59511925231345
"K03008_cds2_at",91.7965199693112,-259.868280401865,1.00090871850118,0.323202181043432,0.724082548859791,-4.59511946477634
"L13689_at",-237.931392116487,414.665370806308,-1.00029814563748,0.323493640999745,0.724507900115948,-4.59511976554077
"M99435_at",-92.5300017652914,-775.56058336227,-0.999901326259801,0.32368316014706,0.724548226334241,-4.59511996092325
"X74331_at",-112.686366174561,-375.60288405261,-0.999834972931171,0.323714857537638,0.724548226334241,-4.59511999358694
"U49835_s_at",-4941.3755341953,25312.3163203243,-0.999482476427968,0.32388328253218,0.724697736974262,-4.59512016707741
"S83513_s_at",477.316248556667,-1284.08393477642,0.998856502365373,0.32418252306656,0.725090708625205,-4.59512047503176
"X86019_at",-162.430815262195,-31.8473581334393,-0.998689741142762,0.324262273146232,0.725090708625205,-4.59512055704244
"X03484_at",208.322897096021,-286.931569450029,0.997514599735125,0.324824636670857,0.725918421556068,-4.59512113461085
"M31774_s_at",713.255489976648,1839.86181346253,0.997418804827121,0.324870508371179,0.725918421556068,-4.59512118166601
"L27586_at",-85.074863832692,-581.18678195839,-0.997244947045057,0.324953771927907,0.725918421556068,-4.59512126705589
"D63487_at",-214.677339234932,193.197348723476,-0.997065727230487,0.325039618570821,0.725918421556068,-4.59512135506533
"M28826_at",-938.479495985631,465.391548331119,-0.996389413190529,0.325363712528366,0.726414725748208,-4.59512168705474
"M59979_at",-87.3048244580163,-1009.03889784716,-0.995570803628211,0.325756287709417,0.726848859286928,-4.59512208862359
"M20747_s_at",195.169266994505,-513.727778329397,0.995374264013078,0.325850588572977,0.726848859286928,-4.59512218499195
"L34820_at",99.2661233005164,-298.351118144597,0.994872197542867,0.32609156680329,0.726848859286928,-4.59512243109025
"M37984_rna1_at",-148.534002762517,-743.475670530595,-0.994782135559576,0.326134806841025,0.726848859286928,-4.5951224752242
"U08191_s_at",-233.02369081239,-918.133351186367,-0.99462429319425,0.326210598550463,0.726848859286928,-4.59512255256457
"HG2441-HT2537_s_at",520.122676079482,-2057.66465836533,0.994386974332851,0.326324575163411,0.726848859286928,-4.59512266882647
"D83779_at",-476.401261480551,3612.1463200975,-0.99418709903066,0.326420589714287,0.726848859286928,-4.59512276672552
"U62801_at",171.254313467784,-1134.49621198494,0.993812350247866,0.326600660075939,0.726848859286928,-4.59512295023006
"X03689_s_at",3681.95692057113,39704.7589896219,0.993796331337267,0.326608358810504,0.726848859286928,-4.59512295807271
"U12139_at",142.624999794991,-488.274953643327,0.993730974016726,0.326639770997508,0.726848859286928,-4.59512299006963
"M19311_at",-1067.36763471179,1946.27459134152,-0.993648587055412,0.326679370917768,0.726848859286928,-4.59512303040103
"U58090_at",-145.997060888619,-426.140997159513,-0.99324889326926,0.326871532809976,0.727049202945481,-4.59512322602297
"U38980_at",510.130483902304,2844.81869537929,0.993037227505467,0.326973326861051,0.727049202945481,-4.59512332958979
"X99687_at",149.327195271809,2.94278451745312,0.992683645463486,0.327143418868366,0.727200660832393,-4.59512350255117
"D21163_at",-137.013956764433,-690.321942395138,-0.992403547624426,0.327278203418568,0.727215780767627,-4.59512363952705
"U48231_at",105.793487812422,-538.943570610743,0.992000830392813,0.327472058757389,0.727215780767627,-4.59512383640642
"L29339_at",-70.7915505153876,-1088.22795732822,-0.991771788314384,0.327582346939424,0.727215780767627,-4.59512394834788
"X96719_at",-264.319624008111,-77.5256749255186,-0.991725739829113,0.327604523200309,0.727215780767627,-4.5951239708507
"U47931_at",540.445206826815,1274.16898913535,0.991610307153834,0.327660118301274,0.727215780767627,-4.59512402725582
"M10051_s_at",-163.813049629791,-988.703484178046,-0.991299947838522,0.32780962624426,0.727321233586752,-4.59512417888078
"U70064_s_at",-138.950245036942,514.960659238493,-0.991081113325759,0.327915072038868,0.727328889178591,-4.59512428576595
"X82209_at",-927.177468643153,4363.43510460294,-0.990573594847302,0.328159708781886,0.727645175162821,-4.59512453357116
"X70811_at",433.055925392484,53.5401897076938,0.989341961619653,0.328753898909433,0.728736106037665,-4.59512513446395
"X72727_at",-89.4363528441099,-539.078825021025,-0.988836370005686,0.328998026787877,0.728889663500091,-4.59512538093876
"U38545_at",88.0995960254775,-428.255842817017,0.988775137466478,0.32902760157156,0.728889663500091,-4.59512541078179
"X59131_at",-102.569807880804,-732.600956328465,-0.988393349991319,0.329212042012747,0.729055845883157,-4.59512559681687
"M37400_at",171.156120659533,200.783938148938,0.987953243196883,0.329424742777508,0.729055845883157,-4.59512581118921
"Z20656_rna1_s_at",-141.760941412486,-724.639384676304,-0.987794943915146,0.329501270429174,0.729055845883157,-4.59512588827447
"U60521_at",-114.146359397862,-462.786827610293,-0.987670947553948,0.329561223160393,0.729055845883157,-4.59512594864784
"U79260_at",-228.964182883656,671.027519589047,-0.987562207373157,0.329613805514976,0.729055845883157,-4.59512600158742
"L20348_at",-75.1537364016991,-718.558644884325,-0.987159695660206,0.329808493073746,0.72926026794074,-4.59512619750247
"HG919-HT919_at",201.255538686954,198.251228799749,0.986610945120068,0.330074038408236,0.729621192774064,-4.59512646448073
"M34338_s_at",408.530170795281,-309.371750819441,0.985627021090553,0.330550528453349,0.730106554000297,-4.5951269428451
"U09607_at",153.201341345879,-162.834780612047,0.985621435827864,0.330553234578353,0.730106554000297,-4.59512694555932
"U22029_f_at",440.962606276753,-656.480578277083,0.985491085395227,0.330616395119343,0.730106554000297,-4.59512700890056
"J05036_s_at",103.155442646639,-368.659568685097,0.985196678796949,0.330759077998325,0.730106554000297,-4.59512715193392
"U73514_at",-278.304588767313,-1313.22492883409,-0.985100837866729,0.330805535825966,0.730106554000297,-4.59512719848861
"M16591_s_at",-229.908331982134,322.261793306582,-0.984645509172541,0.331026311326996,0.730367767968072,-4.59512741960859
"U43374_at",-102.878910019511,-456.93994386601,-0.984102806950787,0.331289581108608,0.730722549608872,-4.59512768303927
"D87470_at",-84.8173125201124,-526.477372090729,-0.983647133816158,0.331510740997569,0.730729676892066,-4.59512790412453
"U28758_s_at",-108.802601797742,-797.215493804252,-0.983410525214915,0.331625617569354,0.730729676892066,-4.59512801888683
"X05309_at",689.786938536927,438.160182590208,0.983083326239915,0.331784521035396,0.730729676892066,-4.59512817754721
"U25997_at",91.7171516905197,-912.318839921091,0.98292697859298,0.331860468993615,0.730729676892066,-4.59512825334416
"X98482_at",-622.232593863029,428.118396755741,-0.982846575954059,0.331899530198306,0.730729676892066,-4.59512829231893
"U09813_at",-1001.40465319834,1399.10693834017,-0.982698857902923,0.331971302624484,0.730729676892066,-4.59512836391702
"M28212_at",-112.324596602162,-800.887036402698,-0.982618978695446,0.33201011823451,0.730729676892066,-4.59512840262997
"U01337_at",252.122798394619,-518.487487390884,0.981820093259994,0.332398487461066,0.731348905074153,-4.59512878964875
"U79718_at",115.437376544543,-100.549644349109,0.981439039114942,0.332583840118622,0.731348905074153,-4.59512897414992
"D82343_at",-79.8005325085301,-887.300103735,-0.981407582313673,0.332599144461573,0.731348905074153,-4.59512898937799
"D87436_at",-90.5584075347614,-404.295434521405,-0.980571548627036,0.333006064350438,0.732017954649498,-4.59512939393614
"HG1437-HT1437_s_at",8994.18292063258,30484.1534145223,0.980012833177102,0.33327819227912,0.732390381862066,-4.59512966412628
"HG2161-HT2231_at",589.38208529177,-4109.25999923997,0.979566827154359,0.333495531043324,0.732642215609964,-4.59512987971145
"U96094_at",-127.040468318315,-653.425300114191,-0.978953353755345,0.333794631993598,0.733073458807005,-4.59513017610049
"M16279_at",2204.51399007451,2735.49836901005,0.978295323615361,0.334115656673498,0.733289573275279,-4.59513049383025
"X72304_at",3320.53968554414,6210.20945865342,0.97802586040161,0.334413223245262,0.733289573275279,-4.59513049757151
"U79257_at",-98.892645564078,-483.796888231904,-0.977913513018205,0.334302020564542,0.733289573275279,-4.59513067809913
"L42176_at",-92.4599019875742,-790.946055979688,-0.977629860803982,0.334440517907955,0.733289573275279,-4.59513081495295
"X00588_at",-117.097653129979,-669.366074078227,-0.977506518582258,0.334500753548661,0.733289573275279,-4.59513087445076
"M55265_at",-156.579432896382,-648.327432605298,-0.977460490999587,0.334523233528973,0.733289573275279,-4.5951308966518
"L10844_at",124.997678824076,-999.897515311156,0.976872821010275,0.33481034193838,0.733289573275279,-4.59513118002697
"U20362_at",-165.18280132354,-318.898410737607,-0.976771511009588,0.334859854005369,0.733289573275279,-4.59513122886325
"D50928_at",142.977531850135,-165.447155994516,0.976713835824523,0.334888043123986,0.733289573275279,-4.59513125666341
"HG3578-HT3781_at",-185.969139523395,513.603480851535,-0.97664567663319,0.334921358417918,0.733289573275279,-4.59513128951507
"M54992_at",-72.0065101402527,-559.847632432782,-0.976435343734846,0.335024180301621,0.733289573275279,-4.59513139087923
"U61232_at",123.954079522191,-838.831884585984,0.976087882271341,0.335194084222351,0.733436334639333,-4.59513155828558
"J00124_at",-115.386069252201,-271.735365094283,-0.975621492887888,0.335422232984087,0.733710412088812,-4.59513178290669
"M95740_at",-84.4643836666983,-615.431023207281,-0.975104175863834,0.335675416185705,0.733831869086806,-4.59513203194212
"M81780_cds5_at",-189.336995359619,-1224.11269659373,-0.975087514385116,0.335683572705253,0.733831869086806,-4.59513203996094
"AFFX-M27830_3_at",235.88142192914,924.424205131115,0.973711473179722,0.336357662790938,0.73453327372972,-4.5951327017941
"AC000061_cds2_at",-178.834429294247,-10.3913531661535,-0.973683174176563,0.336371535301488,0.73453327372972,-4.59513271539619
"D50640_at",-73.0214976350795,-564.237765885172,-0.973525474474896,0.33644884859515,0.73453327372972,-4.59513279118899
"X16416_at",-229.5237713846,0.249446182793804,-0.973038906712776,0.336687466486425,0.73453327372972,-4.59513302497077
"U20530_at",143.37248164548,108.822133477493,0.972853967971084,0.336778192046824,0.73453327372972,-4.59513311380083
"M11591_at",-89.4794540912987,-761.939269913774,-0.972716448506962,0.336845665687961,0.73453327372972,-4.5951331798445
"X69433_at",-753.092546022503,870.514275639754,-0.972680764326448,0.336863175534479,0.73453327372972,-4.59513319698044
"X03934_at",-1503.3077480256,635.615817217199,-0.972499433188575,0.33695216219258,0.73453327372972,-4.59513328404889
"U00943_at",-135.972983867243,-109.295588761185,-0.971874198713496,0.337259111015796,0.73453327372972,-4.59513358415078
"X99975_at",-90.6280484068377,-632.135828602783,-0.971821108004843,0.337285183652659,0.73453327372972,-4.59513360962538
"D16154_at",119.047436751168,-922.179988075584,0.971723801722222,0.337332973880173,0.73453327372972,-4.59513365631276
"D86043_s_at",116.896183717371,-1077.18746005375,0.97168746185996,0.337350822709405,0.73453327372972,-4.59513367374748
"Z84721_cds2_at",590.067979991238,-2334.65773413156,0.971567033944075,0.337409977068414,0.73453327372972,-4.59513373152078
"M86667_at",-609.569991996969,1229.76969244569,-0.971489939422376,0.337447849643293,0.73453327372972,-4.59513376850221
"U33921_at",-85.0903227346423,-443.573157415477,-0.971283030291987,0.337549507504178,0.73453327372972,-4.59513386774123
"S72904_at",72.0184949208578,-612.358241033118,0.97101109166081,0.33768314654759,0.734599913981349,-4.59513399814106
"L18877_f_at",-560.222561389795,1334.6351957072,-0.970409369059636,0.337978977249699,0.734994819198328,-4.59513428656146
"HG3527-HT3721_f_at",2335.56585298164,11193.1284216177,0.97022263453498,0.33807081853464,0.734994819198328,-4.59513437603506
"S76067_at",-107.010408000375,-364.119857521238,-0.969768868046784,0.338294063095074,0.735256008512946,-4.59513459339185
"X06825_at",-113.86523722029,-689.033769069825,-0.96729501211429,0.339677078686477,0.736374251410719,-4.59513470719568
"M97252_at",182.083423683792,-555.913268399916,0.969375110891425,0.33848786394391,0.735453064528953,-4.59513478192938
"M26708_s_at",4336.62947371444,6481.50899458985,0.968310986765024,0.339011979210612,0.736367476013059,-4.59513529110372
"X59543_at",147.993324045975,174.244866302476,0.967684533949479,0.339320780400185,0.736374251410719,-4.59513559061972
"D50917_at",178.206777799404,231.50198373867,0.967617788101155,0.339353692892924,0.736374251410719,-4.59513562252154
"Y11416_at",230.474000485647,-148.081720506103,0.967230106547862,0.339544901433572,0.736374251410719,-4.59513580777829
"L13744_at",-133.054545124907,-598.447032208298,-0.967042887805024,0.339637265368718,0.736374251410719,-4.59513589721824
"S83362_s_at",132.229744609778,-544.659392326759,0.966819689832176,0.339747401464048,0.736374251410719,-4.5951360038261
"J04982_at",-74.5544264518359,-796.803991989992,-0.966708305347712,0.339802372572108,0.736374251410719,-4.59513605701925
"U41737_at",-87.3294772700436,-796.197837955742,-0.966629620784123,0.339841209001918,0.736374251410719,-4.59513609459277
"D84454_at",-186.73550598055,-947.47802377821,-0.96528845128794,0.340503626602663,0.737585468196717,-4.59513673460404
"M59216_s_at",-415.735493069985,664.5097771701,-0.963437691773827,0.341419147651219,0.73863469105124,-4.59513761647392
"U81984_at",-230.855146400275,434.687918915851,-0.963400830288906,0.3414373986645,0.73863469105124,-4.59513763402252
"M58460_at",-987.082374840773,767.869964776568,-0.963378448134805,0.341448480927516,0.73863469105124,-4.59513764467768
"X03663_at",227.926308990333,-28.9111611266135,0.963154768558218,0.341559246416961,0.73863469105124,-4.59513775114932
"Y07759_at",-157.152750570652,-573.558986750697,-0.963013535460743,0.341629196959377,0.73863469105124,-4.59513781836485
"U40343_at",-439.408382009706,1182.57575729485,-0.962940941170138,0.341665155484216,0.73863469105124,-4.5951378529104
"HG1111-HT1111_at",102.109006370081,-586.93830148504,0.962844233582111,0.341713062091998,0.73863469105124,-4.59513789892711
"HG3928-HT4198_s_at",-320.464751115781,-775.478815478512,-0.96248615014043,0.341890486909211,0.73879426125745,-4.59513806927881
"L08010_at",-279.547185331758,652.893495055759,-0.962097799667598,0.342082977836727,0.738986281415844,-4.59513825396468
"X52009_s_at",-142.503288884083,-1036.87079417917,-0.96145459324273,0.34240194994461,0.739451334056636,-4.59513855970275
"M60858_rna1_at",-3508.19803945982,41549.2027817055,-0.960953098752628,0.342650782935962,0.739764678509338,-4.59513879795188
"U73738_at",262.452241356412,77.1537345612114,0.960374196837334,0.34293817360585,0.74010238418921,-4.5951390728357
"HG1733-HT1748_at",-143.155761690042,-432.127899098411,-0.960219944745845,0.343014777695322,0.74010238418921,-4.59513914605494
"X02612_at",-369.62828286898,797.473608091582,-0.959419956418798,0.343412247258751,0.740735854568104,-4.59513952561665
"HG2339-HT2435_at",-162.205495529598,-1550.85909615352,-0.958987537577968,0.343627219378194,0.740768325231014,-4.59513973066243
"X53065_f_at",213.675994480127,-463.937928072066,0.958971767499873,0.343635060982218,0.740768325231014,-4.59513973813875
"Z70759_at",-119.320856166972,-908.164777589455,-0.958733011461619,0.343753795922022,0.740800338083995,-4.59513985131532
"HG417-HT417_s_at",-118.391623043955,-570.19650487447,-0.957326593664364,0.344453769487383,0.742084540850311,-4.59514051747592
"Z68274_at",235.296385117893,-659.089831414147,0.95696489123871,0.344633941425761,0.742248455544276,-4.59514068865586
"X55740_at",-1160.5831656859,4707.6751345779,-0.956404594036538,0.34491316120678,0.742532471874529,-4.5951409537074
"M86383_s_at",-262.546748700366,-1300.44447004529,-0.956282415096024,0.34497406805782,0.742532471874529,-4.59514101148612
"U14577_s_at",-123.61052845756,-1279.09268791712,-0.955554546632807,0.345337062162079,0.743089496161071,-4.59514135555826
"M74491_at",515.573455791599,-557.868783088895,0.954760427577581,0.345733384719862,0.74333627522303,-4.59514173067704
"X63575_s_at",114.782071563002,-945.495600425095,0.954483473207639,0.345871675742928,0.74333627522303,-4.59514186143576
"AF001548_rna1_at",-3557.0896690686,24342.853706822,-0.954455459774925,0.345885665670121,0.74333627522303,-4.59514187465985
"L12060_s_at",-96.2878084820158,-388.631011091027,-0.954188736023984,0.346018886470069,0.74333627522303,-4.59514200055254
"M55542_at",702.754719530269,698.937430205946,0.954008736579624,0.346108810194775,0.74333627522303,-4.59514208549362
"X12447_at",1939.4407237397,2203.95171826879,0.953983940150865,0.346121199152909,0.74333627522303,-4.59514209719383
"J02883_at",91.6861074923327,-393.740794997781,0.953741750287208,0.346242219123528,0.74333627522303,-4.59514221145673
"X14766_at",1979.23971895046,2581.06243056928,0.953654810203344,0.346285669091419,0.74333627522303,-4.59514225246783
"U52077_s_at",-80.4766656181198,-502.888951478567,-0.953181001774676,0.346522527369563,0.743620867490927,-4.59514247591167
"HG3733-HT4003_at",-102.733788395623,-1143.41188054607,-0.952847308192754,0.346689406172356,0.743755161075532,-4.59514263321817
"X97198_at",155.976479431855,410.015144088477,0.952634568431647,0.346795824228431,0.743759706036975,-4.59514273347977
"U95090_at",-1536.86828640597,7475.91846738521,-0.951853575190098,0.347186683082446,0.744374094125353,-4.59514310137806
"D21255_at",-124.512969245902,-789.176613516563,-0.951474378198606,0.347376562533718,0.744557339172811,-4.59514327990567
"U96629_rna1_at",-114.035386105467,-905.773126563478,-0.950538703567084,0.347845386957051,0.74533817740106,-4.59514372014937
"U25",-249.68832868651,-914.918007409281,-0.950161363685805,0.348034573311105,0.745352232587038,-4.59514389758015
"L77567_s_at",-171.036239146925,-1513.96162966122,-0.950108681170064,0.348060992078928,0.745352232587038,-4.59514392234716
"U51334_at",302.526094508883,1634.17462027832,0.949442229459465,0.348395312922857,0.74564075731775,-4.5951442355507
"X67337_at",-790.367637928861,-1933.49037988669,-0.949423218940847,0.348404852528782,0.74564075731775,-4.59514424448189
"D63876_at",-246.808017830543,934.041227818512,-0.94868928809146,0.348773275929934,0.746205289725881,-4.59514458916072
"M60784_s_at",454.095879951547,-129.342679397741,0.948228555011393,0.349004689177296,0.746266136975366,-4.59514480541302
"M60750_f_at",-309.591413846563,454.908739169839,-0.948215958163357,0.349011017643086,0.746266136975366,-4.59514481132422
"X75308_at",-213.009343888478,335.308010413015,-0.947916250993405,0.349161608340829,0.746364337253733,-4.5951449519436
"M83751_at",-186.767418506198,-502.48542459076,-0.946910854671116,0.349667092553333,0.747203278105749,-4.59514542337004
"X74301_s_at",-362.437444283844,449.219624381629,-0.946718926086322,0.349763643572709,0.747203278105749,-4.59514551331299
"U50078_at",361.229016474697,91.1308531952215,0.946129185507286,0.350060426777223,0.747425175538867,-4.59514578957787
"D85759_s_at",-365.79491873013,-63.7852930393902,-0.945988697019848,0.350131151213008,0.747425175538867,-4.59514585536686
"S77415_at",89.8776311427049,-837.297636679539,0.945887793557928,0.350181953649608,0.747425175538867,-4.59514590261321
"X03068_f_at",-3672.38018363065,11877.3152689817,-0.944999676408597,0.350629308738968,0.748042744473966,-4.59514631826174
"X95190_at",-282.320684877218,-980.512294778774,-0.944741521532236,0.350759415050248,0.748042744473966,-4.59514643901452
"K03189_f_at",-759.253399263139,996.935462102055,-0.944534837198081,0.350863603893616,0.748042744473966,-4.5951465356702
"U79528_s_at",374.136907514712,224.065204619692,0.944179974204038,0.351042536652952,0.748042744473966,-4.59514670157663
"U31449_at",-135.005824760173,-747.861540813089,-0.944176338815531,0.351044370038021,0.748042744473966,-4.59514670327596
"X90846_at",-551.329436695984,2367.68477078175,-0.944064654003257,0.351100697565428,0.748042744473966,-4.59514675547923
"AB000114_at",-80.0788124784287,-706.901670526477,-0.94372699911096,0.35127102789349,0.748042744473966,-4.5951469132704
"U73960_at",233.062528768878,-560.533201388803,0.943648773589089,0.351310496598417,0.748042744473966,-4.59514694981904
"M60891_s_at",259.903988612726,-589.53133472207,0.943004856712183,0.351635496017637,0.748248631065385,-4.59514725056622
"X58022_at",-2769.9732737954,15650.7428308954,-0.942834923354078,0.3517212982455,0.748248631065385,-4.59514732990402
"S45630_at",137.264430248673,249.54500073778,0.942740083345942,0.351769190565022,0.748248631065385,-4.59514737417689
"U86070_at",139.375198266204,111.005076087492,0.942625804023317,0.351826905057108,0.748248631065385,-4.59514742751898
"Z56281_at",-1046.49033935218,2721.99485168147,-0.940534382939841,0.353212039759254,0.74885959374357,-4.59514772016179
"J05412_at",257.822446620325,-950.068330336657,0.941953339301699,0.352166646245727,0.748415337998731,-4.59514774128588
"D13118_at",444.073455202204,6289.25942884039,0.941697686722333,0.352295863136091,0.748415337998731,-4.59514786051804
"U34976_at",-305.930191748908,-467.189340734627,-0.941390547342013,0.35245114474687,0.748415337998731,-4.5951480037239
"Y10514_s_at",-78.5498092138019,-640.866369571635,-0.941301929460649,0.352495955993793,0.748415337998731,-4.59514804503471
"D17570_s_at",-126.391339432611,-702.429419782857,-0.941279345157267,0.352507376757915,0.748415337998731,-4.59514805556222
"K02765_at",-184.061638738673,-790.180013202316,-0.941224713011089,0.352535004955509,0.748415337998731,-4.59514808102765
"Z80776_at",125.440762639765,-1093.4083399021,0.940562690821761,0.352869911564052,0.74885959374357,-4.59514838950626
"U83326_s_at",-677.786489177306,2470.55360316218,-0.939876851597521,0.353217087482853,0.74885959374357,-4.59514870887467
"U93237_rna2_at",1860.64735297343,8507.78719215702,0.939819170808136,0.353246296079779,0.74885959374357,-4.5951487357247
"X61587_at",287.042244406523,-207.687938413033,0.939773663444577,0.353269341376156,0.74885959374357,-4.59514875690701
"L10678_at",-78.4815346076095,-915.92145302856,-0.938929275433998,0.353697125623709,0.749543596678357,-4.59514914977522
"L49380_at",-83.9303906482698,-641.000032834811,-0.938009050889471,0.354163717755634,0.750309409184618,-4.59514957756216
"M16973_at",-88.4613052146219,-1011.36138369297,-0.936652559194495,0.35485225248832,0.750998560578436,-4.59515020746189
"S73205_at",374.654958846371,1828.05300547295,0.936623504172361,0.35486700998588,0.750998560578436,-4.59515022094479
"AFFX-BioDn-3_at",-164.718069086496,-872.191789068097,-0.936518583000955,0.354920304434628,0.750998560578436,-4.59515026963
"Z68280_cds2_s_at",-146.706232684211,-374.919823070576,-0.93627665668786,0.355043210327718,0.750998560578436,-4.59515038186902
"X80062_at",153.974882861415,-256.596105595544,0.936271794564038,0.355045680720169,0.750998560578436,-4.59515038412448
"X99140_at",113.387468422975,24.0094855277489,0.936123759420706,0.355120901173817,0.750998560578436,-4.5951504527904
"X97671_at",-109.357216718361,-505.998228634471,-0.935481339282131,0.355447452489523,0.751466286303821,-4.59515075066173
"U47292_at",117.753246987235,-855.89162643301,0.935231360913583,0.355574573284706,0.75151223535662,-4.59515086651906
"X12492_at",291.678232876028,-814.908375066239,0.934872658518395,0.355757035295157,0.751675087019189,-4.59515103271743
"U04343_at",-90.44326559807,-605.542688474325,-0.934623263615225,0.35588393178335,0.75172047320707,-4.59515114823592
"M22092_at",-91.4310368150395,-1187.4785488755,-0.934011519827377,0.356195323401518,0.752155419359261,-4.59515143147384
"D28137_at",384.194288937486,979.315351469811,0.933513794901189,0.356448808542826,0.752467866701863,-4.59515166179636
"L37036_s_at",67.6816445977535,-557.046476183752,0.932922374162939,0.356750165464281,0.752555784216413,-4.59515193533139
"J05272_at",258.968498292994,1360.07896698593,0.932806448492752,0.356809254653124,0.752555784216413,-4.59515198892908
"Z79581_at",-88.9702104435268,-888.474843623447,-0.932509401925343,0.356960693354448,0.752555784216413,-4.59515212623951
"U10693_at",283.173541394791,386.931332979696,0.932299616076273,0.357067670622916,0.752555784216413,-4.59515222318949
"U77180_at",-152.957402065224,-600.138791175326,-0.932293866564307,0.357070602799225,0.752555784216413,-4.59515222584628
"K03183_f_at",752.605190576605,675.668729927468,0.932189848082407,0.357123653595336,0.752555784216413,-4.59515227390951
"HG4272-HT4542_at",162.544735879457,967.086916286878,0.931385281298454,0.357534167618627,0.753198271577085,-4.59515264550622
"D13626_at",-109.436100304024,-740.102046281837,-0.929288547273611,0.358605434853988,0.754143153894989,-4.59515361252916
"M27492_at",460.345673622881,-2787.94794683418,0.929267103261428,0.358616401900699,0.754143153894989,-4.59515362240897
"L05147_at",107.125839792678,-1265.97063952771,0.929266135590537,0.358616896798887,0.754143153894989,-4.5951536228548
"U77718_at",-149.273910080859,-100.773876692155,-0.929254567019646,0.358622813374744,0.754143153894989,-4.59515362818465
"X54673_at",218.498785041979,471.481767517185,0.928983211193498,0.358761612638287,0.754143153894989,-4.59515375318587
"M31994_at",-258.010203117417,-2019.53927979286,-0.928908839832634,0.358799659928522,0.754143153894989,-4.59515378743954
"M13690_s_at",-4580.39069642692,16082.9831274596,-0.92878844111524,0.358861259726603,0.754143153894989,-4.59515384288702
"U41315_rna1_s_at",-299.05137497749,470.990845045576,-0.928664224379224,0.358924820189406,0.754143153894989,-4.59515390008596
"X99479_f_at",-389.281431425374,453.009229694375,-0.928635986706202,0.358939270151093,0.754143153894989,-4.59515391308779
"M29927_at",-342.725782872036,214.093102144157,-0.928271438820106,0.359125853057464,0.754143153894989,-4.59515408090877
"J04970_at",-75.4182763011172,-715.712384008692,-0.928232076145109,0.359146003453567,0.754143153894989,-4.59515409902593
"Y07701_at",99.491874786817,-297.781169102012,0.927539859252331,0.359500481330231,0.754614483484837,-4.59515441751297
"Y09943_s_at",-798.305236142132,-1321.46531177813,-0.927380522844737,0.359582108383323,0.754614483484837,-4.59515449079254
"U04636_rna1_at",-73.9425903964744,-595.276726374027,-0.927144447569493,0.35970307053784,0.754646247721488,-4.59515459934358
"X14975_at",-507.52121543917,-761.218931329823,-0.926787472026362,0.359886031020201,0.754808025648545,-4.59515476343858
"U55258_at",170.163924006583,-437.204631289123,0.926367148647725,0.360101537025162,0.755037947817238,-4.59515495657955
"U02619_at",-287.32773557331,-1468.26216036328,-0.925935573430692,0.360322899661563,0.755280011018991,-4.59515515480769
"J05257_at",-231.544613841361,-188.046242268408,-0.925397533030164,0.360598994554597,0.755446717609262,-4.59515540181872
"HG4517-HT4920_s_at",155.112945512395,17.1705247578606,0.925174457212614,0.360713506159701,0.755446717609262,-4.59515550419307
"D55643_s_at",-148.148673533506,-435.622162637778,-0.925161329228593,0.360720245892517,0.755446717609262,-4.59515551021708
"U27460_at",-164.36039822106,13.4114322391854,-0.924909244146019,0.36084967896531,0.755452609845217,-4.59515562587582
"X79568_at",-863.065279562568,2507.2477717207,-0.924642261647693,0.360986794147632,0.755452609845217,-4.59515574833827
"U47050_at",113.584769401914,-695.123561050702,0.924536972809921,0.361040877065278,0.755452609845217,-4.59515579662444
"X69115_at",96.7204263677692,-706.774269834174,0.923639837754769,0.36150191595908,0.756195412937576,-4.5951562078532
"L47125_s_at",-345.295490653345,962.543917449666,-0.923098026787035,0.361780539143698,0.756556312209298,-4.59515645603212
"S68287_at",-365.895187200402,450.395831317525,-0.922507384835615,0.362084432782388,0.756632632178044,-4.59515672642693
"Z48511_at",-70.6518243897943,-732.357095031662,-0.922382097734111,0.362148916143102,0.756632632178044,-4.59515678376284
"X77307_at",-80.2710837425785,-589.528715253759,-0.922258771689915,0.362212397483713,0.756632632178044,-4.59515684019436
"U17743_s_at",85.9345537740581,-844.307037646871,0.922202328511045,0.362241453688942,0.756632632178044,-4.59515686601933
"X71135_at",-206.971158687636,137.969371169285,-0.921840477779745,0.362427765747458,0.756800116411456,-4.59515703154596
"U67156_at",-295.102075668091,965.477580588291,-0.921380327961546,0.362664780806471,0.757073346584,-4.59515724195335
"M21551_rna1_at",-183.67201439598,-811.67920680948,-0.920976787510178,0.362872720422872,0.757157712127351,-4.59515742639671
"L38025_at",-102.382281024864,-1184.92621215535,-0.920753907983224,0.362987600868671,0.757157712127351,-4.59515752823507
"X51688_at",-98.7209327626905,-509.475825929941,-0.920683823590079,0.363023729878476,0.757157712127351,-4.59515756025345
"HG4322-HT4592_at",262.926942506692,-599.220615482227,0.91975900902586,0.36350069765601,0.757828751027231,-4.59515798255097
"M77481_rna1_f_at",249.68818243354,-242.677761753435,0.91950621533072,0.363631145465012,0.757828751027231,-4.59515809791658
"U50531_at",-77.6843718493874,-505.557475731816,-0.919442012143816,0.363664280748168,0.757828751027231,-4.59515812721191
"M81830_at",-86.7914634758457,-278.949333945964,-0.918736249254156,0.364028654622975,0.757961046465209,-4.59515844912197
"U88047_at",-229.516566236637,-645.342834598247,-0.918651853110065,0.36407224286104,0.757961046465209,-4.59515848760133
"U12767_at",-72.3002362553431,-726.521048629699,-0.91851284304362,0.364144045053298,0.757961046465209,-4.59515855097418
"U07563_cds1_at",-101.420148077911,-421.227822487664,-0.918262711295146,0.364273267570789,0.757961046465209,-4.59515866498389
"M95178_at",133.824856982616,-794.127883986015,0.918203299045207,0.364303965377907,0.757961046465209,-4.59515869205974
"HG2139-HT2208_f_at",1583.82498577257,2846.80591977179,0.91808419175907,0.364365512169785,0.757961046465209,-4.5951587463355
"L04483_s_at",6648.82222592516,11077.3735105941,0.91771041233094,0.364558700611081,0.758141759713509,-4.59515891662056
"Z68228_s_at",-1293.22293833186,4037.15982084776,-0.917342338017619,0.364749005388062,0.758316372426318,-4.59515908424461
"L05072_s_at",-6535.34401217435,36116.9895907908,-0.916864497059281,0.364996158873618,0.758609037868777,-4.59515930176566
"X80695_at",226.399832927116,642.787354584551,0.916403122984712,0.365234898392672,0.758782368554477,-4.59515951169248
"U11701_at",-87.9702288581837,-860.666590241117,-0.916292091164603,0.365292367304378,0.758782368554477,-4.59515956219794
"V00533_rna1_f_at",-76.8544160897882,-813.234064612047,-0.915866135142092,0.365512892163637,0.759019345957744,-4.59515975590227
"U20158_at",144.006560579431,200.007568946069,0.915171677198937,0.365872610415474,0.759302685024908,-4.59516007153193
"X80026_at",103.289477585423,-477.033376860309,0.915015014925031,0.365953790747509,0.759302685024908,-4.59516014270435
"Z48520_at",-134.051481087834,-285.443788436639,-0.914783249234417,0.366073910116697,0.759302685024908,-4.5951602479762
"K03430_at",-89.9735298063805,25.7327650164394,-0.914780657938095,0.366075253276628,0.759302685024908,-4.59516024915308
"U66359_at",-90.7873738093025,-972.311191085635,-0.914427416425479,0.366258380688797,0.759370495001474,-4.59516040955399
"U22028_at",2162.72323342212,3718.15978167449,0.914267972326516,0.366341059135633,0.759370495001474,-4.59516048193627
"HG2649-HT2745_s_at",128.718218921888,308.400027125229,0.914101467538892,0.366427411765541,0.759370495001474,-4.59516055751156
"L11566_at",-2054.39543788064,28180.3715515921,-0.913744817447738,0.366612421875035,0.759381314293735,-4.59516071935005
"U28963_at",-194.069670847699,413.803303227334,-0.913570330683121,0.366702957905829,0.759381314293735,-4.59516079850655
"L13286_at",-73.6456728633494,-825.241293736597,-0.913475626862625,0.366752102990832,0.759381314293735,-4.59516084146347
"D32129_f_at",1897.11656342473,582.143229246762,0.912449449293013,0.367284895777437,0.760263742173846,-4.59516130666863
"X57129_at",131.314244276829,-615.524381306244,0.911275392148046,0.367895082652787,0.761100577062611,-4.5951618383268
"M81118_at",105.669417251357,-92.3758170152417,0.911199196650831,0.367934706030085,0.761100577062611,-4.59516187280942
"D13540_at",84.3409163844246,-482.295301914468,0.911018066746908,0.368028908757257,0.761100577062611,-4.59516195476999
"U90909_at",275.625744832756,-647.673359907674,0.910850450112589,0.368116097362073,0.761100577062611,-4.59516203060259
"D79983_at",-79.0860571097235,-562.213900699353,-0.909783854236374,0.368671218335764,0.761881504407462,-4.59516251284959
"L40379_at",105.114265663659,-904.911841133782,0.909714209560368,0.368707484463631,0.761881504407462,-4.59516254432052
"U65416_rna1_s_at",274.890616981257,-246.179227780487,0.909250218943209,0.368949157576707,0.761961075336769,-4.59516275393163
"M90359_at",250.569959366217,502.940497155923,0.909093371111164,0.369030876153582,0.761961075336769,-4.59516282476664
"M77144_rna1_at",205.415837825277,-1556.20227333309,0.909024910722,0.369066548059627,0.761961075336769,-4.59516285568096
"AF009368_at",-231.175749291041,1321.60552535984,-0.90837944159646,0.369402985219129,0.762434931287295,-4.59516314704748
"D21853_at",-183.392424276769,964.483973473509,-0.908149762003864,0.369522748673846,0.762461435414699,-4.5951632506798
"U08471_at",405.525554142415,-2896.34062865241,0.907877251988331,0.369664878051172,0.76253405998927,-4.59516337360626
"U15173_at",148.009999636034,788.204321100804,0.907039187655464,0.370102197348574,0.762721041882603,-4.59516375143686
"U63289_at",-66.2943595361495,-913.180096009286,-0.906933151760996,0.370157552880174,0.762721041882603,-4.59516379921903
"U72936_s_at",824.728564596746,-3878.89854207191,0.906931663781368,0.370158329710873,0.762721041882603,-4.59516379988952
"X51420_at",267.095876356706,-1569.2114601779,0.906883724432533,0.37018335800809,0.762721041882603,-4.59516382149036
"X71973_at",710.00727651587,455.528084055978,0.906410454843968,0.370430502461986,0.763009795799082,-4.59516403468335
"X00368_xpt2_at",-5582.69681360191,23517.0573833984,-0.905630353736274,0.370838108840971,0.763628805701693,-4.59516438587189
"M12529_at",185.435430994575,-1491.14259370582,0.904677955573705,0.371336133553151,0.764433593639583,-4.59516481425038
"U78678_at",333.008203048849,25.4844182438434,0.904298713643271,0.371534565483203,0.764573305305316,-4.59516498471444
"J03764_at",-109.974399770173,15.5761855106567,-0.904138457658984,0.371618437272223,0.764573305305316,-4.59516505672765
"HG2743-HT3926_s_at",188.377171273827,-296.549207263487,0.903473438841711,0.371966612887188,0.765054888085907,-4.59516535543798
"HG2706-HT2802_at",-83.0979944604693,-1000.68723435507,-0.903216868246649,0.372100998562682,0.765054888085907,-4.59516547062946
"U77845_at",108.951557848439,276.835732640543,0.902914831839558,0.372259238270127,0.765054888085907,-4.59516560619514
"M36429_s_at",230.505668026073,-402.694503207177,0.90282253935034,0.372307599821298,0.765054888085907,-4.59516564761131
"S54005_s_at",1973.34612209626,1987.68723472208,0.902667332251525,0.372388937953469,0.765054888085907,-4.59516571725161
"U75308_at",239.671714988634,-213.409539650181,0.902412463719609,0.372522529689137,0.765108916824088,-4.59516583158548
"Y08200_at",316.846019512308,-291.778978487809,0.901789210466358,0.372849343806168,0.765302078919387,-4.59516611105191
"X07618_s_at",536.767567235567,297.778182291876,0.901525745589883,0.372987551898004,0.765302078919387,-4.59516622913623
"AC002115_cds3_at",151.679681736902,715.933714330178,0.901499703564946,0.373001214784097,0.765302078919387,-4.59516624080648
"HG4258-HT4528_at",-93.4651687112782,-678.952509380568,-0.901414612580585,0.373045859812619,0.765302078919387,-4.59516627893629
"U22377_at",-78.224501520632,-626.91425863539,-0.901181391752922,0.373168242361439,0.765332969881917,-4.59516638342712
"D28383_at",-98.7549938955727,-226.674908528719,-0.90033124301723,0.37361457646114,0.765878391264703,-4.59516676411273
"U22322_s_at",-263.278518159213,507.906210943766,-0.900265727990023,0.373648986567088,0.765878391264703,-4.59516679343585
"X52228_at",-109.060051512559,-646.125719760852,-0.899739812337839,0.373925284317546,0.76603332623659,-4.59516702875352
"U28369_at",-172.722178036204,-511.091165626252,-0.899692794115083,0.373949992452445,0.76603332623659,-4.59516704978539
"U03494_at",-451.810884963232,775.567099621944,-0.899475844010678,0.374064013608293,0.76603332623659,-4.59516714681699
"D38553_at",-92.7923943157523,-324.013536770829,-0.899005614504772,0.374311226048932,0.76603332623659,-4.59516735705495
"U86602_at",249.837123271057,1228.39901112214,0.898677156867979,0.374483967476017,0.76603332623659,-4.59516750384742
"X95632_s_at",-82.2974460370683,-788.269140472006,-0.897935855905818,0.374874018544573,0.76603332623659,-4.59516783496479
"U36221_at",215.333542331282,323.385133014909,0.897491208779413,0.37510810420632,0.76603332623659,-4.59516803345539
"M25756_at",-76.4029901572844,-461.112739921848,-0.897352794579727,0.375180991895211,0.76603332623659,-4.59516809522513
"X76538_at",162.901574612551,-580.821785925335,0.897262089163983,0.375228761497175,0.76603332623659,-4.59516813569926
"D32002_s_at",60.8471990246495,-781.226404951063,0.897239842719133,0.375240478084668,0.76603332623659,-4.59516814562538
"U55936_at",-68.4016138763389,-614.543974729707,-0.897237454843226,0.375241735726863,0.76603332623659,-4.59516814669081
"L11695_at",86.5590594916819,-841.402246677661,0.897167452186501,0.375278605803775,0.76603332623659,-4.5951681779237
"U09564_at",251.302933855583,-1254.11609020837,0.896379258782429,0.375693904258682,0.76603332623659,-4.59516852943552
"S78467_s_at",180.445019248947,-855.234660481023,0.896291189988844,0.375740325957013,0.76603332623659,-4.5951685686941
"U15177_at",150.962213674284,-342.73310301089,0.896084207521018,0.375849442413148,0.76603332623659,-4.59516866094709
"M11567_rna1_at",-142.335329343037,-2077.54594300611,-0.896030513737388,0.375877751879517,0.76603332623659,-4.59516868487546
"X07994_at",-656.379146430536,2135.68563513477,-0.895882565578632,0.37595576302791,0.76603332623659,-4.595168750801
"L04569_at",122.862535638786,-358.225490950257,0.89579720622634,0.376000776637142,0.76603332623659,-4.5951687888325
"U58096_at",84.3760535952245,-542.909528377366,0.894090201790367,0.377052821698917,0.766466268966641,-4.59516897369441
"U65928_at",-277.706336190699,1260.95362579649,-0.895334489934906,0.376244846782039,0.76603332623659,-4.59516899493591
"X86018_at",-117.872810461166,135.468461864589,-0.895291876108901,0.376267329517824,0.76603332623659,-4.59516901391208
"Y00064_at",-780.795101046069,1853.94648485406,-0.895041464003395,0.376399462489834,0.76603332623659,-4.59516912540521
"M13929_s_at",-467.365107071119,1192.12382741429,-0.894858552044012,0.376495997009063,0.76603332623659,-4.59516920682658
"U73843_at",-1200.95649933997,5010.12683675206,-0.894817147161439,0.376517851259082,0.76603332623659,-4.59516922525542
"U77846_rna1_s_at",140.15244839629,-508.360294044416,0.894708914016397,0.376574982525729,0.76603332623659,-4.59516927342505
"D25278_at",-108.18757794407,237.927353938502,-0.894546884212427,0.376660520952389,0.76603332623659,-4.59516934552713
"U38276_at",-432.958025936624,855.371337036045,-0.894529160587481,0.376669878326661,0.76603332623659,-4.59516935341329
"X52008_at",-102.498946883065,-778.844438578858,-0.89450824717688,0.376680919973623,0.76603332623659,-4.59516936271856
"U52154_at",92.6984463543028,-512.14587893264,0.894410712005718,0.376732418330069,0.76603332623659,-4.59516940611351
"U43899_at",205.231187898337,-259.383179508012,0.892725652025059,0.377622839188934,0.767348729649395,-4.59517015513782
"D14826_s_at",68.5530062919464,-774.428417823725,0.892422779165964,0.377783026404701,0.767348729649395,-4.59517028963008
"X78712_at",159.379392718037,-532.198108690148,0.89237224314265,0.377809758771424,0.767348729649395,-4.59517031206678
"X69116_s_at",68.8178695121449,-692.352338447769,0.892079154487126,0.377964819666282,0.767445082300756,-4.59517044216767
"X89576_at",-101.259488647945,-881.610443374278,-0.891780782368973,0.37812271768874,0.767488663070814,-4.59517057457357
"M38591_at",-335.592515783547,831.12061672199,-0.891631870811167,0.378201537236129,0.767488663070814,-4.59517064063949
"X79439_at",-296.548648366088,666.585023348248,-0.89135231977075,0.378349533255661,0.767570560923505,-4.59517076463742
"X14362_at",111.016297376788,-1109.17014992145,0.890385901838329,0.378861446416604,0.768232251896032,-4.59517119302764
"X64728_at",-2517.98436229801,15198.3487249991,-0.890329841045245,0.378891155506709,0.768232251896032,-4.59517121786497
"D49394_at",-114.361897155611,-956.42030402245,-0.889864333670401,0.379137906007376,0.768514044269073,-4.59517142404917
"D90042_at",-440.250079093568,1606.61406566087,-0.889094498222396,0.37954619657686,0.768978784563866,-4.59517176481015
"S56151_s_at",359.440736677643,1385.96064523329,0.888851050985314,0.379675369952518,0.768978784563866,-4.59517187251358
"X15573_at",-438.111767188491,-688.0403082599,-0.888822184122671,0.379690688605998,0.768978784563866,-4.59517188528276
"U07882_at",-1068.36195409673,5657.99014828936,-0.888432188684551,0.37989768453554,0.769179553782775,-4.59517205775894
"V00563_at",240.366665903059,-427.062026130577,0.888015279962951,0.380119044854372,0.769409284375967,-4.59517224206065
"S83390_s_at",-270.603476001632,-749.811161874395,-0.887559000019753,0.380361404027911,0.769681376879407,-4.59517244367601
"L04510_at",-60.8851263754007,-653.471524844395,-0.887268440803926,0.38051578987047,0.769698238697899,-4.59517257201511
"L35035_at",99.7086951356455,-260.937732073571,0.886949119197136,0.380685504496496,0.769698238697899,-4.59517271301395
"L12701_cds2_at",-100.55897590461,-765.368408104553,-0.886821125893168,0.3807535445813,0.769698238697899,-4.59517276951725
"S62028_s_at",1795.49359039169,2968.96627026142,0.886730952657914,0.380801484521973,0.769698238697899,-4.59517280932019
"L19058_at",83.7477855905398,-757.633643571768,0.886379241153998,0.38098850620547,0.769858044134658,-4.59517296453195
"D16227_at",-146.399769890051,-1142.45858138631,-0.8860663896803,0.381154913443884,0.76997611551511,-4.59517310254707
"M28249_at",-127.757748041085,-1142.0330010756,-0.885537599789753,0.381436284860217,0.770186941659617,-4.59517333572208
"U33053_at",201.048924751031,286.581183354954,0.885464319854642,0.381475287889744,0.770186941659617,-4.59517336802548
"X60655_at",195.178611367292,387.563073131211,0.885028708322474,0.381707193372538,0.770375189757328,-4.59517356000187
"Z34822_f_at",1345.86355076312,1973.03664589408,0.884864566548449,0.381794600467327,0.770375189757328,-4.59517363231753
"M32879_at",-263.477809187276,-803.802867601672,-0.884563660703023,0.38195486891872,0.770375189757328,-4.59517376485507
"M62324_at",142.490619444457,-385.039131034687,0.884069426577597,0.382218200971139,0.770375189757328,-4.59517398245641
"X15393_rna1_at",212.664677444708,-349.016287060209,0.884014351491508,0.382247552602198,0.770375189757328,-4.59517400669794
"X04347_s_at",3216.77054293611,4527.30672588239,0.883963647119985,0.382274576181994,0.770375189757328,-4.59517402901445
"M94633_at",-697.668057254797,4369.80458156537,-0.883869510860559,0.382324750603167,0.770375189757328,-4.59517407044351
"U40990_at",191.591877951673,40.4442989844275,0.882882684265863,0.38285097970809,0.771085306710591,-4.59517450449854
"M83664_at",234.233287195502,-1798.26439461821,0.882803110084924,0.382893433047568,0.771085306710591,-4.59517453947976
"X54741_at",-114.79589698698,-880.239888739052,-0.882438684519449,0.383087894761425,0.771243112453297,-4.59517469964609
"U23736_s_at",765.62617615369,-984.647792219808,0.882225682876031,0.383201584039655,0.771243112453297,-4.59517479323291
"Z83821_cds2_at",144.439748403307,-1072.27194332865,0.882048344580139,0.383296254457227,0.771243112453297,-4.59517487113441
"S76473_s_at",121.418759376738,-918.637182935099,0.881776205614384,0.383441562305781,0.771317850720035,-4.59517499065213
"M14218_at",-225.435027647247,-2025.07687659814,-0.881447323494866,0.383617214809406,0.771453569883214,-4.59517513504497
"S83325_s_at",-95.9674377369548,-510.630611229598,-0.88122608905981,0.383735402626315,0.771473683712504,-4.59517523214816
"D78334_at",-78.7482938635205,-755.163500064223,-0.880809522971165,0.38395800338525,0.771533062610945,-4.59517541492454
"S57132_s_at",145.111159164024,-472.615550732909,0.88067079108118,0.384032155896411,0.771533062610945,-4.59517547577818
"L33404_at",-159.54220459488,-1841.53497026384,-0.880273508044167,0.38424455499668,0.771533062610945,-4.59517564999443
"U10690_f_at",96.9964981506589,-625.033329867283,0.880219484235483,0.384273443472293,0.771533062610945,-4.59517567367932
"M60828_at",136.104966815946,-359.672998423544,0.880158773785868,0.384305909184417,0.771533062610945,-4.59517570029415
"L27624_s_at",-347.586416233599,1184.97356271254,-0.879834808543353,0.384479183361431,0.771663680425097,-4.59517584228856
"L41607_at",65.3286466365075,-644.865471216667,0.87940389322087,0.384709737234319,0.771705248456669,-4.59517603108479
"M18533_at",-92.5792541022781,-985.383549138007,-0.879148881941621,0.38484621805706,0.771705248456669,-4.59517614277239
"X57348_s_at",-199.417570995157,24.2198372335903,-0.879121904080245,0.384860658280479,0.771705248456669,-4.59517615458617
"X99142_at",149.480892716786,254.990946075517,0.878923288387768,0.384966980312551,0.771705248456669,-4.59517624155102
"U52112_rna1_at",286.627934581871,1907.73868564342,0.878785061331155,0.385040986398658,0.771705248456669,-4.59517630206373
"J02871_s_at",78.5514181639296,-756.631979343007,0.878522306966225,0.385181688725621,0.771770335010509,-4.59517641706757
"U69140_s_at",-108.936189827308,-240.991351299123,-0.87777251099178,0.385583376595624,0.772237601521981,-4.59517674506851
"J04469_at",126.321940310574,-669.310959005884,0.8776827498506,0.385631482123093,0.772237601521981,-4.59517678431757
"X76059_at",-116.294443216706,-438.967475757769,-0.8770163087445,0.385988765938385,0.772736072405004,-4.59517707561078
"M94151_at",158.042761778943,-1092.48265507942,0.876725364621681,0.38614480904477,0.772831499662715,-4.595177202715
"U66497_at",-75.6365647907917,-416.871000811481,-0.876313144421344,0.38636596514852,0.772949751794985,-4.59517738273439
"M34041_at",73.3101643320135,-567.341864059164,0.876211183734677,0.386420679448762,0.772949751794985,-4.5951774272493
"M57567_at",-245.699843019385,-1157.88857364266,-0.875604134880719,0.386746536730497,0.77303647204181,-4.59517769218136
"M28882_s_at",281.840713746993,-515.692960258567,0.875354202480058,0.386880748402691,0.77303647204181,-4.5951778012093
"D00860_at",-1582.90687133051,6622.55386723273,-0.875293068437043,0.386913581384985,0.77303647204181,-4.59517782787341
"X74837_at",91.2608344200793,-593.955025913132,0.875291806665397,0.386914259057558,0.77303647204181,-4.59517782842372
"L27071_at",-65.5277789927919,-742.115508520857,-0.875036279063122,0.387051513390442,0.77303647204181,-4.59517793985549
"M10321_s_at",-103.506769561011,-680.093089126308,-0.874919102876255,0.387114463842561,0.77303647204181,-4.59517799094426
"D64109_at",-240.366421037484,-494.69459999628,-0.874504078615098,0.38733747915912,0.773265275443361,-4.59517817184395
"AF006609_at",-119.295844594973,-1226.62076396818,-0.873015547126895,0.388138018702726,0.774543268611077,-4.59517882001082
"M92934_at",-161.478158663816,32.8706861431171,-0.872909904988209,0.388194873372036,0.774543268611077,-4.59517886597302
"U44755_at",156.507579971811,373.580081009213,0.872297657627291,0.388524477594012,0.774984069852558,-4.59517913224532
"AB006782_at",4090.26204069239,6735.08755127558,0.871918422366664,0.388728728282829,0.77517465363111,-4.59517929709205
"Z68747_at",-196.592143941924,9.58491609870832,-0.86978397909073,0.390026255402041,0.776315496792359,-4.59517952706221
"M75106_at",-231.144998501043,783.657240650746,-0.871048289107076,0.389197626483503,0.775892724197332,-4.59517967507362
"U28049_at",-335.555291243778,594.839860291069,-0.870836663714262,0.389311721453335,0.775903265982038,-4.59517976695005
"D17532_at",358.031228513069,-281.751758479766,0.870268456489594,0.389618167372226,0.776117990624359,-4.59518001353344
"HG491-HT491_at",-151.994544998831,-419.587876579422,-0.870233297147562,0.389637134544272,0.776117990624359,-4.59518002878657
"M15990_at",-288.85131905349,-2369.48743817579,-0.869673876340482,0.389939000059866,0.776315496792359,-4.59518027140297
"D23660_at",-2039.34025084361,32884.0250639878,-0.8693930050202,0.39009061499381,0.776315496792359,-4.59518039316041
"M14648_at",144.439662240629,-657.988361616827,0.859202330639071,0.395761463296971,0.780202390100497,-4.59518044538944
"D87444_at",100.761860539411,-564.271834372143,0.868845071826811,0.390386497736662,0.776315496792359,-4.59518063058452
"D17516_at",89.9797412207467,-673.027771194959,0.868753668789295,0.390435868978948,0.776315496792359,-4.5951806701768
"U32315_at",-72.0116798427553,-811.867470081992,-0.868664471625548,0.390484052524837,0.776315496792359,-4.59518070880988
"X13589_at",-1558.49660850426,6212.11345469838,-0.868638017704706,0.39049834342928,0.776315496792359,-4.5951807202669
"D13639_at",-1236.26593180879,2814.88591828186,-0.867769759056346,0.3909675764568,0.776861625024514,-4.59518109612545
"HG4263-HT4533_at",-494.258400052658,-824.566504748256,-0.867726550295779,0.390990937065346,0.776861625024514,-4.59518111482093
"HG2365-HT2461_at",-300.738279346209,150.071734935451,-0.867234427352961,0.391257063156171,0.7771098172681,-4.59518132769122
"D87023_cds2_at",156.380305383891,340.983521541321,0.867092557354347,0.391333803647419,0.7771098172681,-4.59518138903712
"U77735_at",-326.283095362366,907.895146421889,-0.866636715417307,0.391580442527213,0.777337565758002,-4.59518158608475
"X83573_at",135.726640261479,-603.163873627181,0.866269687169979,0.391779098947169,0.777337565758002,-4.59518174467126
"U93205_at",1527.25235019147,1269.1522323949,0.866076058012,0.391883927603853,0.777337565758002,-4.59518182831007
"U41766_s_at",-102.955288909549,-461.125181922196,-0.865740860154619,0.392065441796889,0.777337565758002,-4.59518197305921
"D38305_at",-168.116938223477,-451.486814269201,-0.865609842887748,0.392136403839502,0.777337565758002,-4.5951820296226
"U39840_at",89.0916016120083,-539.206493613642,0.865550029390971,0.392168802933619,0.777337565758002,-4.59518205544294
"L27476_at",-74.9054053144164,-427.215323902565,-0.865471117158741,0.392211549796283,0.777337565758002,-4.59518208950531
"U01833_at",-158.823332345473,-65.2687747918868,-0.864827207257168,0.392560466467705,0.777755883348552,-4.59518236734119
"D83542_at",255.611478709273,1323.75183169449,0.864679100827848,0.392640748850762,0.777755883348552,-4.59518243121954
"U10439_at",306.594854294003,-359.271806826642,0.864148794560888,0.392928290857029,0.777926923819209,-4.59518265985798
"S73591_at",607.579115643934,-260.404223894216,0.864117472702516,0.392945278305538,0.777926923819209,-4.59518267335817
"U69645_at",-289.118720498414,895.599807546096,-0.863169863724875,0.39345943398324,0.778728621630443,-4.59518308157821
"U68385_at",-198.183360597165,-6.98607242400314,-0.86278672620505,0.393667437781239,0.778924111769704,-4.59518324651246
"Y10376_at",228.929035955051,-233.866481554025,0.861888148240967,0.394155543643893,0.779604013417192,-4.59518363306995
"M31211_s_at",-138.496355065382,-116.517739739997,-0.861751670397432,0.39422971145455,0.779604013417192,-4.59518369174856
"M26856_s_at",-229.786195267375,-1529.61531904521,-0.861374278940858,0.394434847586732,0.779610233617198,-4.59518385396322
"Z78290_at",-71.5108109176452,-572.323359600798,-0.861343629007435,0.394451510712502,0.779610233617198,-4.59518386713465
"U78575_at",150.02919952445,186.155060975312,0.860825702541593,0.394733153292423,0.779950711035818,-4.59518408964152
"U51241_at",89.4960578868673,-290.245297519096,0.860183784784065,0.395082396401683,0.780045058738217,-4.59518436524489
"M80397_s_at",315.960724737573,-1478.39468729908,0.860135478871146,0.395108685673904,0.780045058738217,-4.59518438597705
"X93920_at",471.769585628343,-169.896592705156,0.860134779397402,0.395109066352888,0.780045058738217,-4.59518438627724
"M97935_s_at",4633.13113357618,8514.80883936275,0.859619284178638,0.395389680247098,0.780202390100497,-4.59518460745277
"M97388_at",-512.269429906242,2210.67519446293,-0.858965573133133,0.395745713090366,0.780202390100497,-4.59518488775426
"U40992_at",157.395119335444,-674.002036005612,0.858851926206479,0.395807629541557,0.780202390100497,-4.59518493646425
"HG3635-HT3845_f_at",-2200.02948141357,8953.66198605461,-0.858834148906394,0.395817315416137,0.780202390100497,-4.59518494408321
"U20499_at",-246.330423454562,135.697306473062,-0.858782939034937,0.395845217695077,0.780202390100497,-4.59518496602981
"J00139_s_at",78.0443395833058,-525.600288591724,0.858139213462933,0.396196064236922,0.780574190145052,-4.59518524180296
"U64105_at",258.691388371745,602.625425154399,0.85800749224266,0.396267879654204,0.780574190145052,-4.59518529820901
"U37219_at",412.309132926789,1613.11776676731,0.857754763720297,0.396405692060108,0.780574190145052,-4.59518540641077
"U79280_at",-99.4330431766128,-901.865216457971,-0.857631562160024,0.396472884554729,0.780574190145052,-4.59518545914691
"M89796_rna1_at",110.049680275897,-231.18365352953,0.857433050052698,0.396581165460037,0.780574190145052,-4.59518554410481
"L16895_at",78.3055256391377,-469.946441896492,0.856570357916725,0.397051947203855,0.78110399693465,-4.59518591310303
"U40282_at",-131.740127743038,666.935811585649,-0.856323351312068,0.39718680628731,0.78110399693465,-4.59518601869162
"M33552_at",-415.4110147881,1854.19545086576,-0.856260088892616,0.39722135051835,0.78110399693465,-4.59518604573006
"D42073_at",-84.9277129964376,-626.027731964114,-0.855650281312595,0.397554430505249,0.78110399693465,-4.59518630626788
"X06956_at",-265.25452067477,186.422036922206,-0.855451164787751,0.397663226869533,0.78110399693465,-4.59518639130245
"K02766_at",118.179990613384,-767.908218586869,0.855323186599399,0.397733163421919,0.78110399693465,-4.59518644594706
"U40371_at",-162.854635137066,-767.558376071598,-0.855032915306135,0.397891817253725,0.78110399693465,-4.59518656986021
"HG2591-HT2687_s_at",175.578320714498,-1462.86957819481,0.854999541644745,0.397910060866492,0.78110399693465,-4.59518658410451
"U48807_at",-164.771776327969,-657.440078151141,-0.854970940033472,0.397925696269375,0.78110399693465,-4.59518659631163
"L24774_s_at",209.251115265513,178.491887240661,0.854642259683284,0.39810540083176,0.78110399693465,-4.59518673656477
"M91463_rna1_at",204.755060718051,-1009.79741221982,0.854541599150049,0.398160446712834,0.78110399693465,-4.59518677950824
"M12959_s_at",-309.510049635506,902.499187462817,-0.854533679827131,0.398164777570811,0.78110399693465,-4.59518678288656
"X59892_at",-996.578440716808,1301.87670369162,-0.853944964652596,0.398486812205877,0.781275330800673,-4.59518703394655
"U08316_at",-260.593634582836,-1602.93741832144,-0.853811774218301,0.398559691676029,0.781275330800673,-4.59518709072396
"L39061_at",-61.3451020564729,-541.756832859394,-0.8537732087101,0.398580795604101,0.781275330800673,-4.59518710716243
"U47677_at",-355.337404799202,189.498824826641,-0.853484637441882,0.398738730608429,0.781370125850154,-4.5951872301435
"U82535_at",-108.026672652452,-813.117017766113,-0.852640440371057,0.399200984444417,0.781849520623548,-4.59518758969613
"U09303_at",-161.436598644208,-380.228761605338,-0.852287129009502,0.399394545329622,0.781849520623548,-4.59518774007756
"HG3548-HT3749_at",-152.15378328348,-434.221704070132,-0.852240934611978,0.39941985717274,0.781849520623548,-4.59518775973522
"X56997_rna1_at",-2776.97385204813,45411.5930686345,-0.852124209305114,0.399483820323681,0.781849520623548,-4.59518780940236
"U53830_at",351.729844183605,-117.852452803835,0.852037072292162,0.399531573853906,0.781849520623548,-4.59518784647543
"L41939_at",-103.941997224293,-1187.95757207704,-0.851181404023162,0.400000693769295,0.782509223010753,-4.59518821033945
"L05606_at",-126.980270489216,-1739.87708272225,-0.851021946939816,0.400088154129464,0.782509223010753,-4.59518827810952
"S82592_at",-67.3620663155626,-844.402686525231,-0.850714510644465,0.40025681311143,0.782624440443545,-4.59518840873835
"Z11793_at",220.500994427097,-1652.49957769281,0.850217940668885,0.400529324319333,0.782942601897249,-4.59518861963732
"U34880_at",146.902945398662,223.520767079657,0.84978543125102,0.400766774355621,0.783192071233196,-4.5951888032362
"X07203_at",-96.1055317781765,-189.903272267346,-0.849528416422596,0.400907918546707,0.783253251275771,-4.59518891229723
"U03851_at",75.2073269197933,-714.214374626203,0.849000890589064,0.401197715833644,0.7836047416077,-4.59518913605056
"M25296_at",554.722343738266,-1229.96181788386,0.848389512176409,0.401533741273158,0.784046305864975,-4.59518939520955
"U89505_at",-163.976006802507,-174.449282529961,-0.847245397829834,0.402163040478002,0.784536247984446,-4.5951898797272
"U47686_s_at",396.56841385365,-1406.22714162695,0.847156163085876,0.402212148265641,0.784536247984446,-4.59518991749151
"U08438_at",-254.840839304371,-795.391364368404,-0.847144880973929,0.402218357319372,0.784536247984446,-4.59518992226586
"X16983_at",-94.6699720414917,-704.437713398838,-0.847133308537419,0.402224726213874,0.784536247984446,-4.595189927163
"U19713_s_at",-100.594112314492,-914.048628504384,-0.845909750161767,0.402898466814969,0.785635484511224,-4.59519044459081
"D28124_at",190.131698440623,1184.06756598388,0.845577966278202,0.403081281545194,0.785777096418474,-4.59519058477878
"D79990_at",-217.017893640872,167.701118412827,-0.845316409035918,0.403225437437946,0.785843288977861,-4.59519069525812
"HG511-HT511_at",-410.115175425157,-92.15064397255,-0.844868192653254,0.403472544191063,0.78611003077226,-4.59519088450693
"U21090_at",95.0014104887128,-699.647276185354,0.844412575073585,0.403723827940841,0.786384762918912,-4.59519107678544
"S49592_s_at",215.889139589243,228.437384064442,0.843864195701857,0.404026401166531,0.786637807493697,-4.59519130808361
"J02876_at",-274.346596191842,-2949.60791916411,-0.843642990599596,0.404148492998294,0.786637807493697,-4.59519140134519
"X98172_at",-296.090994608597,2057.35760376494,-0.84319728939528,0.404394562818541,0.786637807493697,-4.59519158918706
"U58675_cds2_at",75.2220992187102,-953.964758375251,0.843105310159966,0.404445355779799,0.786637807493697,-4.59519162794049
"L37936_at",-108.145116382377,66.6223818036249,-0.842677507673,0.404681649894488,0.786637807493697,-4.59519180813417
"U37283_at",-73.0522780021957,-783.836857548212,-0.842525628885645,0.4047655598706,0.786637807493697,-4.59519187208629
"U07132_at",198.15471936926,-171.370862849019,0.842288238214943,0.40489673511244,0.786637807493697,-4.5951919720238
"M22490_at",-331.743683905888,-449.726864552605,-0.842280187963982,0.404901183912387,0.786637807493697,-4.59519197541237
"S79873_s_at",-101.64494985943,-232.232530832861,-0.84224884690467,0.404918504171607,0.786637807493697,-4.59519198860437
"M25667_at",-297.066760655419,363.229858798577,-0.842055654731357,0.405025279672115,0.786637807493697,-4.59519206991226
"U46744_at",923.759275761536,-2321.44548906999,0.841979859820988,0.405067175587835,0.786637807493697,-4.59519210180699
"U77968_at",-106.038188486876,-806.985394898171,-0.840529601637981,0.405869329969017,0.787907051102278,-4.5951927115675
"HG4069-HT4339_s_at",346.428398887158,383.990693987035,0.840211356983597,0.406045486642188,0.787907051102278,-4.59519284524298
"L48513_at",86.1502427478966,-688.509145984922,0.840018673988465,0.406152164749354,0.787907051102278,-4.59519292615472
"X87843_at",556.836194413126,2171.04190546791,0.839336675822653,0.406529889859779,0.787907051102278,-4.59519321240226
"U76010_at",-279.217644112405,1285.61413791044,-0.839018953155794,0.40670593517409,0.787907051102278,-4.59519334568286
"AF000573_rna1_at",-68.5479856960924,-933.891597320144,-0.838910922904904,0.406765803873322,0.787907051102278,-4.59519339098951
"Y07909_at",87.0050863753126,-676.647897546438,0.838376927926909,0.407061815960885,0.787907051102278,-4.59519361486144
"M54968_at",126.392302578073,-554.738045715179,0.838237524547154,0.407139114115438,0.787907051102278,-4.59519367328312
"D14827_at",140.171882270196,-795.369601039062,0.838072042470913,0.407230884532425,0.787907051102278,-4.59519374262226
"M34175_at",-159.820788331308,1282.73273949957,-0.837975837646171,0.407284242169287,0.787907051102278,-4.5951937829275
"X99728_at",-100.038938453182,-159.983153044813,-0.837852977605423,0.407352389768033,0.787907051102278,-4.59519383439376
"U81523_at",237.626788072439,253.815303876282,0.837765695231316,0.407400807560084,0.787907051102278,-4.59519387095223
"U40223_at",291.244398478079,-1152.30186391597,0.83750748324927,0.407544065319415,0.787907051102278,-4.59519397908436
"X04526_at",86.9280845746865,-879.972762988961,0.837474608846501,0.407562306501745,0.787907051102278,-4.59519399284905
"U60115_at",-249.021707534306,-318.963777320326,-0.837375853633773,0.407617106338311,0.787907051102278,-4.59519403419536
"X98411_at",166.600165611688,-610.049237524608,0.837371019263305,0.407619789075594,0.787907051102278,-4.59519403621927
"U91618_at",136.336065798715,-1267.19621735969,0.837329967210621,0.407642570532902,0.787907051102278,-4.59519405340531
"M34715_at",219.753578261917,777.707058775573,0.837209223878879,0.407709580503072,0.787907051102278,-4.59519410394877
"U09002_at",-152.443633310993,-951.373116683493,-0.836501666369735,0.408102397012808,0.788229511632425,-4.59519439999824
"X96698_at",-271.805899903237,427.425064518157,-0.836122045036191,0.408313248967169,0.788229511632425,-4.59519455874007
"HG3115-HT3291_at",820.777613109834,1797.03563892454,0.836092192804616,0.408329832564851,0.788229511632425,-4.59519457122019
"X97065_at",75.3900466633334,-709.93144923211,0.835913879260249,0.408428898505962,0.788229511632425,-4.59519464575794
"U61538_at",-76.1554277187101,-728.974330705987,-0.835913482944158,0.408429118704503,0.788229511632425,-4.59519464592359
"Z81326_at",-76.0239197232998,-924.473765376643,-0.835377396381541,0.408727042898779,0.788591055982465,-4.59519486992693
"U08854_s_at",-5166.29403453455,28310.3657047756,-0.834980029129801,0.408947962160219,0.788803872914396,-4.59519503588045
"L17128_at",78.3868533006681,-483.717851110841,0.834746846626755,0.409077636097529,0.788840622772168,-4.59519513323096
"Z22865_at",63.5452535233153,-733.318485888604,0.833823977617086,0.409591097668849,0.789617225595178,-4.5951955182686
"D50487_at",-90.5037544237432,-733.980788711057,-0.833332163119644,0.409864893863688,0.78963611975157,-4.59519572330103
"L77566_at",78.4381865340779,-917.462161495448,0.833189343457467,0.409944423655101,0.78963611975157,-4.59519578282005
"D21235_at",-173.992054549192,-18.4568875293897,-0.833012299416746,0.410043024692207,0.78963611975157,-4.59519585658867
"HG1139-HT4910_at",-70.5633371039289,-747.651031729282,-0.832984627138932,0.410058437522768,0.78963611975157,-4.59519586811751
"U22526_at",-92.4471366578689,-592.640540032671,-0.832812057753157,0.410154562832676,0.78963611975157,-4.59519594000546
"HG3039-HT3200_at",441.064291295027,2961.7043906156,0.831708424554791,0.410769642409634,0.790429841513846,-4.59519639942358
"U26174_at",-75.7603317809285,-709.350030509471,-0.831663127380866,0.410794899707271,0.790429841513846,-4.5951964182677
"M18728_at",-72.6081953585546,-782.210737617267,-0.831406947489218,0.410937761365667,0.790429841513846,-4.59519652482346
"HG67-HT67_f_at",-340.932080561896,-25.0063699264575,-0.831079744475862,0.411120274492273,0.790429841513846,-4.5951966608763
"M21005_at",185.01261491268,-890.020825767049,0.831078335606255,0.411121060464851,0.790429841513846,-4.59519666146201
"L00389_f_at",267.929609527852,-1072.39104824958,0.830745857325308,0.411306567594335,0.790462639476988,-4.5951967996572
"L13042_at",108.190745658182,-500.618714494813,0.830650437260317,0.411359817010111,0.790462639476988,-4.59519683930923
"M59499_at",101.001143680685,-773.942331670359,0.829349149178048,0.412086428803029,0.791645561367025,-4.59519737964034
"K03218_at",-106.42728201429,-603.366312487048,-0.829075355933798,0.412239409895411,0.791726159968806,-4.59519749322674
"J02843_at",-80.1593101208617,-798.890008753138,-0.828616002886659,0.412496150570966,0.791955319807727,-4.59519768371657
"M86757_s_at",75.5779855848932,-851.81606624372,0.82846450685087,0.41258084603642,0.791955319807727,-4.59519774651919
"D13264_at",-62.1406818958,-840.878672813789,-0.828060179872361,0.412806941789691,0.792047650744102,-4.59519791408054
"M63589_at",303.677550307408,839.664311531774,0.827867756784539,0.412914569734062,0.792047650744102,-4.5951979937979
"U34683_at",-86.3559146726177,-891.138394001907,-0.827782681545072,0.412962160351503,0.792047650744102,-4.59519802903753
"M11119_at",-310.604099527323,2080.32677663174,-0.826952349915666,0.413426820669455,0.792720254178366,-4.59519837279846
"U09477_at",-74.8463584776838,-60.3997220809339,-0.826758804021131,0.41353517676953,0.792720254178366,-4.59519845288123
"X86779_at",205.929568903288,-457.438515293575,0.826558519140786,0.413647324076568,0.792722135982264,-4.59519853573403
"AF009674_at",-204.925833085486,-888.757016419463,-0.826236095850356,0.413827900760207,0.792855120988994,-4.59519866907321
"M91029_cds2_at",-107.613678416058,-915.069490162234,-0.825233225149169,0.414389879500515,0.793718568551752,-4.59519908350448
"U79252_at",113.133892640316,-338.652949706321,0.824691649688926,0.414693557272331,0.794025240029091,-4.59519930711325
"Y09912_rna1_at",-199.726063885067,-819.793790269366,-0.82440187686745,0.41485609784928,0.794025240029091,-4.59519942670026
"HG3137-HT3313_at",-56.1806867156784,-933.184525116182,-0.824023730403108,0.415068268225827,0.794025240029091,-4.59519958269963
"U62434_at",204.652457029872,-668.975348007109,0.823939377851317,0.415115605841556,0.794025240029091,-4.59519961748909
"D42085_at",172.19427534875,844.857294157466,0.823720200546089,0.415238620960985,0.794025240029091,-4.59519970786874
"X95715_at",-68.8274055901836,-821.257665549709,-0.823660499489003,0.415272132566134,0.794025240029091,-4.59519973248312
"M11433_at",-59.5384069755148,-765.175562812411,-0.823512467130394,0.415355233772863,0.794025240029091,-4.59519979350878
"M25077_at",66.0866335422165,-713.303242276529,0.823360106238928,0.415440775564232,0.794025240029091,-4.5951998563082
"J03191_at",-1920.04517235733,16457.6096514422,-0.8224983767245,0.4159247902971,0.794737320366726,-4.59520021128859
"Z46632_at",377.009255130008,96.0522045763478,0.821876261195708,0.416274434162014,0.795192335925348,-4.59520046734763
"U56816_at",290.389617672385,582.06200797629,0.821541868419593,0.416462445444375,0.795202427562358,-4.59520060490724
"U12255_at",-336.839082734791,3.85508509686608,-0.821324613495361,0.416584624255823,0.795202427562358,-4.59520069425178
"L13329_at",60.4479319681795,-685.535261276526,0.820915815008421,0.416814582050502,0.795202427562358,-4.59520086230766
"U64315_s_at",304.76750903418,-1344.04603522002,0.820743074197717,0.416911775804342,0.795202427562358,-4.59520093329751
"X14085_s_at",-122.530892111922,-216.740316372411,-0.820654308506218,0.416961725810242,0.795202427562358,-4.5952009697714
"X75917_at",610.307106057029,2291.27061133859,0.820585229624482,0.417000600243245,0.795202427562358,-4.59520099815343
"L05624_s_at",130.974008126798,-285.653241245502,0.820410260706036,0.417099074685259,0.795202427562358,-4.59520107003192
"M31606_at",-371.758141125124,1362.36133658733,-0.820214441035728,0.41720930106666,0.795202427562358,-4.59520115045913
"HG982-HT982_s_at",-109.738789083533,-1347.21535965872,-0.819952156794804,0.417356968155384,0.795202427562358,-4.59520125815674
"M79462_at",222.272467571274,584.703900682661,0.819884878010884,0.417394851544791,0.795202427562358,-4.59520128577719
"X64229_at",92.7523663005941,-209.932558348696,0.819418841229073,0.417657325751354,0.795379840555187,-4.59520147704478
"HG855-HT855_s_at",-122.260040306009,-403.212565404716,-0.819323471796144,0.417711050747325,0.795379840555187,-4.59520151617317
"M99487_at",-120.541807550884,-293.854402599441,-0.818340511749287,0.41826503380381,0.796222091845961,-4.59520191921731
"U16282_at",107.318939025657,-745.826696095055,0.817786022146532,0.418577735041784,0.796533132024472,-4.59520214637659
"D78132_s_at",751.608155464359,729.144180569941,0.817654677482953,0.418651827068815,0.796533132024472,-4.59520220016393
"X99101_at",750.950337992059,-4372.12672872237,0.817297173391337,0.418853537145272,0.796704340726309,-4.59520234652574
"X98178_s_at",-89.8633732590343,-612.711648030557,-0.815508439505855,0.419863664900759,0.797896241775481,-4.59520307793651
"U50383_at",486.053956194264,-643.148610864697,0.815504699710109,0.41986577838401,0.797896241775481,-4.59520307946414
"J03805_s_at",166.404247633221,-403.926338765249,0.815461685288762,0.419890087734938,0.797896241775481,-4.59520309703422
"X80910_at",-2524.70565921993,15809.6219270409,-0.815171126697356,0.420054317765673,0.797896241775481,-4.595203215696
"D00408_s_at",-375.874618654121,1275.69666557219,-0.814439702504489,0.420467908328564,0.797896241775481,-4.59520351422938
"U18985_at",-84.9474605282484,-230.828153155645,-0.814363825629899,0.420510827841155,0.797896241775481,-4.5952035451845
"U40152_s_at",-269.192527793583,-2017.6732401565,-0.814212971263833,0.42059616607971,0.797896241775481,-4.59520360671986
"U71374_at",-266.67311246754,-1421.03664131296,-0.814192128201669,0.420607957820854,0.797896241775481,-4.59520361522117
"U33818_at",214.2753856949,941.864311877255,0.814113612868193,0.420652378849584,0.797896241775481,-4.59520364724357
"HG3971-HT4241_at",-83.9743240143907,-291.523584512664,-0.81390862765952,0.42076836528718,0.797896241775481,-4.59520373083305
"U51432_at",-201.390118572743,-38.397130734657,-0.813480694007914,0.421010565184237,0.797896241775481,-4.5952039052739
"M69197_xpt2_s_at",85.2146600580946,-297.847764621166,0.81329206797473,0.421117349881287,0.797896241775481,-4.59520398213738
"L26339_at",-231.709474596934,-1934.63607562666,-0.812834789453516,0.4213762923291,0.797896241775481,-4.59520416840553
"X07696_at",-191.262822121378,-823.620580204281,-0.81256701903908,0.421527967377787,0.797896241775481,-4.595204277434
"D29012_at",-254.761533482829,2959.29396378327,-0.812249353923876,0.421707947806227,0.797896241775481,-4.59520440673477
"L07648_at",-60.0487183375926,-694.150440494249,-0.812211618714941,0.421729330664509,0.797896241775481,-4.59520442209118
"D16626_at",73.7068675945005,-1001.65404328052,0.812110993824665,0.421786353529705,0.797896241775481,-4.59520446303742
"M82919_at",-237.737373052969,594.871660329273,-0.81205527493622,0.421817930748295,0.797896241775481,-4.59520448570849
"X51823_s_at",275.266537184302,-2068.22134854505,0.811918756703755,0.421895304967983,0.797896241775481,-4.59520454124932
"L10378_at",-153.143631009863,631.0296734708,-0.81186240605284,0.421927245258874,0.797896241775481,-4.59520456417238
"L01406_at",-141.240520742864,-964.278809482826,-0.811298992887313,0.422246676307139,0.797896241775481,-4.5952047932835
"M85289_at",-190.370710847959,-249.0033981412,-0.811110888662531,0.422353356125668,0.797896241775481,-4.5952048697428
"M74099_at",75.3517432886738,-509.95929196161,0.811003217983639,0.422414426942276,0.797896241775481,-4.59520491350059
"M76558_at",-86.6207714959343,-380.312188657084,-0.810599051400888,0.422643718257567,0.797896241775481,-4.59520507770719
"Z11697_at",299.645865094492,-697.604042675597,0.810565481902257,0.422662766275935,0.797896241775481,-4.59520509134253
"Y14140_at",276.122627137034,-383.217647182002,0.810417206449998,0.422746907048094,0.797896241775481,-4.59520515156309
"D16581_at",-215.140629752541,1593.99175824946,-0.809966842540777,0.42300253426357,0.797896241775481,-4.59520533441083
"Y00414_s_at",271.223115553215,-456.985880801623,0.809893441156363,0.423044205915068,0.797896241775481,-4.59520536420281
"Z74615_at",-192.13399157023,-1755.9770600299,-0.80974641313518,0.42312768461629,0.797896241775481,-4.59520542387063
"Y10141_s_at",149.908736518309,72.65793884715,0.809693287292957,0.423157850559423,0.797896241775481,-4.595205445428
"D85815_at",260.395912271157,826.469726320534,0.809666998497372,0.423172778361104,0.797896241775481,-4.59520545609497
"D43772_at",-124.661997805871,-654.006582755487,-0.809415044328602,0.423315864006851,0.797896241775481,-4.59520555831174
"AC002115_rna2_at",102.071837913068,187.418218360583,0.809392809739544,0.423328492520912,0.797896241775481,-4.59520556733079
"X62048_at",252.994248749402,755.440858118573,0.809370773181438,0.423341008786162,0.797896241775481,-4.59520557626929
"X94629_at",90.2391488620037,-573.079403605362,0.809076918067464,0.423507933352914,0.797896241775481,-4.59520569544157
"HG2755-HT2862_at",-78.5033095547212,-1128.0751640199,-0.808873977319369,0.423623237340143,0.797896241775481,-4.59520577772016
"X92493_s_at",77.273050483293,-810.426428253934,0.808830176968284,0.423648125706381,0.797896241775481,-4.59520579547569
"X89984_at",237.9277599275,702.423753008095,0.808682537101464,0.423732024625403,0.797896241775481,-4.59520585531845
"X67951_at",614.847684335015,-1108.49433931379,0.808462742546738,0.423856945422888,0.797920770277354,-4.59520594438875
"D16827_s_at",-70.1775902898444,-636.993508069636,-0.807680157980929,0.424301911204725,0.798492551534319,-4.59520626134271
"X82240_rna1_at",-129.195658428412,-932.339165388459,-0.807534737590635,0.424384626323807,0.798492551534319,-4.59520632020777
"Y09305_at",-89.9343998436215,-757.783016547246,-0.806381078601552,0.425041174833733,0.799516913146756,-4.59520678684983
"HG2247-HT2332_at",180.329588127383,-368.786944986292,0.806145320661138,0.425175420805333,0.799520944814583,-4.59520688213469
"M37825_at",-69.94272485038,-895.529654020788,-0.805899104639775,0.425315649334047,0.799520944814583,-4.59520698161858
"J04444_at",-457.535200029647,-850.097205883904,-0.805656233503813,0.425454000345431,0.799520944814583,-4.59520707972319
"HG4662-HT5075_at",-179.423304319543,-756.218796218573,-0.805589895562944,0.425491794358623,0.799520944814583,-4.59520710651474
"U48250_at",75.0459682273597,-882.208009886258,0.804863130771315,0.42590597983984,0.800088393634852,-4.59520739989454
"X52730_rna1_at",310.40332484212,-236.583422914514,0.804369878524092,0.42618722512521,0.800405873681293,-4.59520759886946
"X52213_s_at",-67.5797444552749,-655.723189576646,-0.804126063916536,0.426326286278813,0.800456226291263,-4.59520769718073
"M35531_at",74.2113215914861,-538.983133437901,0.803722785095484,0.426556359217346,0.800677388149221,-4.59520785973036
"U33849_at",-192.205371475776,-1432.29609653356,-0.803060290726439,0.426934479530536,0.800965118333217,-4.59520812659684
"M23263_at",71.1663737862514,-82.4132610641172,0.802843741993597,0.427058119299687,0.800965118333217,-4.59520821378263
"X97544_at",-93.3543443655378,-401.537711427884,-0.802632465338789,0.427178769854106,0.800965118333217,-4.59520829882464
"HG4683-HT5108_s_at",94.0839951307916,-311.818425762941,0.802600232266989,0.427197178521035,0.800965118333217,-4.5952083117971
"X12433_at",124.768913948978,-848.927076420889,0.802198503561679,0.427426650588474,0.800965118333217,-4.59520847343524
"X06182_s_at",71.3685616885618,-663.615196003877,0.801828957509954,0.427637805468587,0.800965118333217,-4.59520862205777
"U32439_at",88.1104932177024,-417.284471082824,0.801797621525389,0.427655713438399,0.800965118333217,-4.59520863465741
"U40370_at",-61.790230026034,-665.772444321128,-0.801704209966198,0.427709099213189,0.800965118333217,-4.5952086722138
"D42045_at",62.2963759722989,-818.468093445259,0.801684192442199,0.427720539982175,0.800965118333217,-4.59520868026137
"X62691_at",3756.88097385394,7000.29867504311,0.801367762213061,0.427901416392294,0.801093462928183,-4.59520880744975
"D64053_at",-67.6250924500617,-589.27841931078,-0.800686034416693,0.428291259847315,0.801596670156693,-4.59520908130933
"HG3790-HT4060_at",-65.8648465269217,-1060.39615071531,-0.800504644564609,0.428395023133804,0.801596670156693,-4.59520915413952
"HG3999-HT4269_at",193.786683098344,-2132.22807858738,0.800153017776356,0.428596213043031,0.801762747956414,-4.59520929527798
"Z31690_s_at",137.670921579686,-279.259382829387,0.799882256760996,0.42875117301358,0.801763458753647,-4.5952094039185
"X65962_s_at",-253.367677137568,1311.70817948371,-0.799759463960679,0.428821460059797,0.801763458753647,-4.59520945317674
"S78774_at",-77.8058210511572,-1098.682685381,-0.799185231147325,0.429150245482868,0.802167863837047,-4.59520968343605
"X58964_at",-116.19682987295,-775.947093133787,-0.798875016761224,0.429327926658774,0.802289686845837,-4.59520980776341
"X97160_rna1_at",320.251265831852,1684.38799152585,0.798574592512169,0.429500042717108,0.802314733758641,-4.59520992812413
"U70370_at",-220.274257042159,145.540582704005,-0.79845887138055,0.429566351632378,0.802314733758641,-4.59520997447487
"U79115_s_at",-692.488169621288,789.830978552918,-0.798220214988228,0.429703122732366,0.802360033570176,-4.5952100700461
"Y10807_s_at",-183.253568986658,322.178644731668,-0.797991720226424,0.429834094970634,0.802394484616647,-4.59521016152304
"U90918_at",-266.223347228712,-29.2885582592645,-0.797405487814036,0.430170231193004,0.802811808070481,-4.59521039610687
"X83973_at",-97.2473649211807,67.2739810825365,-0.796433854068792,0.43072769969809,0.803202019610851,-4.59521078455628
"J05068_at",-75.9690695443499,-919.284207928534,-0.796348193994398,0.430776867504391,0.803202019610851,-4.5952108187811
"M13666_at",-89.1545572235588,-263.445960477362,-0.795890510056428,0.431039629705779,0.803202019610851,-4.59521100158684
"X16609_s_at",-76.2155308398784,-837.144200918945,-0.795830947242439,0.431073832586141,0.803202019610851,-4.59521102536989
"Z83802_at",143.176521307096,-1307.81840421302,0.795720876814553,0.431137042867156,0.803202019610851,-4.59521106931593
"D87011_at",-68.6606914045308,-1055.02808253364,-0.795519325935851,0.431252802226989,0.803202019610851,-4.59521114977116
"X95876_at",-166.14345554856,-469.413816980951,-0.795134411198096,0.431473927420355,0.803202019610851,-4.5952113033688
"HG2171-HT2241_r_at",-385.86094534394,-3639.12617067768,-0.79506689667887,0.431512720095922,0.803202019610851,-4.59521133030286
"HG2479-HT2575_at",154.586550744159,-1081.64107458412,0.794903578158244,0.431606568787689,0.803202019610851,-4.59521139544785
"AB002365_at",-67.517657392492,-659.046037790144,-0.794862836975485,0.431629982052579,0.803202019610851,-4.59521141169687
"Y00281_at",320.428381632429,-251.322025884662,0.794858275246968,0.431632603648033,0.803202019610851,-4.5952114135162
"AC002115_cds4_at",-295.619196014418,-2969.52751059918,-0.794687174376669,0.431730941125844,0.803202019610851,-4.59521148174839
"X53793_at",-3253.68849438398,22284.6810732521,-0.793965039457189,0.432146125284252,0.803764741628065,-4.59521176957258
"X63563_at",-91.0574181137388,-524.100369262361,-0.793694718699972,0.432301605306375,0.803794608110615,-4.59521187725248
"U72342_at",-98.1536108114952,-305.606013048149,-0.793545197310068,0.432387619788574,0.803794608110615,-4.59521193679829
"HG2309-HT2405_at",72.1484058201462,-928.260034073742,0.792982167756416,0.432711603658827,0.803900321991612,-4.59521216092664
"X64624_s_at",-83.0792868083286,-410.758978206296,-0.792618225787372,0.432921104369859,0.803900321991612,-4.59521230572392
"X52947_at",119.700464056836,-82.6434202044859,0.792515138002296,0.432980457241077,0.803900321991612,-4.59521234672695
"Z34975_at",-89.8470609166246,-413.437869777098,-0.792408278575882,0.433041986805585,0.803900321991612,-4.59521238922487
"U90313_at",247.319708268201,267.395876973747,0.792288768028475,0.433110807106076,0.803900321991612,-4.59521243674779
"M34539_at",187.953194450468,181.404270200919,0.79227126662574,0.433120885863381,0.803900321991612,-4.5952124437066
"U44060_at",-76.3132830743136,-981.478611250136,-0.791649296801298,0.433479159206006,0.804355941789754,-4.59521269091725
"U58089_at",-138.233035542311,290.311054550169,-0.791365044046006,0.43364295666908,0.804450552551303,-4.59521280383706
"J00287_at",-170.352755349997,-2163.37466323073,-0.790687569308089,0.43403349389424,0.804707489633747,-4.59521307281195
"L40399_at",-107.237914060232,-832.063725876847,-0.790527450575091,0.43412582684349,0.804707489633747,-4.59521313635172
"U66036_at",69.8723659749941,-819.908252047412,0.790124240140649,0.434358391630277,0.804707489633747,-4.59521329630404
"U10686_at",137.297800002842,-567.289667404173,0.790111566009729,0.434365703062235,0.804707489633747,-4.59521330133059
"HG1153-HT1153_at",-1103.95033247183,6419.805845934,-0.789921868821404,0.434475144100402,0.804707489633747,-4.59521337655534
"L41143_at",229.862174504248,-1725.59911885953,0.789413931130046,0.43476826755319,0.804707489633747,-4.59521357789573
"Z34918_at",-75.9657650898942,-403.703764181854,-0.789413033100666,0.43476878589801,0.804707489633747,-4.59521357825159
"U57093_at",70.7651609773763,-709.742532515826,0.789312718730878,0.434826689940558,0.804707489633747,-4.59521361800064
"S82447_s_at",76.0464961419686,-814.46229675863,0.789171240277831,0.434908362823299,0.804707489633747,-4.5952136740527
"Z48482_at",-131.726382408378,-1069.39786887364,-0.788585322762204,0.435246700149513,0.804707489633747,-4.59521390608608
"X57346_at",381.223941921491,228.288706710546,0.788579563054895,0.435250026868959,0.804707489633747,-4.59521390836622
"U32324_at",-87.16111023988,-566.29905704367,-0.788314253898546,0.435403281945195,0.804707489633747,-4.59521401337945
"U67611_at",-180.374416223231,271.099998814625,-0.788306395022247,0.435407822096289,0.804707489633747,-4.5952140164896
"U08198_rna1_at",137.631737464657,-810.239373424842,0.788280277544095,0.435422910627531,0.804707489633747,-4.59521402682539
"M83554_at",-82.7583527041194,-806.432663050993,-0.788191579427038,0.435474155447571,0.804707489633747,-4.59521406192461
"M55172_at",-101.49038399844,-562.328311717926,-0.787922338206318,0.435629730151236,0.804786426349343,-4.59521416844489
"U25801_at",1797.14979013447,15192.7535448224,0.78757983682236,0.435827684685203,0.804841979013593,-4.59521430389997
"L15388_at",245.780365289988,-1526.34224212467,0.787479768274461,0.435885531194853,0.804841979013593,-4.59521434346545
"M80899_at",135.41466059162,-418.800096035563,0.78717058590277,0.43606428897418,0.804963614981847,-4.5952144656814
"HG3725-HT3981_s_at",901.457285512636,-4974.44393138692,0.786260055842751,0.436590978900922,0.805727295689047,-4.59521482534171
"U12465_at",-2207.1749579661,37972.4389938007,-0.786025068380633,0.436726967648359,0.805769729961306,-4.59521491809875
"X68242_at",-88.027669883067,-406.620370253005,-0.785654786999744,0.436941303333769,0.805956656511408,-4.59521506420795
"L14076_at",-150.307426978178,896.758249849042,-0.785441259207997,0.437064931552021,0.805966397396737,-4.5952151484345
"D16350_at",63.1358426641782,-755.319587278674,0.785075838881278,0.437276551021187,0.805966397396737,-4.59521529252572
"Y11709_at",-342.048615637964,1006.37854756172,-0.785060124142276,0.437285652997893,0.805966397396737,-4.59521529872089
"J00301_at",-74.573035418895,-935.788433523817,-0.784645138178238,0.437526053902551,0.80604378399279,-4.59521546227746
"J00210_rna1_at",-71.4746836977852,-644.365427796779,-0.784597410693168,0.437553707451422,0.80604378399279,-4.59521548108288
"U47054_at",-107.035552872793,-538.750526538361,-0.784316890606352,0.437716263361773,0.806134988128307,-4.59521559159085
"HG4747-HT5195_at",-82.9943150125063,-673.917903522946,-0.782947868489477,0.438510103208758,0.807194719835341,-4.59521613037191
"M12963_s_at",-120.065143759196,-448.079799882433,-0.782934139844611,0.438518068243179,0.807194719835341,-4.59521613577038
"X89894_at",-242.276074023066,611.594982774463,-0.78261115756196,0.438705479856023,0.807331297252464,-4.59521626275003
"U43177_at",128.171137563845,-150.148072651398,0.782242235392798,0.438919606797559,0.807516954611298,-4.59521640773079
"U33054_at",-122.891636017907,-1024.29487334738,-0.781954566860526,0.43908661644978,0.807615852954186,-4.59521652073568
"U43901_rna1_s_at",3916.56623811149,8640.57683094111,0.781259514371769,0.439490294687764,0.807979300334591,-4.59521679361263
"U18932_at",-79.70451195248,-732.420976505613,-0.781224172384688,0.439510826812211,0.807979300334591,-4.59521680748179
"M24902_at",-264.115109777401,-1959.90543041115,-0.780902013146068,0.439698013416982,0.80804962889109,-4.59521693387874
"J05459_at",-60.9046491063181,-802.018986927306,-0.780768311523508,0.43977571304534,0.80804962889109,-4.59521698632131
"M65199_at",-192.300900483823,-529.499021564996,-0.780186046094026,0.440114187474187,0.808279930986747,-4.59521721460858
"X57152_rna1_s_at",-742.68605051156,5902.44873271121,-0.780009327823106,0.440216945609987,0.808279930986747,-4.59521728386249
"U61374_at",154.060357881534,228.961656099778,0.779967799642454,0.44024109549187,0.808279930986747,-4.59521730013477
"HG273-HT273_at",290.214764878351,-83.1487000689678,0.779558471856733,0.440479174145151,0.808508877948281,-4.59521746048127
"U83171_at",-75.6800668366836,-1002.74285167735,-0.778949630525182,0.440833438495927,0.808800413841923,-4.59521769883754
"U59321_at",-3249.29787724894,1877.08726267424,-0.778895669414433,0.440864844846944,0.808800413841923,-4.59521771995444
"U32986_s_at",-206.420899621665,654.575496838321,-0.778650750097038,0.441007409119602,0.808820602940489,-4.59521781578286
"U60269_cds1_at",-60.5782915016933,-759.004948422713,-0.778487077702242,0.441102695952259,0.808820602940489,-4.59521787980642
"HG2510-HT2606_at",86.0782394980274,-617.369096342031,0.777832280953085,0.441484028360381,0.809311723968606,-4.59521813581644
"U77604_at",295.454835229337,-615.136365754125,0.777558286715505,0.441643651972182,0.809396268880398,-4.59521824288178
"X62055_at",397.608054485355,-3.7782291596808,0.777125645273915,0.441895770259466,0.809574463386485,-4.59521841186772
"M69043_at",917.041108142901,1941.75955985612,0.77700182580119,0.441967940816658,0.809574463386485,-4.59521846021429
"L04656_at",58.8435624854807,-575.663331347194,0.776780398172681,0.442097021651064,0.809602943347133,-4.59521854665494
"D38037_at",144.548881848043,-538.842389049217,0.776070942652348,0.442510748524418,0.8100328349042,-4.5952188234558
"U21689_at",-518.207812597941,-582.057224829483,-0.775988300236115,0.44255895733933,0.8100328349042,-4.5952188556841
"U04840_at",-91.9866605103101,-154.429332713551,-0.774861529997581,0.443216561620872,0.811028304059132,-4.59521929477295
"Z50194_at",-709.785726569856,527.641758947461,-0.733190229917424,0.468190159678814,0.8243614885604,-4.59521931672258
"U67934_at",-209.663290343328,-1163.49252769813,-0.773928990555423,0.443761248084576,0.811633173150476,-4.59521965771985
"X07695_at",91.7818691044301,-747.283510651813,0.773811113956631,0.443830126854677,0.811633173150476,-4.59521970356856
"X99886_s_at",193.409743917531,170.037249170232,0.773635217573858,0.443932920098458,0.811633173150476,-4.59521977197219
"U17760_rna1_at",-88.0244504584938,-346.642685199922,-0.77351636498969,0.44400238514374,0.811633173150476,-4.59521981818403
"U65011_at",-55.9798579685387,-807.900381073115,-0.77299580104025,0.444306712004465,0.811813860276165,-4.59522002050938
"M83088_at",180.940439431557,-528.383891208498,0.772638125200369,0.444515884590041,0.811813860276165,-4.59522015945164
"X04145_at",-128.828280421749,-789.50612753837,-0.772583332471989,0.444547933112955,0.811813860276165,-4.59522018073102
"M55621_at",259.688127357345,567.238993859747,0.772567166466928,0.444557388946769,0.811813860276165,-4.59522018700901
"M29037_s_at",-736.490175002952,-950.757651227737,-0.772373899123747,0.444670444290941,0.811813860276165,-4.59522026205379
"D30758_at",-418.971736790961,2808.63561293854,-0.772030837458157,0.444871166625567,0.811972431330156,-4.59522039521964
"S62027_s_at",504.432843164403,792.171190859734,0.770382158099544,0.445836543634675,0.81348397543271,-4.59522103441107
"U20816_s_at",111.147956371182,-1108.69487014002,0.770219050077343,0.445932118240086,0.81348397543271,-4.59522109757819
"U29953_rna1_at",-150.684995406557,-389.427357939905,-0.770032306624496,0.446041557136713,0.81348397543271,-4.59522116988323
"Z11695_at",-74.6086268930198,-527.101152313718,-0.769352334848027,0.446440181312968,0.813793898943176,-4.59522143302186
"Y10262_s_at",215.60776472139,-1579.97622506154,0.769280406498855,0.446482360656003,0.813793898943176,-4.59522146084426
"X06700_s_at",-55.5516174495054,-568.414259118545,-0.768937518704702,0.446683465144553,0.813793898943176,-4.59522159344218
"M26665_at",-58.4137491119255,-707.876706948842,-0.768876429048168,0.446719299994977,0.813793898943176,-4.59522161706029
"X56088_s_at",97.6269963082744,-929.339110197679,0.768769387128389,0.446782094287272,0.813793898943176,-4.59522165843995
"M57732_at",-117.66406240313,-1313.07552308641,-0.768532543085361,0.446921053312676,0.813839129512944,-4.59522174997854
"M58600_rna1_at",117.096215427625,-688.857573607494,0.767645627776131,0.447441643441063,0.814579106300286,-4.59522209252998
"J04111_at",-162.47796820923,30.9474954720608,-0.767273486862048,0.447660184651739,0.814610474748307,-4.59522223615058
"X75861_at",435.135570820424,-178.003764471994,0.767227246201916,0.447687344066557,0.814610474748307,-4.5952222539917
"AF005361_at",-56.2006334793514,-787.072316195848,-0.765989173000506,0.448414887396343,0.815646267367634,-4.59522273130439
"M34353_s_at",-290.524037514077,959.585528833811,-0.765868147007379,0.448486044746976,0.815646267367634,-4.59522277792453
"V00542_f_at",-67.9254660054946,-896.161061186833,-0.765674815484453,0.448599728034758,0.815646267367634,-4.59522285238297
"D14530_at",-1641.7017574731,38752.8258152636,-0.765311160652983,0.448813611351004,0.815827138043337,-4.59522299239077
"X78711_at",-338.943068646272,932.852720705545,-0.764739165363963,0.449150151705763,0.816230818505045,-4.59522321248362
"U88871_at",62.6294697151219,-580.385835489283,0.763772916559744,0.44971899392246,0.816704187377111,-4.59522358392653
"J00209_f_at",327.156991134509,-2166.86006088965,0.763726099347893,0.449746566558328,0.816704187377111,-4.59522360191268
"HG36-HT4101_s_at",-159.779176992849,188.563406613279,-0.76371310417544,0.449754220141623,0.816704187377111,-4.59522360690496
"M97856_at",191.922799641759,272.871730196995,0.763320224377637,0.449985645257993,0.816716711004214,-4.59522375779753
"L38929_at",-68.1135403984792,-623.889182334386,-0.763312530963091,0.449990177750043,0.816716711004214,-4.5952237607516
"X16866_at",61.0908313957555,-856.617698895108,0.762845753849616,0.450265224775451,0.817007968924617,-4.59522393992925
"U57911_at",-98.5844102853515,-632.772187704751,-0.762135013619126,0.450684216503596,0.817451862691355,-4.59522421255707
"X99664_at",-265.115754819133,-1437.44284177034,-0.761871446457946,0.450839651522633,0.817451862691355,-4.59522431359622
"HG870-HT870_at",60.2088174959761,-891.442804082744,0.761847522537324,0.450853761879834,0.817451862691355,-4.5952243227659
"Z29572_at",-938.86964030682,4899.99121175871,-0.760683113056592,0.451540846194278,0.817685574273075,-4.59522476873903
"M24900_at",108.239856409106,-333.736268726779,0.76067172997178,0.451547566061525,0.817685574273075,-4.59522477309563
"X16666_s_at",73.3298512695031,-959.204533249713,0.760400575305074,0.451707656347127,0.817685574273075,-4.59522487685536
"M31520_rna1_s_at",130.459005422379,-949.984904028051,0.760133128383877,0.451865590263387,0.817685574273075,-4.59522497916222
"U49187_at",-135.706703027717,-1039.11422027998,-0.760045363510857,0.451917424631397,0.817685574273075,-4.59522501272768
"L31801_at",-170.468193079632,1231.13619503602,-0.759629135381152,0.452163298620302,0.817685574273075,-4.59522517186345
"U79303_at",205.369790923159,-575.545949563007,0.759561120195797,0.45220348397518,0.817685574273075,-4.59522519785978
"HG662-HT662_at",1276.48764534797,13874.0031731686,0.759456678254688,0.452265195405565,0.817685574273075,-4.59522523777467
"U67784_at",-101.039656038374,-988.00995553396,-0.759289211365216,0.452364156608175,0.817685574273075,-4.59522530176521
"U40215_at",88.7691123730266,-701.179698329744,0.759182290086703,0.452427346249728,0.817685574273075,-4.59522534261381
"HG2530-HT2626_at",-74.3899025505698,-918.661549154836,-0.759083391858078,0.452485798948113,0.817685574273075,-4.59522538039244
"U61167_at",135.98451740592,-143.625238378032,0.758696298497811,0.452714628838499,0.817685574273075,-4.59522552821566
"U61741_at",76.5487330020711,-663.778429552835,0.758596750929443,0.452773487278945,0.817685574273075,-4.59522556621943
"U37690_at",370.712088185432,3111.02055187776,0.758524409285479,0.452816262778986,0.817685574273075,-4.59522559383398
"X62822_at",-1047.64978365522,2694.85217476546,-0.758507654454488,0.452826170222607,0.817685574273075,-4.59522560022936
"U41898_at",-136.635424869987,-1409.50373082796,-0.758443643287364,0.452864022390096,0.817685574273075,-4.5952256246614
"M35416_at",81.1731381521722,-467.795910729855,0.75830205647903,0.45294775449943,0.817685574273075,-4.59522567869593
"M74297_at",-248.011988323481,-1897.96567639968,-0.758134838780046,0.453046656002373,0.817685574273075,-4.59522574249991
"X74142_at",-199.040381486626,474.453867055135,-0.757805302715957,0.453241598387009,0.81783042461988,-4.59522586819971
"M10943_at",-431.183938672478,759.830518261959,-0.757263981616543,0.45356193247334,0.818026681946201,-4.59522607457226
"HG3264-HT3441_at",-131.912045204097,-1055.63845184749,-0.757184616716404,0.453608908889679,0.818026681946201,-4.59522610481757
"U17195_at",-102.449689807474,-87.6380699475052,-0.757040014853929,0.453694506674691,0.818026681946201,-4.59522615991648
"HG4334-HT4604_s_at",153.669744258466,458.639955830913,0.756413583004971,0.45406543551336,0.818342467000844,-4.59522639849699
"M60724_at",397.916569832293,-16.9079233998503,0.756182043071736,0.454202582156379,0.818342467000844,-4.5952264866334
"L02950_at",-535.992241805578,-260.172692354301,-0.755880976478731,0.454380947415886,0.818342467000844,-4.5952266011974
"M96944_at",139.202282501259,-19.6089082252028,0.755875247154852,0.454384342120553,0.818342467000844,-4.59522660337714
"L15344_at",174.336891027664,-1313.06957332191,0.75559810459282,0.454548570721136,0.818342467000844,-4.59522670879871
"HG3432-HT3618_at",-68.8882326133211,-590.074291474367,-0.755561040860899,0.454570536511905,0.818342467000844,-4.59522672289453
"X83412_at",126.345928004955,-208.94714797507,0.754973138242925,0.454919039693773,0.818342467000844,-4.59522694639459
"U70321_at",234.829996443208,-321.817674859928,0.754842818361952,0.454996313286805,0.818342467000844,-4.5952269959155
"HG2705-HT2801_s_at",-154.923447759264,-1044.76216040966,-0.754808113906775,0.455016892701309,0.818342467000844,-4.59522700910166
"U23942_at",-252.391164710806,608.098508308339,-0.754807541669217,0.45501723203735,0.818342467000844,-4.59522700931908
"M19650_s_at",119.725077102009,-600.397901817044,0.754593403754999,0.455144225913868,0.818364466715027,-4.59522709066937
"X82434_at",360.757373619119,-204.224914371865,0.754083914627445,0.455446460398656,0.818701464356647,-4.59522728413533
"M24748_cds2_s_at",-71.0472501928585,-717.594239839662,-0.753032841421671,0.456070339452141,0.819601881947085,-4.59522768286595
"M31158_at",-204.253198295314,-2152.61836735729,-0.752244650518464,0.45653850884499,0.819601881947085,-4.59522798152722
"M55131_at",448.066779648086,1027.37083152861,0.752234031945699,0.456544817978783,0.819601881947085,-4.59522798554881
"U73704_at",-62.447722723041,-538.191595053965,-0.752117179020132,0.456614250707793,0.819601881947085,-4.59522802980107
"L25876_at",-171.644192588164,470.915527378188,-0.751891217367249,0.456748532152456,0.819601881947085,-4.5952281153545
"X16396_at",75.1166327082856,-571.690959313602,0.751830627583746,0.456784542555193,0.819601881947085,-4.59522813829084
"Z78291_at",-73.2394478239016,-551.620758918591,-0.751759021026107,0.45682710271004,0.819601881947085,-4.59522816539536
"HG2160-HT2230_at",-102.084992096724,-326.140490169795,-0.751692156851882,0.456866846268358,0.819601881947085,-4.59522819070259
"M97016_s_at",524.838034047209,-2096.15158522375,0.751248329257863,0.457130705230594,0.819637055153466,-4.59522835863194
"U16307_at",126.75640991776,174.763846162589,0.750707930329133,0.457452096737291,0.819637055153466,-4.59522856297454
"X05855_s_at",1213.94614861238,-4351.18408287084,0.750402590458297,0.45763374986229,0.819637055153466,-4.59522867837236
"Z22535_at",-61.390349554827,-779.328995678584,-0.750291815535284,0.457699662606118,0.819637055153466,-4.59522872022687
"Z49208_at",-123.298777665387,-783.101859248753,-0.750226149101439,0.45773873773674,0.819637055153466,-4.59522874503512
"L11672_at",1201.17803993046,2233.88301401825,0.750215147381972,0.457745284553798,0.819637055153466,-4.59522874919128
"U09716_s_at",-146.708180754707,586.226401386005,-0.750093933324509,0.457817419283648,0.819637055153466,-4.59522879497897
"X15882_at",-266.678570086723,-107.98571818858,-0.750050283315745,0.45784339711629,0.819637055153466,-4.59522881146571
"X16663_at",426.3075025647,-391.006088704596,0.749790870728725,0.457997801469422,0.819637055153466,-4.59522890942807
"U52830_at",-253.485096364263,75.8538966236039,-0.749726949420029,0.458035852585411,0.819637055153466,-4.59522893356186
"U33838_at",65.7492879714868,-857.448611214335,0.74936674538987,0.45825030953919,0.819793202884021,-4.5952290695224
"S77835_s_at",-233.87161515215,-549.450035738523,-0.748998006183126,0.458469908786049,0.819793202884021,-4.59522920864083
"U60800_at",-307.748245763007,-784.138188690965,-0.748915303961786,0.458519169757415,0.819793202884021,-4.59522923983398
"L41268_f_at",-4315.92766618566,19950.8787030043,-0.748635998205331,0.458685558990819,0.819793202884021,-4.59522934515697
"X58255_at",-91.231559227957,-838.053877648548,-0.748440928986123,0.458801787342237,0.819793202884021,-4.59522941869337
"X60787_s_at",-168.990379936781,-312.897525776519,-0.748422307396508,0.458812883566138,0.819793202884021,-4.59522942571232
"U12595_at",61.7976191624076,-841.058882211831,0.748061780153234,0.459027745193765,0.819862680332182,-4.59522956157172
"S75174_at",277.322399177131,710.409647084626,0.747971243301216,0.459081711199888,0.819862680332182,-4.59522959567953
"X69550_at",722.436326890783,3794.9032069717,0.747538680438931,0.459339598550389,0.820007030884804,-4.59522975858454
"L20860_at",3945.00741410479,8629.57112275574,0.747207214081698,0.459537270802815,0.820007030884804,-4.59522988335611
"U70867_at",114.096726658461,-508.702667786684,0.747104843917764,0.459598329967449,0.820007030884804,-4.59522992188006
"X04445_rna1_s_at",-223.444471602761,-858.209809043146,-0.74706431035716,0.459622507705309,0.820007030884804,-4.59522993713228
"U78556_at",252.490602966126,-1811.99243145288,0.746365214568767,0.460039625699462,0.820132821505056,-4.59523020006968
"M69203_s_at",306.82966176305,1225.85733495303,0.746353019733917,0.460046903745468,0.820132821505056,-4.59523020465422
"M93425_at",68.0759912025523,-633.967201200195,0.746347138030703,0.460050414051199,0.820132821505056,-4.59523020686538
"U20391_rna6_at",-114.990430239411,-1005.26517561025,-0.746025205539712,0.460242572895718,0.820132821505056,-4.59523032786686
"HG4332-HT4602_at",212.638479526255,1555.12207594446,0.745586869864466,0.460504286898326,0.820132821505056,-4.59523049254055
"M33772_s_at",71.1960537990412,-810.937668897614,0.745531902046799,0.460537112253534,0.820132821505056,-4.59523051318439
"M97287_at",-604.723593096421,3917.37779347253,-0.745236547514985,0.460713513618091,0.820132821505056,-4.59523062408387
"M18255_cds2_s_at",167.400355715881,466.510366948327,0.745166031729418,0.460755635187574,0.820132821505056,-4.59523065055495
"U46746_s_at",-426.722100575869,1256.97243439311,-0.745107905234291,0.460790357879682,0.820132821505056,-4.59523067237341
"U82979_at",-263.016584091297,-463.892123982828,-0.744367060976786,0.461233045015144,0.820132821505056,-4.59523095031753
"U49260_at",138.52357004761,-806.655068272336,0.744195429042071,0.461335637915638,0.820132821505056,-4.59523101467187
"M90820_at",80.7531952515899,-426.346810622891,0.744077492255613,0.461406142253284,0.820132821505056,-4.59523105888481
"U59752_at",-232.916388123398,-546.322453677789,-0.743844188014682,0.461545633381359,0.820132821505056,-4.59523114632802
"Z30426_at",-201.123711080686,160.558015176564,-0.743630876276467,0.461673192550919,0.820132821505056,-4.59523122625536
"X69089_at",-94.1873981380127,-331.189927348644,-0.743489472374466,0.46175776253847,0.820132821505056,-4.59523127922711
"M62402_at",-70.6115931531737,-823.768130960418,-0.743482183438518,0.461762122104826,0.820132821505056,-4.59523128195738
"L10665_at",67.6975248365143,-578.102190129846,0.743207809457065,0.46192624458824,0.820132821505056,-4.59523138471343
"Y07604_at",281.549057000027,-357.577309806345,0.743180593073258,0.461942526478274,0.820132821505056,-4.59523139490432
"M86868_at",-103.60663818536,-548.070825519346,-0.742982804002995,0.462060861533036,0.820132821505056,-4.59523146895374
"M59941_at",242.74822590937,-2124.47808164522,0.74248419306395,0.462359253121935,0.820132821505056,-4.59523165554414
"M80478_at",-387.933160713303,-1003.58422596192,-0.742479491726831,0.462362067149044,0.820132821505056,-4.59523165730292
"X07496_at",120.050941612632,-576.164277387282,0.742253277233565,0.462497481586207,0.820132821505056,-4.59523174191756
"U73824_at",747.659683843147,-108.495926377287,0.74224657444403,0.462501494299284,0.820132821505056,-4.59523174442434
"U47634_at",164.593858747821,719.342157198648,0.742159534173488,0.462553603935513,0.820132821505056,-4.59523177697466
"J04076_at",-70.6898920335863,-849.117103139834,-0.742135067379505,0.462568252432104,0.820132821505056,-4.59523178612382
"U76456_at",-208.616252697225,-683.741705793112,-0.741800699624502,0.462768468474564,0.820283855006741,-4.59523191112945
"HG2846-HT2983_at",-55.7876163998402,-645.708861813182,-0.741233711775907,0.463108089920131,0.820546398077027,-4.59523212298027
"Y12670_at",260.343111060486,-1556.69132332019,0.741037198169219,0.463225833795438,0.820546398077027,-4.59523219637049
"M60091_at",-176.809512025355,-1102.12998475936,-0.740767721963578,0.463387322437305,0.820546398077027,-4.59523229697955
"U09820_s_at",-89.098015166511,-218.448731171562,-0.74052953946934,0.463530084894391,0.820546398077027,-4.59523238587638
"U06643_s_at",-136.959221558848,-724.75134729683,-0.740521093072768,0.463535147985826,0.820546398077027,-4.59523238902833
"Z35402_rna1_s_at",-127.139272566174,259.448648011153,-0.740401251725247,0.463606988900904,0.820546398077027,-4.59523243374602
"X76498_at",52.4085433296248,-817.671495394592,0.740078780446234,0.463800331767474,0.820684904673413,-4.59523255403931
"U59228_at",-291.049474698371,-285.437527257452,-0.73944485667625,0.464180547106355,0.821153927416377,-4.59523279037139
"D17391_at",59.8206885427264,-910.33924019916,0.739074460257692,0.464402787270856,0.821309179110953,-4.59523292836985
"U67171_at",-587.971819870967,96.9423598925811,-0.738827004105976,0.464551296811821,0.821309179110953,-4.59523302052816
"HG4336-HT4606_at",93.8985302473211,124.872896233585,0.738722819389688,0.464613830954085,0.821309179110953,-4.59523305932022
"X05409_at",83.5310514794082,-554.899496086498,0.73842464508392,0.464792829168886,0.821311022199958,-4.59523317031367
"M24470_at",-83.9457262113097,-589.961145315089,-0.738273867168787,0.464883358447174,0.821311022199958,-4.59523322642368
"U37689_at",-267.309053344938,905.054950221714,-0.738145570328136,0.464960397787299,0.821311022199958,-4.59523327415915
"U49441_at",180.870705645768,-485.362669174236,0.736930302147655,0.465690504813547,0.822396976182616,-4.59523372593627
"L76191_at",290.932273019618,2232.95968651904,0.736586877795421,0.465896946764418,0.822557842876224,-4.5952338534773
"L20591_at",56.9124220800144,-727.609778696277,0.736057289715495,0.466215400503034,0.822916341828499,-4.5952340500459
"X68836_at",-72.8665433788637,-661.33169495665,-0.735809898204993,0.466364205878298,0.822975291293775,-4.59523414182514
"U57877_at",-190.353740032022,792.077126884265,-0.735437432261273,0.466588294915376,0.823167028956345,-4.59523427995054
"U07158_at",-90.2019501741199,-463.894824913414,-0.735088856408498,0.466798067080866,0.823333419825293,-4.59523440915673
"U84388_at",-90.3229840528962,-641.341418600617,-0.727563026151316,0.471586690197136,0.826058631244356,-4.5952344413884
"S83198_at",-122.137971804228,-812.718201385966,-0.734592444787542,0.467096900375319,0.823418592772396,-4.59523459306122
"M55683_at",-94.0208260220996,-419.736769540591,-0.734471805540577,0.467169540282275,0.823418592772396,-4.59523463773646
"M65131_rna1_at",-110.598225713928,-479.030976455116,-0.73443323210873,0.467192767684352,0.823418592772396,-4.59523465201954
"AC000115_cds1_at",-80.8054906999234,-900.022990650604,-0.734017601873181,0.467443086089695,0.823650437652434,-4.59523480587544
"Y09445_at",-237.110344998908,-202.303638169302,-0.733831293213928,0.467555317854025,0.823650437652434,-4.59523487481555
"L02326_f_at",196.92939481063,19.4273269221635,0.732991928326,0.468061141239947,0.824337860751312,-4.59523518520223
"X69398_at",-2521.69036698073,21439.2239315924,-0.732314861365185,0.468469389185179,0.824649522162308,-4.59523543532875
"HG3914-HT4184_s_at",142.125410607901,-163.213839538645,0.731824110362058,0.468765423146254,0.824825528961123,-4.59523561648875
"M60503_at",151.406330419058,-984.641986684536,0.731658039962477,0.468865625568425,0.824825528961123,-4.59523567776742
"U84551_cds2_at",-50.84975090681,-837.461184631825,-0.73128907483246,0.469088293326585,0.824825528961123,-4.59523581386564
"M24736_s_at",-87.8304083223528,-659.549564123371,-0.731092377731261,0.469207023441548,0.824825528961123,-4.59523588639376
"U35048_at",525.107929544419,292.081751360885,0.73078533627335,0.469392394052696,0.824825528961123,-4.59523599957232
"X14850_at",-249.465094900306,-158.580721189062,-0.730499036665444,0.469565280086358,0.824825528961123,-4.59523610506476
"D43767_at",-180.734815553757,-278.147136786072,-0.730052252151975,0.469835150301325,0.824825528961123,-4.59523626961287
"U66052_at",103.334238392854,-45.7692774295183,0.729773861461084,0.470003351046183,0.824825528961123,-4.59523637209442
"U56402_s_at",-747.254375410019,3375.03081121553,-0.729668237417023,0.470067177041173,0.824825528961123,-4.59523641096722
"U37673_at",-232.741139297033,-1313.02147447681,-0.729548299052119,0.470139658862715,0.824825528961123,-4.59523645510168
"L24804_at",-213.472377956426,975.233446069392,-0.729541257559896,0.470143914416073,0.824825528961123,-4.59523645769256
"HG2714-HT2810_at",-75.5450687664719,-755.410776176805,-0.729502731935281,0.470167197919648,0.824825528961123,-4.59523647186749
"M86737_at",-179.822242766003,-38.7179497298084,-0.729406161948814,0.470225564261279,0.824825528961123,-4.59523650739586
"X82125_at",-129.478424408205,200.748656646937,-0.729354966326636,0.470256508287231,0.824825528961123,-4.59523652622907
"U49785_at",-180.70356284912,1365.36304223512,-0.72927575281463,0.470304389392221,0.824825528961123,-4.5952365553667
"Z50781_at",-416.948538230749,11.970385882861,-0.721213415903033,0.47543620492901,0.828531368071131,-4.5952367093869
"U31384_at",-655.37893626462,150.684713380783,-0.72852964348037,0.470755517224423,0.825265900222795,-4.59523682966626
"M75126_at",-110.361171988964,-537.272050738068,-0.728477686404487,0.470786941818305,0.825265900222795,-4.59523684875788
"M31899_at",-222.794716760536,-2277.47231172232,-0.727970925258158,0.471093503397954,0.825600337363188,-4.59523703489965
"U01160_at",77.7417014396785,-439.939060327174,0.727463079184894,0.471400836158317,0.825935961337827,-4.59523722131712
"Z35491_at",-155.083973751319,-1016.62778994188,-0.726897181058695,0.471743435637354,0.826072532094048,-4.59523742889921
"M19267_s_at",-299.852116073138,963.533509695561,-0.726760324910003,0.471826310926806,0.826072532094048,-4.59523747907769
"X59417_at",-809.29442581639,769.666042137249,-0.726528202868802,0.471966894981766,0.826115839007112,-4.59523756416512
"U84011_s_at",-69.6531985716834,-569.763337864341,-0.726111786763402,0.472219156360545,0.826354553130564,-4.59523771674362
"D31840_s_at",-105.882504531731,-1200.54667254597,-0.725687581244793,0.472476215903263,0.826511085381059,-4.59523787209118
"M36803_at",187.185286035125,819.388227466344,0.725535310065756,0.472568508548715,0.826511085381059,-4.59523792783322
"U53445_at",-65.6250529862936,-841.3849135595,-0.725390450812147,0.472656318354222,0.826511085381059,-4.5952379808517
"X84908_at",-86.4132904667503,-968.805005917838,-0.724877568602229,0.472967288911312,0.826852105228381,-4.59523816848612
"X91249_at",-298.634421720264,1412.3794341943,-0.724562573572727,0.473158334610239,0.826983353947455,-4.59523828366268
"X55666_at",188.445490327687,-260.139298130904,0.723931958857251,0.473540937512387,0.827256655396516,-4.59523851410197
"U35637_s_at",123.214463093894,-1186.51206406985,0.723848650708058,0.473591494976734,0.827256655396516,-4.59523854453025
"X07730_at",-168.495523511143,-377.877482051115,-0.723731279730239,0.473662729488708,0.827256655396516,-4.59523858739435
"U96114_at",-70.8981662475629,-164.528353232526,-0.723405542966637,0.473860456954394,0.827399343423552,-4.59523870631961
"M14199_s_at",227.304060362294,298.722374769909,0.722584440352639,0.474359088790738,0.828067236760527,-4.59523900587637
"Z29481_at",157.743886003238,-410.902209177769,0.722083334012321,0.4746635433839,0.828395919694223,-4.59523918853317
"Z80781_at",-69.6130297730363,-693.042098194072,-0.721704376694134,0.474893858607121,0.828531368071131,-4.5952393265862
"U33267_at",-75.2905963352116,-574.393383457293,-0.721178837264488,0.47521336617981,0.828531368071131,-4.59523951792519
"L76465_at",-152.203778476012,-542.704145072385,-0.720909091686293,0.475377408646871,0.828531368071131,-4.59523961608326
"HG3187-HT3366_s_at",90.8175575006336,-454.175537390797,0.720832312075422,0.475424107131868,0.828531368071131,-4.59523964401633
"U19495_s_at",-99.9290678359406,-257.030479384247,-0.720809014326976,0.475438277681541,0.828531368071131,-4.5952396524917
"U57629_at",121.497530404646,-366.389359586274,0.720198959813375,0.47580942107698,0.828975563571938,-4.59523987432794
"U48959_at",-148.513600567518,-1032.60970622433,-0.719912035642268,0.475984036369618,0.829077226026318,-4.59523997860173
"L13698_at",-56.1097511865067,-782.036964946952,-0.719621645937943,0.476160797891962,0.829182576255819,-4.59524008409493
"X94232_at",-318.129804619999,383.505834090512,-0.718995261736136,0.476542208130714,0.829644161665069,-4.59524031151156
"X58987_at",-162.857146661799,-1597.467457619,-0.718569508166112,0.476801552122362,0.829855239225799,-4.59524046597975
"D38550_at",-140.110785234313,313.307308010589,-0.718063186754113,0.47711007789227,0.829855239225799,-4.59524064956614
"U17566_at",163.742280498423,-584.365453758337,0.717855831527348,0.477236462106012,0.829855239225799,-4.59524072471543
"U58837_s_at",-92.9403541752878,-779.947652179842,-0.717660412321755,0.477355588682895,0.829855239225799,-4.5952407955201
"HG3255-HT3432_at",101.945170875979,187.643117385825,0.717527248701168,0.477436774256852,0.829855239225799,-4.59524084375774
"X84213_s_at",272.797953193131,-233.491111331164,0.717377239016566,0.477528239742583,0.829855239225799,-4.59524089808762
"U02310_at",56.6973390832503,-537.994892961979,0.7173220987203,0.477561862970447,0.829855239225799,-4.5952409180554
"D13635_at",-54.8449286195728,-798.446694340079,-0.717268687704946,0.477594433008369,0.829855239225799,-4.59524093739557
"HG3928-HT4198_at",-135.028494629547,-855.644503261601,-0.716669607741193,0.477959838534908,0.830287846185732,-4.59524115422953
"X96754_at",-164.307911751418,-533.231458189758,-0.716007405554286,0.478363930007282,0.830527474571205,-4.59524139371067
"S73840_at",272.20107904049,-258.111006993948,0.715809566852191,0.478484693527512,0.830527474571205,-4.59524146521709
"U20998_at",-259.500035355108,-1174.04485364042,-0.715686911277245,0.478559572909458,0.830527474571205,-4.59524150954008
"AB000464_at",-222.680382994715,1082.31554831186,-0.715680232027547,0.478563650681963,0.830527474571205,-4.5952415119535
"X53390_s_at",306.938727018817,-752.641744509547,0.715200453062755,0.47885661387454,0.830833701591081,-4.59524168525648
"M57763_at",-181.820210482291,-1052.08524572138,-0.714658483779361,0.479187674262812,0.831205863577746,-4.59524188089111
"HG909-HT909_at",89.8690339627706,-443.729956224364,0.71429869546378,0.479407521661029,0.831384979806614,-4.59524201068633
"D56495_at",86.4200946634452,81.7857127897263,0.713724339478969,0.479758598475863,0.831704074550992,-4.59524221775949
"Z38026_at",-400.7445525651,1906.77909969021,-0.713616081325409,0.479824787926347,0.831704074550992,-4.59524225677225
"HG544-HT544_at",-490.287580415507,-6772.14700670661,-0.713119298302545,0.480128589376831,0.832028425479023,-4.595242435725
"M10050_at",71.5732978747877,-1126.3737156873,0.712675751908191,0.480399926754617,0.832296374559566,-4.59524259540093
"M74002_at",-253.653377263009,-70.4935314560834,-0.712159636643859,0.480715767154394,0.83250426596504,-4.59524278108306
"Z12173_at",71.4724012078704,-980.446876631748,0.712098137106376,0.480753410074889,0.83250426596504,-4.59524280320018
"U71203_s_at",-1487.12736130628,7731.80426716767,-0.711526671322327,0.481103275319238,0.832907855377879,-4.59524300863022
"U16799_s_at",-135.650343473039,123.423568184376,-0.710980031122444,0.481438076596868,0.833285175779676,-4.59524320498975
"U09510_s_at",171.063313619521,-181.262165645879,0.710693793123444,0.481613441660836,0.833386423800878,-4.59524330775274
"S90469_at",79.4565769221364,13.5751115873082,0.70996269616881,0.482061515672912,0.833638207833531,-4.59524357004763
"U84540_at",-75.9330840466974,-930.817378031448,-0.709943628453712,0.482073205029531,0.833638207833531,-4.59524357688511
"HG3740-HT4010_at",119.422411695425,92.6181053606244,0.709863471470465,0.482122346575077,0.833638207833531,-4.59524360562665
"U71300_at",61.3330044778347,-776.699169998863,0.709693497735442,0.482226561115315,0.833638207833531,-4.59524366656322
"U39317_at",-276.092146772025,1456.48480895426,-0.709445915827429,0.482378381672451,0.8336985554305,-4.59524375529803
"U33761_at",-147.386938352188,-580.470711690435,-0.708421302991979,0.483006975223454,0.834385799430524,-4.59524412221328
"U16811_s_at",-107.861304760536,-133.504401478648,-0.708359506128845,0.483044901998084,0.834385799430524,-4.59524414432674
"U43959_at",115.872161175444,-1326.99187168652,0.708096548705027,0.483206306451094,0.834385799430524,-4.59524423840332
"M33882_at",-1051.84545135314,5844.75047487764,-0.708035057600266,0.483244054360968,0.834385799430524,-4.59524426039782
"S58733_at",-59.8561772327633,-648.968184584955,-0.707471948829494,0.483589810707698,0.834733343147266,-4.59524446172964
"M23379_at",253.807565491085,46.5933723564708,0.706903153370044,0.483939200437452,0.834733343147266,-4.59524466494049
"M86707_at",-70.5880134366757,-453.774648614839,-0.706857637874157,0.483967165051897,0.834733343147266,-4.5952446811949
"U79734_at",-217.296486523782,-0.516745083615648,-0.706838332226109,0.483979026672277,0.834733343147266,-4.595244688089
"D87438_at",-164.331706620106,445.058968119526,-0.706544024287078,0.484159873281287,0.834733343147266,-4.59524479316503
"U03105_at",-79.1553954854588,-317.804749946415,-0.706510837266117,0.484180268462413,0.834733343147266,-4.5952448050111
"U77396_at",237.753005185245,-1226.80497269367,0.706322718339144,0.48429588665646,0.834733343147266,-4.59524487215001
"U16261_at",53.4640422702432,-625.472228912535,0.706182957237366,0.48438179413033,0.834733343147266,-4.59524492201922
"X61079_at",-126.960112872836,126.345475572877,-0.705775778132138,0.484632125381873,0.834962958709382,-4.59524506725452
"M14306_at",121.743524678263,-165.320654489643,0.705131252156689,0.485028525046995,0.835155497315296,-4.59524529698585
"D49357_at",174.787413147723,-1095.60629713944,0.70500552437289,0.485105872072832,0.835155497315296,-4.59524534177639
"D17716_at",-114.513454108228,323.969448193622,-0.704963874906544,0.485131496122004,0.835155497315296,-4.59524535661234
"U89336_cds4_at",-131.778170798509,629.852772343381,-0.704832472382491,0.485212344043931,0.835155497315296,-4.59524540341377
"U02566_s_at",178.548645381896,-1541.2877600433,0.704634673318276,0.485334058014146,0.835163409193744,-4.59524547384797
"HG4052-HT4322_at",-82.3700374819514,-971.858407212922,-0.70440741731561,0.48547391927755,0.835202537603911,-4.59524555474832
"X83416_s_at",231.924221210051,-2140.35546894829,0.703976231691719,0.485739348283957,0.835457620022407,-4.59524570817708
"S41458_at",145.642680631586,-819.386309451103,0.703147007854332,0.486250030876637,0.83584759838407,-4.59524600298929
"U73167_cds4_at",-97.9890903980719,-1454.06170061288,-0.703099213787843,0.486279474345177,0.83584759838407,-4.59524601997137
"HG3985-HT4255_at",74.1731337182373,-946.531624900249,0.703037128466678,0.486317723418245,0.83584759838407,-4.59524604202976
"U66619_at",-362.097772224576,270.397856023943,-0.702619906012093,0.486574806667148,0.835952756458371,-4.59524619021735
"U28488_s_at",-88.0732717145118,-466.826815779364,-0.702177575319697,0.486847444454485,0.835952756458371,-4.59524634723166
"M12125_at",-90.0735023623754,-276.895380747104,-0.702002859529694,0.486955157043197,0.835952756458371,-4.59524640922475
"HG3954-HT4224_s_at",-237.830194555092,-1927.32153972149,-0.702002697455041,0.486955256968718,0.835952756458371,-4.59524640928225
"M28879_at",-179.51208158295,-1347.9493173152,-0.70198681852089,0.48696504702399,0.835952756458371,-4.59524641491572
"J05037_at",261.473624743267,-1488.6641622661,0.701747651506371,0.487112517290421,0.836004659638505,-4.59524649975199
"AFFX-BioDn-5_st",80.167967145741,-536.223838973786,0.701294144143757,0.487392218573546,0.836282533607954,-4.59524666054279
"U91903_at",-59.6212257131824,-756.844403237618,-0.70092730793684,0.487618531254677,0.836282533607954,-4.59524679053221
"U22398_at",67.2310129850481,-333.195627315634,0.700914801287699,0.487626248035601,0.836282533607954,-4.59524679496284
"J04102_at",441.863947552662,1072.85890486443,0.700303686191068,0.488003398254859,0.836728115642077,-4.59524701136617
"D88460_at",59.1532970953768,-1132.69215830451,0.699842068461204,0.488288394496011,0.836887627622096,-4.5952471747119
"U92971_at",-123.710164075228,-728.570381163943,-0.699772831760154,0.488331148301156,0.836887627622096,-4.59524719920283
"Y10812_at",58.5661951419194,-784.446878054456,0.699419440416933,0.488549400876719,0.83706049439017,-4.59524732417128
"M14091_at",-73.7953779910805,-810.599411447099,-0.698823074315083,0.488917837307723,0.837350289624356,-4.5952475349261
"L27559_s_at",137.876466014382,-1391.57705830374,0.698232730020794,0.489282706723926,0.837350289624356,-4.59524774338475
"U65918_f_at",69.7354536865697,-674.716737225041,0.698068991480911,0.489383934310093,0.837350289624356,-4.59524780117343
"M27396_s_at",-87.9912503710136,-347.605839581302,-0.698046780784602,0.489397666465371,0.837350289624356,-4.59524780901132
"U04313_at",-101.68049217943,-735.501828078395,-0.697985580150042,0.489435505954857,0.837350289624356,-4.59524783060708
"HG2796-HT2904_at",104.824701637368,-455.447847279456,0.697733143223552,0.48959160145855,0.837350289624356,-4.59524791966501
"M55418_at",59.9324770012114,-746.276036039536,0.697572861063316,0.489690727112226,0.837350289624356,-4.59524797619553
"X04741_at",-112.081562846136,-723.359484012576,-0.697516108256694,0.489725828277679,0.837350289624356,-4.59524799620894
"X51801_at",-122.153537275894,-828.418911751834,-0.697436035226998,0.4897753552129,0.837350289624356,-4.5952480244434
"X68688_rna1_s_at",-108.991759271108,-374.186456110666,-0.696726001414206,0.490214649391847,0.837900446983044,-4.59524827467297
"M15881_at",58.5736019043827,-613.449123384266,0.692345309027431,0.493042996041044,0.839113953061078,-4.59524833891049
"U09770_at",-339.761131436344,-146.202045672093,-0.69649083426418,0.490360194634703,0.837920359747033,-4.59524835749704
"HG2157-HT2227_at",3721.77868431954,9613.91668220675,0.696327482942139,0.490461307191715,0.837920359747033,-4.5952484150125
"X05232_at",-221.178466318043,-265.75019552797,-0.69611249432674,0.490594400393824,0.837946986636732,-4.59524849068975
"X74801_at",-544.493048369655,3803.28786625566,-0.695680331164121,0.490862001115559,0.838050231038185,-4.59524864274657
"U95020_at",-208.697034987982,-184.854879819606,-0.695635297302229,0.490889891326111,0.838050231038185,-4.5952486585866
"HG3523-HT4899_s_at",159.754270694819,140.00322615204,0.695153827482853,0.491188128828388,0.838310764929566,-4.59524882787596
"U63090_at",-113.779166928918,-1016.14790738309,-0.6950093911144,0.491277616973868,0.838310764929566,-4.59524887863946
"U66198_at",81.5858453745139,-370.438988254857,0.694664730170852,0.491491194631839,0.838331917748441,-4.59524899973325
"M92269_f_at",108.500348015571,-580.25775680312,0.694374256688039,0.491671233940316,0.838331917748441,-4.59524910174441
"M36341_at",-177.215726029643,-1062.18143072827,-0.694325999174512,0.491701148151275,0.838331917748441,-4.595249118688
"X99699_at",-464.900766972049,2360.35612840027,-0.694230645418356,0.491760259702949,0.838331917748441,-4.59524915216417
"D28532_at",66.0696331464944,-432.963741666833,0.693881215676802,0.491976911536128,0.838424196874775,-4.59524927480233
"U86759_s_at",133.638803803026,-457.687283619839,0.6937640964418,0.492049539183976,0.838424196874775,-4.59524931589414
"U70063_at",103.943818246172,-896.031598046205,0.693249330211628,0.49236882546685,0.838767819972315,-4.59524949642407
"J05582_s_at",100.352793292072,-763.472138849715,0.692565924215338,0.4927928898411,0.839113953061078,-4.59524973589972
"L43366_at",72.788080037348,-318.531220741896,0.692155503232404,0.493047660436711,0.839113953061078,-4.59524987960949
"U32680_at",159.283564138251,493.931918764093,0.692066298347924,0.493103044460051,0.839113953061078,-4.59524991083407
"U57971_s_at",90.1264258722377,61.9296276961064,0.691666915512492,0.493351049023539,0.839113953061078,-4.59525005058397
"U14407_at",96.8031313536081,-62.4903515208531,0.691530790354324,0.493435594466262,0.839113953061078,-4.59525009819864
"AFFX-BioB-M_at",62.4163018806245,-1104.19995091788,0.691179371309508,0.493653893240456,0.839113953061078,-4.59525022107892
"X68264_rna1_at",-75.888922396787,-583.696011428067,-0.691057609533022,0.493729543246701,0.839113953061078,-4.59525026364137
"U72512_at",-497.109929227266,3983.07457079669,-0.69093935306946,0.493803021595166,0.839113953061078,-4.5952503049717
"M58297_at",374.979137960034,2106.63917831877,0.690819311698,0.493877615215585,0.839113953061078,-4.59525034691897
"U66726_s_at",288.244072545036,-2093.44117378841,0.690714640105605,0.493942663183856,0.839113953061078,-4.59525038348977
"D43636_at",-168.22501602169,-127.427824575374,-0.690619134548623,0.494002019095373,0.839113953061078,-4.59525041685349
"L08044_s_at",248.065383604861,-1705.10011815823,0.690458699096287,0.494101737330454,0.839113953061078,-4.59525047288982
"L35263_at",380.539517290572,-1005.70137470843,0.689867089884491,0.494469547248539,0.839377156413434,-4.59525067941806
"Z69915_at",-13920.0922624134,9794.15172589393,-0.689830761887942,0.494492137721615,0.839377156413434,-4.59525069209452
"M20642_s_at",97.6409247510175,-1019.96258762366,0.689235746445568,0.494862228235399,0.83949072443908,-4.59525089963172
"U60808_s_at",-83.4835554625604,-660.588993993054,-0.68896202402085,0.495032531081681,0.83949072443908,-4.59525099504701
"X67594_at",-61.0209551018691,-653.705169250485,-0.688846670831942,0.495104310533895,0.83949072443908,-4.59525103524651
"M65254_at",84.4189301609825,-29.6769460171943,0.688475044912085,0.495335597075304,0.83949072443908,-4.59525116471111
"S37730_s_at",396.208407709291,-2978.95555818476,0.688390156514328,0.495388436963683,0.83949072443908,-4.59525119427466
"M65066_at",-261.363391067282,1474.30299181002,-0.688279400235391,0.495457383357611,0.83949072443908,-4.59525123284183
"X56199_at",-3129.14707366563,28425.1643115388,-0.688222309550521,0.495492924704559,0.83949072443908,-4.59525125271945
"K03008_cds1_at",75.6018646448784,-895.529518766043,0.688209602337986,0.495500835670185,0.83949072443908,-4.59525125714359
"Y10508_s_at",-58.5495639646872,-766.824138158276,-0.687693320365373,0.495822309987607,0.839835841454068,-4.59525143682636
"U86358_at",-179.04647003627,-945.77399817179,-0.687357863658661,0.496031251504868,0.839990229038521,-4.5952515535074
"U36500_at",-93.4358687029535,-797.216133539648,-0.68664665009754,0.49647439730249,0.840427022953451,-4.59525180070789
"D49410_at",178.420275485545,641.265119635757,0.686565622853304,0.496524898009099,0.840427022953451,-4.59525182885554
"D87682_at",-67.196418759819,-790.443570978297,-0.685968299688134,0.496897271060821,0.840857200612038,-4.59525203625919
"M19154_at",448.665338439727,271.760842072471,0.68573989552747,0.497039699792229,0.840857200612038,-4.59525211552072
"M13994_s_at",138.950650124815,-897.420039211089,0.685590624846319,0.497132794528166,0.840857200612038,-4.59525216730754
"S69790_at",-53.2805005140344,-884.271831009553,-0.68510893831896,0.497433270897639,0.841165912917018,-4.59525233434701
"M99701_at",106.99736980317,-946.29613823128,0.68489158361794,0.49756888982453,0.8411957689281,-4.59525240968481
"M14676_at",-35874.2909178842,26307.406940818,-0.647196286285497,0.521727345854796,0.856512235242534,-4.59525249880535
"X14253_s_at",-654.805348357317,1441.49649606825,-0.684129507411974,0.498044550565381,0.841800353183629,-4.5952526736501
"J05556_at",65.0210914947194,-463.021032965849,0.683780689225718,0.498262354322707,0.841860898946211,-4.59525279437925
"M12783_at",60.7152078226964,-789.720282428211,0.683694010692305,0.498316484988355,0.841860898946211,-4.5952528243704
"U73682_at",53.3512172991116,-423.585177246605,0.683252207585401,0.498592441160932,0.842073553130617,-4.59525297717995
"L41668_rna1_at",-59.2803254246138,-781.060448155797,-0.683114403959492,0.498678532445744,0.842073553130617,-4.59525302482384
"D43949_at",-127.919448290024,923.681783281648,-0.681316749716269,0.499802349415749,0.843440644702456,-4.59525364550258
"U22816_at",57.5418211612657,-938.42556878432,0.681294747220082,0.499816113094913,0.843440644702456,-4.59525365308977
"U27655_at",-101.740755898747,-865.411996914794,-0.681251827201185,0.499842962349261,0.843440644702456,-4.59525366788935
"X75091_s_at",208.853737014114,-388.071392568379,0.6810185945233,0.499988878424894,0.843487270415879,-4.59525374829658
"M89473_at",-61.7165309406963,-539.40083585662,-0.680285452656602,0.500447702960514,0.844060019180401,-4.59525400087739
"U68031_at",56.4793677914507,-892.938012275203,0.680097906207717,0.5005651130436,0.844060019180401,-4.59525406544898
"M58286_s_at",-168.897937930248,-628.598459420154,-0.679480749468504,0.50095158012224,0.844511990035862,-4.59525427781426
"M64788_at",-2503.37892798163,27189.3403856011,-0.678960197415033,0.501277680584786,0.844862004313427,-4.59525445679491
"X98176_at",-216.035311254137,179.593707014494,-0.678695236358414,0.501443710652524,0.844942131536662,-4.59525454784593
"X54993_s_at",72.7064160564362,-755.194607425723,0.677876421548727,0.501956988253744,0.845607201331786,-4.59525482900897
"U76421_at",83.404083032603,-736.506546224889,0.676823973896997,0.502617144015779,0.846239065904857,-4.59525518992169
"L20826_at",70.4328507518711,-452.530218002687,0.676557478491079,0.502784380983335,0.846239065904857,-4.59525528122543
"U74667_at",-152.170743821697,-739.750948474408,-0.676521369636885,0.502807043146006,0.846239065904857,-4.59525529359401
"M28211_at",161.381164767748,-1778.68007998527,0.675675036921349,0.503338368073831,0.846239065904857,-4.59525558331343
"L20859_at",70.7636546313824,-716.816818288184,0.675638972804183,0.503361015857548,0.846239065904857,-4.59525559565134
"U18919_at",-56.8883240469184,-518.755202048987,-0.675555944349329,0.503413158745194,0.846239065904857,-4.59525562405387
"X81479_at",-119.680652115286,-1394.30306082717,-0.675422608671846,0.503496901391778,0.846239065904857,-4.59525566965862
"L43821_at",-50.3764716891368,-1078.27778602997,-0.675137754712571,0.503675832053482,0.846239065904857,-4.59525576705839
"U32989_at",-73.8667979621984,-1009.40594571647,-0.674803605982012,0.503885771647988,0.846239065904857,-4.59525588126357
"U89995_at",-55.1852141816875,-846.602035797126,-0.674800718044976,0.50388758629581,0.846239065904857,-4.59525588225037
"L25444_at",-132.934322069855,-239.310303926955,-0.674378813556629,0.504152730350095,0.846239065904857,-4.59525602637115
"M11186_at",123.914378288383,-612.832121001089,0.67421899891159,0.504253185157598,0.846239065904857,-4.59525608094073
"D38073_at",-1116.99218480158,2709.13814653565,-0.673491809987937,0.504710413431314,0.846239065904857,-4.59525632908773
"X77737_at",589.346198333946,3102.41206281584,0.673442383002918,0.504741499454572,0.846239065904857,-4.59525634594501
"M13903_at",104.596850930406,-369.351370978853,0.67344038067814,0.504742758795149,0.846239065904857,-4.59525634662789
"L32977_at",-388.811646253484,2381.06469986107,-0.673327469278839,0.504813775988991,0.846239065904857,-4.59525638513225
"M62831_at",-523.709987193072,-184.308034179833,-0.67332208924167,0.504817159974825,0.846239065904857,-4.59525638696676
"U90915_at",996.032787049944,1015.69738093625,0.673120302632299,0.504944090571344,0.846239065904857,-4.59525645576297
"U47101_at",-170.900829656461,548.004585601899,-0.672815181361965,0.505136055373333,0.846239065904857,-4.5952565597523
"HG2702-HT2798_r_at",-928.180888394154,-8390.74176179624,-0.672255004151578,0.505488590797709,0.846239065904857,-4.59525675055108
"AF002224_at",126.755717864012,105.842163957665,0.671624527088491,0.505885529001537,0.846239065904857,-4.59525696511313
"X04143_at",594.572121777664,3934.08788219709,0.671434878878608,0.506004961823784,0.846239065904857,-4.5952570296161
"U29943_s_at",81.7951741243228,-831.553745266892,0.671198273087916,0.506153988272,0.846239065904857,-4.59525711006589
"U41387_at",172.214284990515,419.725598463437,0.671091606259995,0.506221180355991,0.846239065904857,-4.5952571463255
"U28386_at",-171.247890286812,496.971384345412,-0.6710346074139,0.506257087344811,0.846239065904857,-4.59525716569905
"M93650_at",-161.074040648145,-405.138002936191,-0.671022280312067,0.506264853108175,0.846239065904857,-4.59525716988875
"M77698_at",79.0234418569572,-313.176403752911,0.670816795137863,0.506394313182082,0.846239065904857,-4.59525723971765
"U28368_at",-187.812380989485,-616.729135529091,-0.670758330431278,0.506431150511104,0.846239065904857,-4.59525725958166
"U66879_at",508.077340298699,1150.4743859648,0.670735687492309,0.506445417723855,0.846239065904857,-4.5952572672744
"U11878_at",-87.8446366971367,-686.834025214533,-0.670595000888509,0.506534068637347,0.846239065904857,-4.59525731506589
"U66581_at",-56.2513142843503,-897.218245389718,-0.670529720210216,0.506575206862454,0.846239065904857,-4.5952573372386
"HG33-HT33_at",1369.74284622566,33642.3589243314,0.670466248997345,0.506615206559724,0.846239065904857,-4.59525735879475
"D45917_s_at",898.412561894686,1070.45058485132,0.670356998084929,0.506684060767533,0.846239065904857,-4.5952573958941
"U25138_at",82.2678169422686,-611.984044159187,0.67019358435073,0.506787060056277,0.846239065904857,-4.59525745137525
"D13641_at",-318.895050379206,1414.58518396384,-0.670059260061595,0.506871732905451,0.846239065904857,-4.5952574969705
"Z48054_at",-308.156609748157,-153.704714624861,-0.669963733872116,0.506931953633321,0.846239065904857,-4.59525752939075
"HG846-HT846_at",-112.187419227864,493.075740613345,-0.669897082020272,0.506973973986548,0.846239065904857,-4.59525755200885
"X99268_at",-84.3441303933265,-1298.73283403828,-0.66986674661464,0.50699309943362,0.846239065904857,-4.59525756230236
"X81851_s_at",-206.461675225864,-1590.91676959723,-0.669541185307842,0.507198379640488,0.846239065904857,-4.59525767274498
"X64037_at",143.729541284078,-581.538605213481,0.669288802560324,0.50735754889883,0.846239065904857,-4.59525775832746
"D85181_at",-64.5646122620451,-538.662948649291,-0.669177995575196,0.507427439731142,0.846239065904857,-4.59525779589216
"M21121_at",-94.2849709780686,-1163.53832782298,-0.669045209887525,0.507511200420962,0.846239065904857,-4.59525784090007
"AB002409_at",-59.3160047405811,-770.832699059315,-0.668904264904719,0.507600116220581,0.846239065904857,-4.59525788866426
"X59770_at",-97.7582132272458,-737.313957761132,-0.668901884029242,0.507601618280017,0.846239065904857,-4.59525788947102
"X96584_at",253.340892003203,1372.17325612355,0.668789952046496,0.507672237265598,0.846239065904857,-4.59525792739616
"M14565_at",-33984.6979126449,24145.262853637,-0.634178082105636,0.529974040221389,0.857619054650413,-4.59525792950376
"U73167_cds5_at",-121.820306269856,-1280.40080218454,-0.668216273618185,0.5080342607777,0.846308548256774,-4.59525812167669
"U79248_at",54.2027256760171,-651.583745464436,0.668161672132799,0.508068724740467,0.846308548256774,-4.59525814015961
"X75342_at",373.387181082631,303.55539617589,0.668060952496058,0.508132301408762,0.846308548256774,-4.59525817425001
"J05016_rna1_s_at",56.9278370683939,-682.087564968906,0.667971702714035,0.508188641654117,0.846308548256774,-4.59525820445414
"X91809_at",-168.636544371574,445.665479532672,-0.667440989400931,0.508523732647175,0.846479027647977,-4.59525838397993
"S68616_at",157.527320708323,-557.175818700383,0.667433568881716,0.508528418797354,0.846479027647977,-4.59525838648912
"X14885_rna1_s_at",-55.9281267946883,-660.643459961634,-0.667017092443622,0.50879146658655,0.846719241126882,-4.59525852727492
"X86098_at",-51.3698898054957,-640.430709088363,-0.666272242624405,0.50926210085705,0.847091547762866,-4.59525877885514
"U43519_at",-153.262349063833,-569.744800627732,-0.666261099328407,0.509269143561966,0.847091547762866,-4.59525878261685
"M24351_cds3_s_at",-50.4491107327399,-718.01245148193,-0.666099069080857,0.509371554733862,0.847091547762866,-4.59525883730776
"U47077_at",-75.6460197143614,-519.693866545135,-0.66540617791059,0.509809622890319,0.847622387696635,-4.59525907103973
"X05323_at",-419.874845011255,-3198.26563630211,-0.664787149307697,0.510201166093296,0.847871460992755,-4.59525927965949
"X67491_f_at",-247.397419157821,-744.288686148094,-0.664770910095574,0.51021143979586,0.847871460992755,-4.59525928512979
"S67156_at",-211.881974489066,403.956883448602,-0.664605443564507,0.510316128254229,0.847871460992755,-4.59525934086124
"Z83806_at",-72.6702621093076,-880.265976772294,-0.659574390230819,0.513611738413879,0.850746736067094,-4.59525943194247
"L19778_at",-47.2459045961301,-728.72243927738,-0.664334673123084,0.510487466281853,0.847958565584881,-4.59525943203197
"S81083_cds1_at",217.539286131963,1029.31267673772,0.663351778199712,0.51110968493364,0.848794402250066,-4.59525976268322
"U10689_f_at",-77.7685895393307,-893.317914944043,-0.662897101807176,0.511397655750834,0.849074897126705,-4.59525991548082
"L26081_at",-74.961704382781,-1523.1010797689,-0.661391618429646,0.51235178713074,0.850337939119373,-4.59526042069682
"X91103_at",66.0076577148,-660.452348882194,0.661320511904154,0.512396876229974,0.850337939119373,-4.59526044453191
"AB002314_at",54.1514636803199,-774.757017639021,0.660560243691675,0.512879101576337,0.850746736067094,-4.59526069922288
"X97630_at",-81.2345275976975,246.513570477665,-0.660512743279938,0.512909238448534,0.850746736067094,-4.59526071512631
"U48730_at",-765.97179445133,-2177.33736371155,-0.660324447321919,0.513028713193895,0.850746736067094,-4.59526077815819
"HG3707-HT3922_f_at",-1438.58676332163,7172.92013198607,-0.659575403232743,0.513504134716863,0.850746736067094,-4.59526102873008
"X61100_rna1_at",70.8633015030825,-706.644403350108,0.65903795695779,0.51384540109087,0.850746736067094,-4.5952612083505
"D28114_at",76.1085465871134,-21.0252121658209,0.658988797628841,0.51387662229068,0.850746736067094,-4.59526122477311
"M29551_at",-66.1940825722264,-415.690246977067,-0.658933342909453,0.513911842938937,0.850746736067094,-4.59526124329741
"D42055_at",-41.8433294079877,-705.969852798948,-0.658921427969673,0.513919410578979,0.850746736067094,-4.59526124727733
"U92027_at",-3694.08599638715,2089.20651373864,-0.658872581208964,0.513950435680071,0.850746736067094,-4.59526126359276
"U05861_at",-8855.02035662549,5604.85979229613,-0.658864548682981,0.513955537649283,0.850746736067094,-4.59526126627562
"U02609_at",-305.219346212641,1486.26836700604,-0.65862298955386,0.514108980048674,0.850755977364905,-4.5952613469415
"Z48199_at",-113.884349718558,180.49766843331,-0.658480146045878,0.514199728290946,0.850755977364905,-4.59526139462915
"M29932_s_at",-262.556525539575,1046.88094114334,-0.657725616956787,0.514679223057062,0.851351783720694,-4.59526164636136
"Z48314_s_at",-64.3521399406032,-572.781019701825,-0.657446918216696,0.51485639406983,0.851447343717987,-4.59526173927341
"X57025_at",-2527.73198097938,22756.9444988017,-0.657256462800316,0.514977487047976,0.851450141465132,-4.59526180274545
"X17648_at",75.8479465758763,-234.2171567806,0.655850522577558,0.515871870121784,0.852549107365598,-4.59526227075206
"M19828_s_at",-139.143952378001,-437.470556155936,-0.655835739631209,0.51588127868217,0.852549107365598,-4.59526227566789
"D78367_at",62.9950694454255,-285.445066923895,0.654983344633963,0.516423939356788,0.853248172278326,-4.59526255893919
"X05345_at",66.8702081221297,-855.347593011555,0.654632641166222,0.516647297203169,0.85332522907672,-4.59526267538418
"X75315_at",-99.4494168870937,-602.495691937787,-0.654534351263577,0.516709905925295,0.85332522907672,-4.59526270800894
"U03891_at",79.6949180756772,-512.022328319713,0.653961268076125,0.517075029961814,0.853730502120328,-4.59526289813571
"U13896_at",-104.856246364817,-506.056288870386,-0.653585696088407,0.517314390571213,0.85373393947576,-4.5952630226496
"M27543_at",59.0659362471266,-676.033883578404,0.653582300659834,0.51731655482748,0.85373393947576,-4.59526302377498
"U57450_at",-31012.6990341157,21978.9584324947,-0.653292211902685,0.51750147626033,0.853841514857107,-4.59526311990125
"Y13247_at",113.295960347458,-369.158616767035,0.653093424035738,0.517628217110451,0.853853068751937,-4.59526318574972
"HG4194-HT4464_at",-85.5267377669701,-829.155565632952,-0.652831371536371,0.517795319006264,0.853855692183897,-4.59526327252535
"Z69030_s_at",-222.935936537015,1025.74122894079,-0.65271539170894,0.517869284629835,0.853855692183897,-4.59526331092009
"X89399_s_at",-1996.79904737618,17884.9435499472,-0.651425599152782,0.518692227049417,0.85501485693236,-4.59526373746229
"HG4144-HT4414_at",-59.7150342753673,-931.578485396978,-0.650657106070193,0.519182892107385,0.855625884820374,-4.5952639912242
"D50582_at",-66.585333585345,-882.03395384692,-0.649944485149326,0.519638106669873,0.856178220578297,-4.59526422628084
"X72012_at",611.973376196266,3606.3088461989,0.648816758366813,0.520358923741657,0.856512235242534,-4.59526459775612
"D13900_at",-324.487728789421,3095.39975212275,-0.6481151479739,0.520807647278341,0.856512235242534,-4.59526482855661
"X80507_at",81.8001345614384,-39.7301273870603,0.647825502157806,0.520992954239324,0.856512235242534,-4.59526492376833
"U06631_at",-77.3654371204065,-824.969576826715,-0.647648023396437,0.521106517426151,0.856512235242534,-4.59526498208864
"Z11933_at",-186.548816667967,990.863896436801,-0.647613232024133,0.521128780906014,0.856512235242534,-4.59526499351945
"X00371_rna1_at",-61.2528690042966,-603.665786839275,-0.647451262387046,0.521232434217996,0.856512235242534,-4.59526504672733
"X78121_at",-251.851930596269,276.009803627267,-0.647437521739041,0.521241228124975,0.856512235242534,-4.59526505124061
"HG2602-HT2698_at",113.329536622575,-511.119469586776,0.647056487133898,0.521485118916704,0.856512235242534,-4.59526517635974
"U59325_at",-34564.7945273923,24766.3200296148,-0.646350321107059,0.521937279657362,0.856512235242534,-4.59526540805497
"HG311-HT311_at",-1446.46765733323,18690.292506271,-0.646250502390466,0.52200121086105,0.856512235242534,-4.59526544078627
"Z50853_at",-21037.0851282271,17562.7490514481,-0.640975425616998,0.525489158620192,0.85690903044148,-4.59526549959491
"X98206_at",-72.8446311649161,-566.775782421572,-0.646044955461898,0.522132871328057,0.856512235242534,-4.59526550817143
"D13789_at",-131.357879808996,-2485.76188012988,-0.645851102700628,0.522257057509044,0.856512235242534,-4.59526557170404
"U62966_at",-1001.62538863172,6451.84281387023,-0.645849787984215,0.522257899798092,0.856512235242534,-4.59526557213486
"M37583_at",423.501003508074,552.849543114951,0.645835991792308,0.522266738539891,0.856512235242534,-4.59526557665568
"X04707_at",53.3656462383744,-744.403148114905,0.645687472781204,0.522361894583488,0.856512235242534,-4.59526562531734
"S69370_s_at",295.638756315095,266.962329568377,0.645557243827227,0.522445339821272,0.856512235242534,-4.59526566797754
"U00944_at",79.0385292457546,-25.899904645794,0.645493375032712,0.522486266862242,0.856512235242534,-4.59526568889657
"L38490_s_at",209.091287536591,-861.08964712915,0.645418666184596,0.522534142369256,0.856512235242534,-4.59526571336354
"M81780_cds4_at",83.8377699176377,-552.355889722162,0.645278313630187,0.522624090525371,0.856512235242534,-4.59526575932135
"X52541_at",70.2331918789832,-550.23928784738,0.645133214505829,0.522717089324474,0.856512235242534,-4.59526580682335
"U70735_at",250.896547116434,-495.631179385577,0.644972793211365,0.522819918893473,0.856512235242534,-4.59526585932957
"X06323_at",65.8237276937109,-649.679585610755,0.6449680140633,0.522822982478761,0.856512235242534,-4.5952658608936
"U58681_at",-21944.0402041409,18546.7781972783,-0.606919051509001,0.54771354149988,0.862598200270842,-4.59526587617642
"S95936_at",-168.680893883317,-2258.48407489804,-0.644820903547495,0.522917289668241,0.856512235242534,-4.59526590903185
"X89067_at",51.3419585150823,-812.090318958776,0.644682243931239,0.523006187608894,0.856512235242534,-4.59526595439514
"L19527_at",-1209.63253480371,35036.4438180044,-0.644613205355744,0.523050452871749,0.856512235242534,-4.59526597697802
"Y11215_at",-94.3778620319089,-648.089271430351,-0.644521074031529,0.523109527560478,0.856512235242534,-4.59526600711107
"X16316_at",291.928652682535,-633.723705238492,0.644204112705789,0.523312790650576,0.856512235242534,-4.59526611074692
"U08006_s_at",60.1188383960363,-675.97449581002,0.643956843323197,0.523471390483864,0.856512235242534,-4.59526619156195
"U94836_at",-683.332876789794,2020.47207096861,-0.643857568364274,0.523535073158935,0.856512235242534,-4.59526622399962
"HG1034-HT1034_f_at",-161.974126934979,-617.708556361904,-0.643699388252976,0.523636550715579,0.856512235242534,-4.59526627567443
"M68864_at",-125.759250571818,-742.605732118909,-0.643418200579788,0.523816967421695,0.856512235242534,-4.59526636750374
"D29833_at",50.4057324459266,-771.837388731772,0.643371653556486,0.523846836297558,0.856512235242534,-4.59526638270121
"L42621_at",-98.6850633232364,383.304026281875,-0.642893524345063,0.524153700796008,0.856512235242534,-4.59526653874807
"M69013_at",-129.802332141013,-589.994210883903,-0.642840862375215,0.524187505233646,0.856512235242534,-4.59526655592855
"U78628_at",126.368986044559,347.163377779582,0.642579515695855,0.52435528442618,0.856512235242534,-4.59526664117056
"L08904_at",-22507.3795973483,15739.214218851,-0.642568930460021,0.524362080532745,0.856512235242534,-4.59526664462239
"M55024_s_at",-138.984831631396,-1186.65873441263,-0.641918177398086,0.524779977792165,0.856512235242534,-4.59526685672746
"M14539_at",-16233.2687303551,11983.7958854131,-0.636677663288264,0.528254404703224,0.85711930903574,-4.59526687808819
"X80590_at",65.7873046677952,-462.921794973418,0.641835727962661,0.524832937402581,0.856512235242534,-4.59526688358617
"M33653_at",640.9355470412,2022.39215313139,0.641835308068961,0.524833207119494,0.856512235242534,-4.59526688372295
"X97249_at",117.77436829899,658.952099850156,0.64175445059845,0.52488514694358,0.856512235242534,-4.59526691005983
"L21934_at",44.1993327765925,-688.314036766611,0.641685700484428,0.524929311605887,0.856512235242534,-4.59526693245062
"L19401_at",-57.4591759499227,-484.959942238642,-0.641566941167612,0.525005606541175,0.856512235242534,-4.59526697112317
"D38081_at",-136.219927039901,-89.6795919772873,-0.64129265845108,0.525181837438203,0.856603770075897,-4.59526706041388
"U58334_at",-25241.106190015,18773.1978201231,-0.639562697617886,0.526294089121063,0.85711930903574,-4.59526762274754
"L23959_at",190.704714264979,-2479.98613829093,0.639325806741978,0.526446491828032,0.85711930903574,-4.59526769963707
"L21715_at",59.267409385724,-1103.33587574437,0.639220620548757,0.526514170419086,0.85711930903574,-4.59526773376943
"X60992_at",-133.624364654808,-128.193003170583,-0.639090221697843,0.526598077678985,0.85711930903574,-4.59526777607571
"L13852_at",-452.508711631463,3308.47975852446,-0.63895612819082,0.526684369730567,0.85711930903574,-4.59526781957205
"D12485_at",-51.4752762138481,-691.470393349463,-0.638852218095182,0.52675124327177,0.85711930903574,-4.59526785327169
"D29810_at",-56.2005118415529,-691.659511934213,-0.638456916580474,0.527005689118395,0.85711930903574,-4.59526798142609
"M64992_at",-171.546906167224,-342.210604480511,-0.638347634976462,0.527076042502382,0.85711930903574,-4.59526801684113
"L06419_at",258.707062970253,-2044.66106172153,0.638163720208599,0.527194454525516,0.85711930903574,-4.59526807642954
"L38969_at",-127.394431959041,-956.926040933131,-0.637858688849795,0.527390877591274,0.85711930903574,-4.59526817522349
"U79294_at",208.618236552483,-397.911291161171,0.637766352257389,0.527450344824597,0.85711930903574,-4.59526820512067
"D50925_at",-75.258263425134,-220.287821196636,-0.637750744205694,0.527460397178404,0.85711930903574,-4.59526821017391
"X61070_at",-127.338452392344,-610.613759058221,-0.63751271255313,0.527613713872873,0.85711930903574,-4.595268287224
"Y10260_at",-134.219027499846,-1228.82188036878,-0.637463154094105,0.527645637553728,0.85711930903574,-4.59526830326245
"HG3993-HT4263_at",-75.4770152335189,-1856.27811996668,-0.63737808701597,0.527700436928769,0.85711930903574,-4.59526833078966
"HG3989-HT4259_at",-63.42433312752,-794.451092875497,-0.637256579813194,0.527778715906433,0.85711930903574,-4.59526837010259
"U13696_s_at",-81.7344531583085,-1345.07352999198,-0.637074727091158,0.527895882972367,0.85711930903574,-4.59526842892653
"D50550_at",-153.617314065841,422.466505139853,-0.636703148429214,0.52813533264837,0.85711930903574,-4.59526854907116
"U82319_at",-60.3245444776836,-854.910963182051,-0.636694718795109,0.528140765471581,0.85711930903574,-4.59526855179599
"U52112_rna5_at",241.64359516808,1383.8171591263,0.636562601047895,0.528225918037654,0.85711930903574,-4.59526859449765
"X91257_at",-213.647821072093,-130.217453582518,-0.636505960140916,0.528262426477644,0.85711930903574,-4.59526861280191
"L00634_s_at",-55.8189380442205,-344.098202308211,-0.635957928763735,0.528615734380377,0.857284539162674,-4.59526878982492
"Z22548_at",-131.625750138824,58.4192763928637,-0.635883633360049,0.528663641180869,0.857284539162674,-4.59526881381229
"M97936_at",210.059268321985,276.332441031035,0.6356290516613,0.528827816743106,0.857284539162674,-4.59526889598743
"X96783_rna1_at",-66.9042634638409,-1007.20107536016,-0.635602192700744,0.528845139219829,0.857284539162674,-4.59526890465526
"U72511_at",386.930257647554,813.151095845791,0.635402884040064,0.528973691165202,0.857298043567968,-4.59526896896448
"M74088_s_at",-47.4794184167538,-750.897770519012,-0.635139522390874,0.529143581957678,0.857378523731016,-4.5952690539115
"L36844_at",63.4363591174213,-455.361833037786,0.634574593406861,0.52950810682578,0.857553849612745,-4.59526923601495
"X97267_rna1_s_at",-206.128660121454,-223.973812926843,-0.634532117218155,0.529535520286582,0.857553849612745,-4.59526924970077
"S70609_at",74.2461135964167,-1005.70069226053,0.6344099979814,0.529614338291418,0.857553849612745,-4.59526928904266
"Z37976_at",-994.962829669231,6945.22703639707,-0.634226449496313,0.52973281552996,0.857553849612745,-4.59526934816095
"AB001106_at",-83.1035028825787,37.9073177823012,-0.63377961747657,0.530021296096684,0.857619054650413,-4.59526949201049
"K03021_at",-88.5723761744831,-537.235748287718,-0.63360524883969,0.530133893268689,0.857619054650413,-4.59526954811899
"L34673_at",-43.7149455269238,-868.058853156456,-0.633016548324994,0.530514135306915,0.857695881457656,-4.59526973744229
"M58028_at",396.728373219656,-426.459889845776,0.632894481391374,0.530592996436847,0.857695881457656,-4.59526977667733
"U65410_at",-56.249389338765,-694.815838394824,-0.632840441720202,0.530627910648412,0.857695881457656,-4.59526979404457
"X02152_at",1088.6491896115,2138.97497752025,0.632694645911603,0.530722113157249,0.857695881457656,-4.59526984089326
"U58682_at",-2809.58110251286,16691.2387685533,-0.592289608878036,0.55735870042293,0.86756760372289,-4.59527000289535
"D00654_at",-53.8044756810965,-856.835193825802,-0.632152887990195,0.531072234527689,0.857695881457656,-4.59527001488617
"U30998_at",47.9196366951889,-590.593203532184,0.632140423110358,0.531080291627292,0.857695881457656,-4.59527001888775
"L41913_at",-46.8954226945714,-756.419121582927,-0.632057894723304,0.531133638287633,0.857695881457656,-4.59527004537983
"L38928_at",-64.0216466034847,-326.761928733742,-0.631804176184783,0.531297660606729,0.857695881457656,-4.59527012680413
"Z11850_at",61.785055319017,-708.37347120169,0.631536527257085,0.531470717499703,0.857695881457656,-4.59527021266506
"U20536_s_at",-51.7634698152042,-853.082227353087,-0.630978113709888,0.531831873123127,0.857695881457656,-4.59527039169011
"M15796_at",-102.392046072802,-991.788990487653,-0.630915126643842,0.531872618309689,0.857695881457656,-4.59527041187398
"U23946_at",-66.5396264887052,-516.081649500706,-0.630863838067172,0.531905797171206,0.857695881457656,-4.59527042830769
"A28102_at",108.22456827886,-170.06689112827,0.63037321980466,0.532223235911808,0.857695881457656,-4.59527058544528
"X93499_at",99.4940621975365,-620.902721047667,0.629926020990882,0.532512668380933,0.857695881457656,-4.59527072857418
"U73328_at",140.317936679405,-563.822498273859,0.629891268753523,0.532535163917135,0.857695881457656,-4.59527073969279
"X57206_at",71.7689491603702,-771.202322873675,0.629553800108717,0.532753637389717,0.857695881457656,-4.59527084763165
"K02545_cds2_at",-132.176864527282,-557.354682089854,-0.629537574218056,0.532764143040226,0.857695881457656,-4.59527085282008
"HG2228-HT2305_at",-219.311513334124,-3094.15457952015,-0.629455868109959,0.532817046311293,0.857695881457656,-4.59527087894468
"X16901_at",343.291039681186,231.297109299457,0.629281808292206,0.532929756203241,0.857695881457656,-4.59527093458748
"L24203_at",95.0943395202947,-1029.17608627366,0.629250263935626,0.53295018363279,0.857695881457656,-4.59527094466989
"U37546_s_at",210.407490324858,387.767990426788,0.629117204348134,0.533036354619307,0.857695881457656,-4.59527098719389
"S65738_at",168.058872498838,877.063724773591,0.62910680211576,0.533043091538704,0.857695881457656,-4.59527099051794
"M34181_at",132.920345023047,829.23282915212,0.629006566727192,0.533108010450266,0.857695881457656,-4.59527102254559
"M62628_s_at",-115.053858722332,-577.065430254457,-0.628876496528022,0.5331922585101,0.857695881457656,-4.59527106409888
"L14542_at",47.204412081923,-864.120095913613,0.628528681181187,0.533417577151462,0.857695881457656,-4.59527117517436
"U34301_at",-332.096169931051,-2593.97429977889,-0.628446809360315,0.533470621901727,0.857695881457656,-4.59527120131172
"U44103_at",-74.2687479465504,-583.003697100236,-0.59368476323756,0.556335321844416,0.86728610267093,-4.59527120980003
"U54999_at",-61.7852608202181,-592.406095308383,-0.628330019933524,0.53354629456581,0.857695881457656,-4.59527123859077
"X05839_rna1_s_at",63.5059059960744,-983.885158365636,0.628247686532251,0.533599645146492,0.857695881457656,-4.5952712648675
"U09368_at",-61.006941046144,-439.82871087161,-0.628024531228444,0.533744259911722,0.857695881457656,-4.59527133607099
"S78569_at",-90.0906598107051,-528.491880377374,-0.627646991741592,0.533988969513257,0.857695881457656,-4.59527145647953
"X97301_at",-124.651628267679,95.5611934726942,-0.627562654027152,0.534043642702541,0.857695881457656,-4.59527148336784
"HG4245-HT4515_at",-48.0779025772633,-841.001407264473,-0.627551194308683,0.534051071863894,0.857695881457656,-4.59527148702112
"Z83336_at",134.280260375688,111.480580728803,0.627169513175711,0.53429854094471,0.857695881457656,-4.59527160866216
"U65785_at",326.466697451196,-632.951238383004,0.626923002340217,0.534458402184118,0.857695881457656,-4.59527168718696
"U38268_at",116.031339616052,-154.425008506339,0.626658787820048,0.534629772054835,0.857695881457656,-4.59527177131831
"U24169_at",-319.206415451684,2451.39975252766,-0.626447251375797,0.534766995637108,0.857695881457656,-4.59527183865136
"L33799_at",89.919989260439,-688.215574938284,0.626426421037793,0.534780509265804,0.857695881457656,-4.59527184528057
"D10704_at",-109.871942455071,-1036.49251209162,-0.626187017017552,0.534935834872747,0.857695881457656,-4.59527192145527
"U61262_at",-117.328133792144,91.7320081369108,-0.626152112732283,0.534958482789648,0.857695881457656,-4.59527193255895
"U61145_at",474.203389643007,1892.49863617547,0.626099739061911,0.534992466796193,0.857695881457656,-4.59527194921883
"U77827_at",265.106625883905,122.779867679521,0.625706775176157,0.535247487654465,0.857911853104965,-4.59527207417667
"AF007551_at",77.175449944919,-442.231385990208,0.625471868613313,0.535399964845022,0.857963404339293,-4.59527214883822
"M21624_at",-192.655868740535,-537.624095863914,-0.624822171660864,0.535821799823474,0.858446473723028,-4.59527235519466
"U76366_s_at",145.044203028996,8.18498028739898,0.623782367222228,0.536497285667249,0.859335611880762,-4.59527268502872
"U43030_at",136.214484218971,583.914037676451,0.623170557478154,0.53689494235953,0.85958990463002,-4.59527287885323
"X92475_at",-79.1127433682066,33.0186714375137,-0.623126668490202,0.536923474715884,0.85958990463002,-4.59527289275047
"S82471_s_at",-93.2233883081522,-975.352335367219,-0.622981779862338,0.537017672854682,0.85958990463002,-4.59527293862211
"L37347_at",-69.3136942536332,-922.786154015377,-0.622433307741329,0.537374335686523,0.85979382790641,-4.5952731121753
"AFFX-LysX-3_at",54.1754187231949,-577.207191243619,0.622376071655901,0.537411562547083,0.85979382790641,-4.59527313027807
"U90552_at",-191.314911921995,-238.857808684179,-0.62222967689366,0.537506785136275,0.85979382790641,-4.59527317657291
"D13644_at",-47.6435074849992,-688.741247479461,-0.621344238945437,0.538082906753864,0.860199798204001,-4.59527345635478
"U76189_at",-225.714501914287,984.553892822743,-0.620904372692123,0.538369231178542,0.860199798204001,-4.59527359520214
"S68874_s_at",210.720743641164,-720.763283166774,0.620665453489952,0.538524785399968,0.860199798204001,-4.59527367057937
"X72475_at",-2809.43589042145,11356.2074654577,-0.620579715313398,0.538580613062998,0.860199798204001,-4.59527369762234
"L28997_at",-46.1900360976787,-398.761165861044,-0.620380296896734,0.538710474292295,0.860199798204001,-4.59527376050771
"X04325_at",-61.2743878751007,-733.70848813269,-0.619865417561164,0.539045839080085,0.860199798204001,-4.59527392278202
"V00551_f_at",55.7649326870056,-1029.49107652493,0.619844237856063,0.539059636733681,0.860199798204001,-4.59527392945445
"U42390_at",-103.668139190114,-1367.05645196638,-0.619433340796612,0.539327354652536,0.860199798204001,-4.59527405885966
"U66406_at",-142.735430705371,-1011.54822147054,-0.619081436901135,0.539556690917264,0.860199798204001,-4.59527416962047
"M65134_s_at",-50.0073704074248,-635.318457317484,-0.619037698718187,0.539585198700412,0.860199798204001,-4.59527418338272
"M90354_at",-58.8953695871655,-728.32884918267,-0.618971272163028,0.53962849586803,0.860199798204001,-4.59527420428211
"Y00291_at",569.872960445148,3191.90701919087,0.618762863781161,0.539764349254566,0.860199798204001,-4.59527426983839
"U78027_rna4_at",-2080.80813715133,17541.4698484146,-0.618475396844971,0.539951767075193,0.860199798204001,-4.5952743602283
"Y11681_at",-137.045534454644,-226.727586515805,-0.618444582223663,0.539971859079207,0.860199798204001,-4.59527436991513
"M62400_at",-48.0319581657359,-709.039712739925,-0.618397156450631,0.54000278278381,0.860199798204001,-4.5952743848229
"U12424_s_at",-61.9566613730708,-708.934164248521,-0.618117764021532,0.540184977726781,0.860199798204001,-4.59527447262459
"AF005887_at",-43.6744946072983,-554.736060177557,-0.617825740122545,0.540375443968062,0.860199798204001,-4.5952745643551
"L42563_at",81.6684054486635,3.52669527626537,0.617824024482109,0.540376563060441,0.860199798204001,-4.59527456489389
"X00540_at",-54.0511816324034,-718.804994602794,-0.617532648310972,0.540566641844554,0.860199798204001,-4.59527465637922
"M30257_s_at",47.1872066855281,-579.208542550223,0.617237265496545,0.540759369832351,0.860199798204001,-4.59527474908024
"D87461_at",46.6239272159007,-705.11315746207,0.617220526589419,0.540770292511515,0.860199798204001,-4.59527475433219
"M17219_at",95.3876889191565,-810.341006878582,0.617138376822471,0.540823899558018,0.860199798204001,-4.5952747801053
"U19147_s_at",53.9005961334926,-815.58546205917,0.616730048091125,0.541090396520197,0.860199798204001,-4.59527490816267
"M55150_at",146.091152403512,-262.225466601459,0.616640599907734,0.541148784251102,0.860199798204001,-4.59527493620396
"D10040_at",-66.673621671146,-318.438085366723,-0.616627891114895,0.541157080242132,0.860199798204001,-4.59527494018774
"AFFX-BioC-5_st",-106.797040784733,-1857.35771992863,-0.616505509557077,0.541236971329095,0.860199798204001,-4.59527497854629
"HG4679-HT5104_at",-250.775860254104,171.752029884535,-0.61649426791622,0.541244310216722,0.860199798204001,-4.59527498206944
"U43527_at",120.39656322678,477.964176730599,0.61635234448148,0.541336966628682,0.860199798204001,-4.59527502654313
"U05237_at",-183.662084637734,-678.688493110867,-0.616180497658974,0.541449169906533,0.860199798204001,-4.59527508038058
"M65062_at",74.760623714829,-701.380122006386,0.616145952919818,0.541471726526339,0.860199798204001,-4.59527509120127
"M19507_at",923.733109800804,7159.58048464206,0.616102569415055,0.541500055271036,0.860199798204001,-4.59527510478976
"U16129_at",134.720341212891,283.487057428944,0.61503946500126,0.542194486061691,0.861083151947795,-4.59527543748602
"U03056_at",-459.186312377375,80.082629894644,-0.614881614464513,0.542297635029806,0.861083151947795,-4.59527548683795
"X68277_at",656.23156703278,360.776327695441,0.614623099771822,0.542466585944428,0.861152150748982,-4.59527556763622
"HG1728-HT1734_at",-175.341204071971,-122.538865306667,-0.614161529981686,0.542768310284531,0.861152150748982,-4.59527571181779
"U49973_xpt1_at",-175.544351235594,1319.46706682333,-0.614054205086396,0.542838480136011,0.861152150748982,-4.5952757453282
"U39487_at",-70.3191774037709,-1075.10101834958,-0.613926979351001,0.542921667399126,0.861152150748982,-4.59527578504502
"M86546_at",99.7980935529168,-677.209433077277,0.613891452058688,0.542944898298615,0.861152150748982,-4.59527579613438
"D25248_at",65.0215215886863,35.1771067536678,0.613078888163319,0.543476365276615,0.861685119647999,-4.59527604959671
"X78924_at",-546.522102923286,3757.96697707758,-0.6130082173741,0.543522601062501,0.861685119647999,-4.59527607162573
"X15306_rna1_at",100.760456489017,-1045.05724085709,0.612305422421307,0.543982509669929,0.862020449185719,-4.59527629056352
"D10202_at",116.469866675988,-692.331911573148,0.612256963006636,0.544014228898321,0.862020449185719,-4.59527630565092
"M37245_at",-66.8632415116986,-171.2670217581,-0.612130872114259,0.54409676648225,0.862020449185719,-4.59527634490279
"X63741_s_at",-78.6176844479315,-358.464020727304,-0.611758570565105,0.544340508384346,0.862114512900897,-4.59527646075427
"S75881_s_at",110.727721567529,-413.866565238779,0.611670872203601,0.544397931789754,0.862114512900897,-4.59527648803408
"AFFX-M27830_M_at",-1220.41813041306,6828.80210006269,-0.61096439129113,0.544860637725448,0.862583934148299,-4.59527670765781
"L31584_at",-274.528928771396,399.120178404152,-0.61029032475274,0.545302303307633,0.862583934148299,-4.59527691697746
"U13220_at",60.5582633206201,-577.514728087575,0.610102643042986,0.545425310027018,0.862583934148299,-4.59527697521924
"S78798_s_at",51.4948575858941,-685.317356844933,0.610036890119024,0.545468407924312,0.862583934148299,-4.59527699561974
"M16447_at",-171.941007873303,-1756.23408550955,-0.609765674809282,0.545646195159502,0.862583934148299,-4.59527707974469
"U85265_at",-88.1890301446927,31.8697274981806,-0.609591156380797,0.545760611395542,0.862583934148299,-4.5952771338574
"X02176_s_at",59.3930341935323,-624.660029349663,0.609551716271643,0.545786470486807,0.862583934148299,-4.59527714608448
"U79296_at",-62.6442141666679,-629.982439177674,-0.609486405998388,0.545829292861129,0.862583934148299,-4.59527716633008
"U68135_s_at",2480.50872861614,15482.0308897776,0.609415914609808,0.545875514312217,0.862583934148299,-4.59527718817942
"M60278_at",133.184323103055,326.868902943676,0.609262983771803,0.545975798538388,0.862583934148299,-4.59527723557315
"AB000897_at",-50.8498935507028,-1009.34125943547,-0.609188042849225,0.546024944432117,0.862583934148299,-4.5952772587934
"S60415_at",-90.8634715926065,-11.6394124020182,-0.608659657282551,0.546371521839219,0.862598200270842,-4.59527742243433
"X62078_at",-529.355391477425,2576.74102446281,-0.608407855565268,0.546536722892596,0.862598200270842,-4.59527750036925
"U05659_at",132.488622014101,-901.826903525192,0.608270255834114,0.546627009638942,0.862598200270842,-4.59527754294452
"U62531_at",-341.43590005258,-834.207858862739,-0.608015804327165,0.54679398949241,0.862598200270842,-4.59527762165096
"U15555_at",148.49256049878,438.353228211504,0.607836243751362,0.54691183913869,0.862598200270842,-4.59527767717323
"L38932_at",209.384707863968,2789.88881015972,0.607563134350273,0.547091112049798,0.862598200270842,-4.59527776159168
"M31525_at",2243.34307951299,32376.241021747,0.607517355863117,0.547121164661835,0.862598200270842,-4.5952777757383
"S67247_s_at",-54.8809855909885,-674.734121523261,-0.607228783724059,0.547310625744588,0.862598200270842,-4.59527786489021
"U17894_at",154.838573178362,66.5078850800945,0.606855769094973,0.547555577269769,0.862598200270842,-4.59527798006955
"U10485_at",-318.619105689227,2302.34866819365,-0.606739666884098,0.547631830860132,0.862598200270842,-4.59527801590566
"M64930_at",158.090978713299,-75.2441606420836,0.60649817752766,0.54779045368784,0.862598200270842,-4.59527809042266
"D87009_cds3_at",-46.1754134687891,-949.017907876133,-0.606474633167655,0.54780592011736,0.862598200270842,-4.59527809768628
"M71243_f_at",-123.124668946783,-249.140312342377,-0.606433919056185,0.547832665988035,0.862598200270842,-4.59527811024626
"L32164_at",-67.1525504812284,-490.405801593049,-0.606178920081454,0.548000194909248,0.862598200270842,-4.59527818889298
"L22650_at",40.6086059144928,-749.130018655242,0.60608066577,0.548064752935355,0.862598200270842,-4.59527821918806
"M55905_at",-86.8544535154186,-31.1318258401824,-0.60604167581903,0.548090372377953,0.862598200270842,-4.59527823120865
"D10656_at",68.6598970077103,-426.30854952184,0.605423563440894,0.548496602669303,0.862990317871793,-4.59527842167319
"D26155_s_at",-50.4105181221573,-543.264350267407,-0.605215697184375,0.548633249405038,0.862990317871793,-4.5952784856829
"U25988_at",66.3819051083374,-610.554944280819,0.605110241339213,0.548702580455856,0.862990317871793,-4.59527851814856
"D14043_at",-494.926216950066,1616.1724869138,-0.604752857078622,0.548937573150548,0.862997550510611,-4.59527862813253
"Z70295_at",-141.627608476716,-1188.35103137639,-0.604735145950711,0.54894922018176,0.862997550510611,-4.59527863358145
"X90763_at",85.0730374648183,387.133084390006,0.604252334726401,0.549266770956024,0.863256055338645,-4.59527878206175
"L76569_at",-637.413127475171,4268.52541558102,-0.604096490342603,0.549369291800211,0.863256055338645,-4.59527882996465
"D49387_at",-51.0412442365323,-516.111018484929,-0.603933043411897,0.549476824454089,0.863256055338645,-4.59527888019164
"U66559_at",93.8386583513274,-519.10600875649,0.603723671803928,0.549614586975799,0.863282295093485,-4.59527894451211
"U87309_at",-71.8360221698606,-1184.53552044547,-0.601499226241669,0.551079322140227,0.865392346659758,-4.59527962655272
"D26561_cds2_at",58.2623614594014,-700.817376520876,0.601103993861439,0.551339780328874,0.86561073833668,-4.59527974748205
"X60483_at",48.7037569518898,-679.842822462528,0.599768090472151,0.552220606412906,0.866802805267539,-4.59528015566244
"AFFX-TrpnX-M_at",-86.6575118212267,-1978.55954024555,-0.599313956676,0.55252020244938,0.866818479546296,-4.59528029422229
"Z29678_at",-97.8286989694836,-366.711662837598,-0.599152261404827,0.552626894252277,0.866818479546296,-4.59528034353242
"M14949_at",-2040.78727747065,1277.3513948132,-0.592907283326387,0.556850034172755,0.86728610267093,-4.59528041055765
"X51985_at",-94.4615361347289,-772.643650506805,-0.598850699542409,0.552825902660706,0.866818479546296,-4.59528043546164
"J05070_at",-53.1530277524599,-674.731151934828,-0.598828402140821,0.552840618739001,0.866818479546296,-4.5952804422571
"AFFX-ThrX-M_at",-40.7249213685558,-881.228279522356,-0.598658444532258,0.552952795749366,0.866818479546296,-4.59528049404612
"K02882_cds1_s_at",74.6389508846065,-224.801775596942,0.598647635579069,0.552959930368265,0.866818479546296,-4.59528049733931
"J05249_at",-198.567367705775,2703.31743535011,-0.598047907358688,0.553355863914396,0.867092462766898,-4.59528067997059
"X81438_at",212.841256493853,-2151.56418687804,0.597678652800417,0.553599713284414,0.867092462766898,-4.59528079232959
"M20786_at",-78.0134863939482,-1487.82599841509,-0.597647058221301,0.553620580343783,0.867092462766898,-4.59528080194028
"X61970_at",124.646129295206,-52.9208822004893,0.597576223867713,0.553667365289275,0.867092462766898,-4.59528082348545
"D88613_at",104.194243572204,197.472205448407,0.597462195494583,0.553742683416134,0.867092462766898,-4.59528085816347
"M59830_at",-242.017452300056,-121.062656314733,-0.596849412369224,0.554147528836981,0.867157771296208,-4.59528104441237
"U01317_cds1_at",297.374766165491,1462.17263361096,0.596816569577348,0.554169231229151,0.867157771296208,-4.5952810543894
"HG274-HT274_s_at",45.559281801313,-941.805467478431,0.596778619479215,0.554194309048561,0.867157771296208,-4.59528106591726
"U50535_at",-133.322151185848,996.237498082205,-0.596659329468834,0.554273140888207,0.867157771296208,-4.59528110214865
"L38941_at",1825.1872821237,37622.3950912926,0.596230971964053,0.554556264506745,0.867157771296208,-4.59528123219416
"U18288_at",-64.9837139820352,-649.957753980787,-0.596043999695558,0.554679867199599,0.867157771296208,-4.59528128892907
"Z74792_s_at",-63.5719152817921,-321.171379509742,-0.595982524068571,0.554720510259853,0.867157771296208,-4.59528130757952
"HG2815-HT2931_at",435.204388630515,1461.06022387596,0.595926996276485,0.554757222360581,0.867157771296208,-4.59528132442391
"X64810_at",-85.8547178233362,-479.558596123263,-0.595727741251694,0.554888969633696,0.867173623155355,-4.59528138485562
"X83705_s_at",164.41503160854,-486.037692557262,0.595010906196592,0.555363071927144,0.86728610267093,-4.59528160210232
"U03905_at",174.515629265022,-223.32609145211,0.594904476967663,0.555433479914651,0.86728610267093,-4.59528163433569
"M75099_at",105.07748199954,-199.535361803039,0.594756128515558,0.555531627021185,0.86728610267093,-4.59528167925552
"HG3044-HT3742_s_at",84.775651356318,-467.373618649523,0.594651552214424,0.555600819832211,0.86728610267093,-4.59528171091468
"U51477_at",203.987128024472,1097.66476790313,0.594108654447119,0.555960097936229,0.86728610267093,-4.59528187518401
"X51954_at",69.8899218988984,-980.28990519938,0.593935171048905,0.556074930381092,0.86728610267093,-4.59528192764593
"S78296_at",58.8324011649855,-161.137156613576,0.593850371603668,0.556131065361657,0.86728610267093,-4.59528195328417
"U32581_at",-85.6525643302159,-373.748146001477,-0.593729108856104,0.55621134307439,0.86728610267093,-4.5952819899406
"U57352_at",-163.569465600085,-1571.35923640664,-0.593428234084327,0.556410551956487,0.86728610267093,-4.59528208086067
"U42387_at",-62.0911906579658,-1108.11881655809,-0.593116420516157,0.556617041573391,0.86728610267093,-4.59528217503945
"U47621_at",137.701603803552,-398.1388161488,0.593097458854896,0.556629599644027,0.86728610267093,-4.59528218076501
"U47025_s_at",137.924384864478,-100.635647730122,0.592938420863651,0.556734934166224,0.86728610267093,-4.59528222878029
"M64710_s_at",-520.138528476896,2407.98056471259,-0.59282494893618,0.556810095410474,0.86728610267093,-4.5952822630311
"D13897_rna2_at",78.2560880254858,119.990841783531,0.592678821617643,0.556906894422969,0.86728610267093,-4.59528230712944
"HG2815-HT2931_s_at",-948.300195600888,8194.12090688778,-0.592299568131366,0.557158162806024,0.867487960473746,-4.59528242153181
"HG3513-HT3707_at",62.8316196485997,-901.538683163749,0.591855210686348,0.557452637814932,0.86756760372289,-4.59528255548311
"Y00451_s_at",187.383517322616,548.510707816238,0.591467703230861,0.557709502719409,0.867777975974712,-4.59528267221796
"M31724_at",105.233494450216,-194.768021413989,0.591089311836766,0.557960382692998,0.867898087857119,-4.59528278613554
"AC000064_cds2_at",51.1022283829153,-460.50575771304,0.590885701265226,0.558095403607055,0.867898087857119,-4.59528284740497
"Z48570_at",-50.4969749962664,-590.935507889191,-0.590800632600761,0.558151820349565,0.867898087857119,-4.59528287299736
"X60188_at",-851.940489672602,8310.33329032802,-0.590440080218869,0.558390967324764,0.867962870993431,-4.59528298142794
"S82297_at",2357.78584488096,6654.65058613121,0.589927797545137,0.558730842927818,0.867962870993431,-4.59528313537939
"X81892_at",-44.5281829806802,-518.964345371571,-0.589836152023296,0.558791656465482,0.867962870993431,-4.59528316290716
"Z49989_at",189.227272135138,17.5710849090088,0.589632911319107,0.558926533534569,0.867962870993431,-4.59528322394034
"U28413_at",-182.180282271714,-551.057245434017,-0.589630561380225,0.558928093125748,0.867962870993431,-4.5952832246459
"M17236_s_at",-123.310335901606,-887.885189028688,-0.589525767378148,0.558997644318168,0.867962870993431,-4.5952832561075
"U69546_at",123.737100796456,-305.844139555388,0.589453664944307,0.559045500837586,0.867962870993431,-4.59528327775119
"D16480_at",-356.921305025913,3870.86328929257,-0.588777224534615,0.559494575075294,0.868415638413004,-4.59528348068069
"AFFX-TrpnX-5_at",46.3282745447133,-759.359689215374,0.588647549802392,0.559580684126736,0.868415638413004,-4.59528351955696
"M69177_at",1287.42223832052,10790.1180257798,0.587571350785375,0.560295579895518,0.868988956542793,-4.59528384188107
"U11313_at",-53.5260485847341,-216.837989755414,-0.587483199346582,0.560354157379247,0.868988956542793,-4.59528386825744
"Z48541_at",-46.8479592777837,-841.47511832737,-0.587378948998394,0.560423436726126,0.868988956542793,-4.59528389944594
"X02874_at",43.8589673627663,-607.749385065888,0.587268232548984,0.560497017831417,0.868988956542793,-4.59528393256306
"S67325_at",-60.9880491010644,-709.475873791709,-0.58717434767261,0.560559416645189,0.868988956542793,-4.59528396064086
"HG4606-HT5011_at",69.9653514400974,254.595706856164,0.586430149335526,0.561054157800159,0.869566876607897,-4.59528418305239
"X97675_rna1_at",-216.729634493902,-2444.25714780303,-0.585852694102409,0.561438199922123,0.869973012526001,-4.59528435544361
"J05633_at",102.893945099606,-1193.28472946656,0.585250299093136,0.561838969336134,0.8701751380792,-4.59528453510571
"M14158_cds4_at",76.2328439573896,-133.53458123373,0.585113571357455,0.561929953412602,0.8701751380792,-4.59528457585945
"U86214_at",70.2945618887937,-393.722000210344,0.585106403852162,0.561934723160106,0.8701751380792,-4.59528457799558
"M13485_at",80.356229943796,-141.861280373691,0.584336407160048,0.562447250011473,0.870779709038605,-4.59528480733034
"S71018_at",121.733004063099,-67.5083159159882,0.583629601662203,0.562917921936883,0.871319231893188,-4.59528501758794
"AB003177_at",-101.723547874843,706.291951107808,-0.582977043424671,0.563352645215335,0.871582917347507,-4.59528521149039
"D85376_at",-45.7251998445645,-505.975676972434,-0.582690188434663,0.563543796412082,0.871582917347507,-4.59528529666084
"U50708_at",-150.248491503358,-686.787788233348,-0.582423239068718,0.563721712322137,0.871582917347507,-4.59528537588476
"AF015910_at",-218.506072036264,1403.31310995463,-0.582374047720403,0.563754500350024,0.871582917347507,-4.59528539047972
"M27819_at",-38.6345581775709,-572.218159888174,-0.582114515853029,0.563927504679212,0.871582917347507,-4.59528546746247
"X72308_at",77.8791753278054,-127.939936170024,0.582073823406079,0.563954632736492,0.871582917347507,-4.59528547952972
"X52966_at",1340.09427909876,2064.27991558398,0.582037831868477,0.563978627426751,0.871582917347507,-4.59528549020226
"M37033_at",286.554050098799,-407.039966199233,0.581906672444673,0.564066072578705,0.871582917347507,-4.59528552908944
"M64497_at",-50.6354830181173,-800.334826503296,-0.581719077018036,0.564191155914444,0.871587333801105,-4.59528558469451
"X91141_at",72.8285453307023,-708.06676668364,0.580773836133283,0.564821627062806,0.872087246175405,-4.5952858646098
"L08096_s_at",149.772012014231,-1346.26769537157,0.5804469161709,0.565039763101019,0.872087246175405,-4.59528596131878
"M74096_at",55.6535454404319,-728.24194404291,0.580419555099038,0.565058021576872,0.872087246175405,-4.59528596941031
"HG3872-HT4142_at",-55.6279134662715,-1072.41836571479,-0.580018870431385,0.56532543857604,0.872087246175405,-4.5952860878632
"X52426_s_at",-76.8354263458421,-994.937512348322,-0.579975801413107,0.565354186608574,0.872087246175405,-4.59528610059083
"U04811_at",-97.9815472683199,-1106.69576884994,-0.579964966566978,0.565361418848239,0.872087246175405,-4.59528610379257
"U31201_cds1_at",-71.6506900570922,-1091.78696923311,-0.579802097736742,0.565470139060457,0.872087246175405,-4.59528615191399
"X74104_at",319.451926077649,0.998247154077621,0.579645215226611,0.565574873086502,0.872087246175405,-4.59528619825435
"U53442_at",-111.766577043074,-1066.17204443388,-0.579433045956148,0.56571653170667,0.872087246175405,-4.5952862609062
"M19989_cds2_at",-132.881742425633,-993.692759545309,-0.579342923387005,0.56577670901862,0.872087246175405,-4.59528628751197
"U11870_rna1_at",248.473730503472,2818.27925645672,0.579078029056411,0.565953604734869,0.872087246175405,-4.5952863656903
"U18543_at",-47.4298814413532,-482.910232082108,-0.579035064189916,0.565982299158572,0.872087246175405,-4.59528637836728
"HG371-HT1063_s_at",52.1050582572653,-842.197927141693,0.57851135237074,0.566332122581098,0.872168623563884,-4.59528653281788
"HG651-HT4201_at",-47.4431766457602,-674.19665200851,-0.578428034065541,0.566387786596816,0.872168623563884,-4.59528655737728
"U53446_at",47.1268691715954,-474.146981495667,0.578406710937335,0.566402032775816,0.872168623563884,-4.59528656366207
"L10338_s_at",99.7391916081225,-201.042996633572,0.578221349749882,0.566525881828634,0.872170998126076,-4.59528661828605
"M86849_at",263.960780765552,-2998.61606261447,0.577871428697478,0.566759718343299,0.872342661667616,-4.59528672135802
"M14636_at",-2216.15179178369,1275.3314202771,-0.535877684646165,0.59525007130341,0.886460815714026,-4.59528675880557
"U83115_at",196.671294026817,-864.94159983945,0.577026103477052,0.567324809660063,0.872731335537948,-4.59528697010669
"U45880_at",-51.9836487356439,-606.264481566492,-0.576891091900033,0.567415089511763,0.872731335537948,-4.59528700980317
"AFFX-HUMISGF3A/M97935_3_at",294.677354171022,879.286099069458,0.576850926099558,0.567441949052406,0.872731335537948,-4.5952870216111
"M64347_at",-72.4897556352156,57.066646387664,-0.576761456171248,0.567501781361585,0.872731335537948,-4.59528704791058
"M58603_at",157.242559498992,-1516.16576163202,0.576333621501977,0.5677879358446,0.872937349941398,-4.5952871736172
"X83703_at",-84.3864904962314,-1338.65711080872,-0.576195140971458,0.567880573044194,0.872937349941398,-4.59528721428634
"L17325_at",-43.1075604121864,-901.547215872997,-0.576006141335895,0.568007017372297,0.872943543293502,-4.59528726977676
"L36531_at",102.468502000433,443.172865890907,0.575538114182824,0.568320196663062,0.873236656411181,-4.59528740711421
"L09234_at",-41.5630677961971,-854.264196464641,-0.575266855822443,0.568501747867175,0.873327437320298,-4.59528748666267
"L08424_at",-62.2936075497492,-866.888381007086,-0.574726185427012,0.568863700526402,0.873469102297322,-4.59528764511014
"Y12393_s_at",-300.879035509833,1956.66491915566,-0.574622555731907,0.568933088664483,0.873469102297322,-4.59528767546317
"M27161_at",-59.8639755321427,-541.715110456114,-0.574580225578099,0.568961433203065,0.873469102297322,-4.5952876878601
"X12901_at",-117.784236316551,50.0145004257092,-0.574074790346691,0.569299930011057,0.87361597831149,-4.59528783581524
"U03398_at",208.884688120698,-2458.58149760664,0.573972381155138,0.569368527010439,0.87361597831149,-4.59528786577797
"Y10210_at",102.898062343524,-353.343227237307,0.573710425284097,0.569544012221137,0.87361597831149,-4.59528794239717
"X95073_at",-200.377869109955,65.1286784272301,-0.573600736304682,0.569617501247603,0.87361597831149,-4.59528797446995
"U21551_at",44.994090908535,-724.289527269753,0.573522898630394,0.569669653505599,0.87361597831149,-4.5952879972259
"D42046_at",95.1014741448084,500.778560674444,0.573135253906778,0.569929415804047,0.873794284482616,-4.59528811050994
"U79291_at",-45.3874307450962,-672.244596285592,-0.572821684426096,0.570139582951625,0.873794284482616,-4.59528820209236
"L38616_at",49.9770353335874,-41.4354844308203,0.572800880952031,0.570153527653571,0.873794284482616,-4.59528820816659
"HG2507-HT2603_at",63.3373900977499,-919.12650405347,0.572579300522196,0.570302064925848,0.873834126554839,-4.59528827285084
"Z30643_at",-194.167976259566,-557.735907632775,-0.572110277774217,0.57061653933557,0.874128150806004,-4.59528840968927
"X81003_at",68.1942247021581,-65.4311936584173,0.571689612180804,0.570898663877248,0.874211094737238,-4.59528853232725
"D86425_at",55.9115102100678,-709.645249202488,0.571663960253808,0.570915869890803,0.874211094737238,-4.59528853980282
"HG2709-HT2805_at",-62.2057353772431,-368.298449314864,-0.571152079405989,0.571259267310483,0.874549127348874,-4.5952886889091
"U30246_at",126.436480823001,-374.151574240117,0.570834654262693,0.571472264632931,0.874682587685631,-4.59528878130737
"V00599_s_at",2847.81754483373,6575.58326945291,0.570656594845702,0.571591762531909,0.874682587685631,-4.59528883311638
"X63546_at",-3555.93122660065,38912.5808198098,-0.570438882689264,0.57173788866995,0.874718490475308,-4.59528889644174
"U43672_at",-60.5612397192799,-794.037126322078,-0.570239513986733,0.57187171907207,0.87473557029235,-4.59528895441111
"S78723_rna2_at",50.0258669866166,-450.31257897458,0.569953506795125,0.572063734405814,0.874841623428665,-4.5952890375377
"M20471_at",163.023905130707,-619.044397442668,0.569582408755186,0.572312924269936,0.875035047806371,-4.59528914533547
"hum_alu_at",3356.87405686502,43805.360442764,0.569059520966804,0.572664130914073,0.875384333879582,-4.5952892971105
"X84002_at",-86.4118124517165,222.516717116409,-0.568663850357738,0.572929960632846,0.875602989556971,-4.59528941186956
"X59303_s_at",74.2071931905731,-518.147214969255,0.568299185127398,0.573175013419431,0.875741605129342,-4.59528951756762
"X55715_at",2642.81405099929,4836.0626787473,0.568033361343198,0.573353677936101,0.875741605129342,-4.59528959457524
"U15422_cds2_at",-96.4119101685541,-697.047923272643,-0.567880317478948,0.573456553677416,0.875741605129342,-4.59528963889537
"Y11306_rna1_at",-46.2297848126963,-183.796202835173,-0.567778520109591,0.573524986679412,0.875741605129342,-4.59528966836859
"M21985_at",160.452417473747,-1160.37638534009,0.567402740652281,0.573777638240091,0.875741605129342,-4.59528977712315
"U62432_at",172.01300278523,355.016176203665,0.56728008124459,0.573860118936889,0.875741605129342,-4.59528981260702
"U87460_at",119.568093115716,398.181402941448,0.567250049570254,0.573880314229339,0.875741605129342,-4.59528982129369
"L19593_at",-45.0181594519463,-691.334445547382,-0.567061348441978,0.574007217412276,0.875747853523094,-4.59528987586535
"M57506_rna1_at",-50.3479712538339,-870.178091461946,-0.566603053563898,0.574315482320459,0.876030738914908,-4.59529000832946
"Z49194_at",-329.016260624203,-100.615562731556,-0.565997139275893,0.57472316618659,0.876327982421598,-4.59529018330213
"L75847_at",-41.7229904768329,-756.567759367024,-0.565948154283438,0.574756131508318,0.876327982421598,-4.59529019743985
"M11058_at",-42.1244737422786,-739.483203572869,-0.565209168178257,0.575253558175556,0.876898914781935,-4.5952904105775
"L11708_at",-56.0739538643474,-435.775555958728,-0.564709877590071,0.575589760621021,0.87722389035873,-4.59529055443002
"M35128_at",-150.604227011215,48.5358235419715,-0.564334063806222,0.575842882343848,0.877422135468799,-4.59529066262609
"U29700_at",-133.872374760407,433.492532390292,-0.563808011892172,0.576197285672762,0.877774587509606,-4.59529081395848
"U40372_at",-138.872659481024,-2366.3304105685,-0.563522331537791,0.576389794534128,0.877787882394956,-4.59529089608462
"AC002115_cds1_at",-448.533657972457,6564.15642828408,-0.56333052101703,0.576519065872954,0.877787882394956,-4.5952909512029
"Y08564_at",154.599086384995,510.472862682825,0.562880546964827,0.576822383177185,0.877787882394956,-4.5952910804353
"U03911_at",-86.1808012306424,-1629.35569564555,-0.56275038276517,0.576910138497281,0.877787882394956,-4.59529111779979
"V01510_rna1_at",-1019.35895516221,6506.42599576104,-0.562637244661309,0.576986420319722,0.877787882394956,-4.59529115027005
"U38372_at",-48.7444187594176,-853.924127772317,-0.562452467919957,0.577111014143253,0.877787882394956,-4.59529120328677
"D90084_at",114.249062891517,551.527473159883,0.562432294625447,0.577124617670133,0.877787882394956,-4.59529120907394
"D87469_at",-85.2984668464483,-173.781078646029,-0.562334197685968,0.577190769955119,0.877787882394956,-4.59529123721241
"X16281_at",-49.341327318692,-759.064015387228,-0.562073376493498,0.57736667442422,0.87786817810642,-4.59529131200417
"U58658_at",-60.9974294558235,-513.379793092094,-0.561561083446992,0.577712254337087,0.878206370854353,-4.59529145880906
"M21142_cds2_s_at",1747.958669201,7075.43864190921,0.560751846542029,0.578258351239009,0.878568185781938,-4.59529169044367
"M87284_at",-71.0550129078706,-212.83451383149,-0.56059878038417,0.578361673173183,0.878568185781938,-4.59529173422074
"D88799_at",80.5464392635919,-668.9222206752,0.560535134055425,0.57840463804877,0.878568185781938,-4.59529175242024
"D16532_at",-80.5605225525482,-632.938879231367,-0.560478183776976,0.578443084033964,0.878568185781938,-4.59529176870334
"D87435_at",112.987688623063,391.538881569049,0.559349249904469,0.579205462243759,0.879538788598859,-4.59529209115527
"L32137_at",60.7156436691058,-452.238897736911,0.559119177850983,0.579360891922001,0.879587506982285,-4.5952921567925
"X76029_at",-424.000425036496,3084.79154156776,-0.558813757573471,0.579567256011261,0.879713516946851,-4.59529224388546
"X76534_at",60.6857549597588,-956.758125022823,0.558498864553219,0.579780058113877,0.879788700536721,-4.59529233363144
"D89050_at",65.19808115669,-1123.44711347719,0.558151252804753,0.580015015506625,0.879788700536721,-4.59529243264557
"U20908_at",81.4863770537341,-773.958638377738,0.557900969908241,0.580184215215735,0.879788700536721,-4.59529250389952
"Z35093_at",-113.659598785503,-644.432297292736,-0.557690705512613,0.580326379655157,0.879788700536721,-4.59529256373655
"D13705_s_at",45.9464785026292,-846.06730105269,0.557242524145192,0.580629461691834,0.879788700536721,-4.59529269120715
"X77777_s_at",-82.225663273009,-737.378626503752,-0.557149360913237,0.580692472876155,0.879788700536721,-4.59529271769195
"U58766_at",-3124.51535292924,10660.6958590511,-0.556784444579202,0.580939317008741,0.879788700536721,-4.5952928213905
"M57703_s_at",-63.7393049701773,-353.108704891125,-0.556713637812984,0.580987219478331,0.879788700536721,-4.59529284150409
"L03427_at",-47.6213861630673,-920.208692289542,-0.556700784780878,0.580995915067879,0.879788700536721,-4.5952928451549
"M24069_at",-212.258407845997,-1689.69707857035,-0.556665156405642,0.581020019417801,0.879788700536721,-4.59529285527444
"Y10615_at",-42.4878512550908,-649.720842997712,-0.556434950178549,0.581175776994557,0.879788700536721,-4.59529292064495
"X59656_at",75.1979081448697,-628.885418878865,0.556403170523097,0.581197280711186,0.879788700536721,-4.5952929296672
"X02160_at",-39.6273950211239,-681.349002121297,-0.556092676167792,0.581407397205483,0.879788700536721,-4.59529301779039
"X68194_at",-93.0454655770411,-1012.28514756271,-0.556081126776661,0.581415213575714,0.879788700536721,-4.59529302106738
"M15465_s_at",80.4864698794168,-88.7278499816255,0.555671231695492,0.581692654508408,0.879788700536721,-4.59529313732683
"M24486_s_at",1088.85320741168,5277.95557516584,0.555509165993023,0.581802367792202,0.879788700536721,-4.59529318327099
"U14417_at",97.3562137873355,-647.469559174948,0.55537454909337,0.581893506762304,0.879788700536721,-4.59529322142381
"L36642_at",38.5877059352764,-788.261533665407,0.555239264399783,0.581985104834189,0.879788700536721,-4.59529325975688
"U11791_at",86.4190128766416,-238.818467226413,0.55520520876642,0.582008164203147,0.879788700536721,-4.59529326940516
"HG2797-HT2905_s_at",-158.631883777228,-887.739864819363,-0.555092782152472,0.582084292403905,0.879788700536721,-4.5952933012526
"D83780_at",-98.3380054519831,-276.412351215863,-0.554727086514951,0.582331951839295,0.879834118123698,-4.59529340480117
"M87499_at",-114.302292721899,217.931676597747,-0.553960673017758,0.582851154666293,0.879834118123698,-4.59529362160075
"D42108_at",-50.4508140170366,-607.415372101611,-0.553741828435005,0.582999450996117,0.879834118123698,-4.59529368345327
"U91932_at",139.10090115405,17.3922729043955,0.553556242961861,0.583125224190682,0.879834118123698,-4.59529373588716
"AC000066_at",-40.4010027334617,-788.59133952305,-0.553423547159329,0.583215161574664,0.879834118123698,-4.59529377336757
"U24266_at",-57.6185214680421,-506.870288239548,-0.553333691764389,0.583276066785789,0.879834118123698,-4.59529379874262
"L14595_at",-84.7477100167902,-1258.3138942521,-0.553016123502662,0.583491343582165,0.879834118123698,-4.59529388839152
"U94747_at",-649.525122530934,3409.79762830993,-0.552845330218996,0.58360713880192,0.879834118123698,-4.59529393658552
"J05428_at",45.0010354986448,-668.947739762404,0.552839229175237,0.583611275421714,0.879834118123698,-4.59529393830684
"X80198_at",76.7001019860159,-569.697822533645,0.552794055110641,0.583641904709697,0.879834118123698,-4.59529395105139
"M89955_at",-67.919550330113,-884.235264271637,-0.552784353905231,0.583648482501748,0.879834118123698,-4.59529395378817
"M55422_at",962.134161687532,4531.38175346091,0.552450684396161,0.583874745177197,0.879834118123698,-4.59529404789054
"D29954_at",147.176458671691,1949.67967844564,0.55234137437715,0.583948877989762,0.879834118123698,-4.59529407870648
"X81420_at",-122.895865445557,-753.884700473675,-0.552304302594084,0.583974020686596,0.879834118123698,-4.59529408915617
"L02426_at",-199.45644471611,2135.74454368887,-0.552286452906259,0.583986126827243,0.879834118123698,-4.59529409418734
"L37368_at",167.149395915404,2331.07507648514,0.552135595942501,0.584088446949598,0.879834118123698,-4.59529413670213
"X68994_at",-80.3167571007732,-356.571673446033,-0.551448438538439,0.584554627537671,0.880226298696889,-4.59529433021581
"X55733_at",2390.59519725205,30908.3947409896,0.55138760938273,0.584595903857625,0.880226298696889,-4.59529434733496
"HG3238-HT4861_s_at",-91.7868776155421,-1045.20221860982,-0.551051500014627,0.584824000126656,0.880226298696889,-4.59529444189325
"L34355_at",-54.6228513198201,-695.156376058755,-0.550855897130614,0.584956763293738,0.880226298696889,-4.59529449689688
"U80456_at",-136.952112910952,-1369.66188469628,-0.550842313350563,0.584965983666324,0.880226298696889,-4.59529450071594
"D82326_at",65.6669433296195,-584.654634002079,0.550604391536239,0.585127491175694,0.880283573749763,-4.5952945675926
"X15218_at",-47.9589671505752,-965.801326529372,-0.550215623172692,0.585391443602108,0.880323746389134,-4.59529467680999
"Y11710_rna1_at",151.867673228632,-1215.78121007471,0.550086871031554,0.58547887192932,0.880323746389134,-4.59529471296409
"X16323_at",-49.5770718718415,-969.976544480968,-0.549973766342524,0.585555680155401,0.880323746389134,-4.59529474471757
"M64673_at",-234.59269644961,878.085147987959,-0.549837836603802,0.58564799507363,0.880323746389134,-4.59529478287069
"U17077_at",-45.2034001836831,-830.711867025584,-0.54962786384869,0.58579060915336,0.880352546653869,-4.59529484178843
"M37457_at",214.390989433758,1145.12236075545,0.548995797133541,0.58622001176633,0.880812242710851,-4.59529501901296
"U19180_at",-42.405084557552,-589.678233863752,-0.54842368806691,0.586608812225265,0.88121075204937,-4.59529517925573
"M88108_at",307.890781540104,-832.487178385704,0.547506972844398,0.587232063084959,0.881865466804939,-4.59529543568227
"Z83745_at",85.2445149885307,-880.444869542711,0.547262290428135,0.587398470187398,0.881865466804939,-4.59529550405537
"X89430_at",-41.9193960985151,-881.428140387559,-0.547164747510885,0.587464814890371,0.881865466804939,-4.59529553130412
"D14497_at",40.2545120667912,-745.737845850025,0.547039470641755,0.587550028382496,0.881865466804939,-4.59529556629349
"U37529_at",-50.9563767773791,-770.711682644756,-0.546588168930599,0.587857053696176,0.881865466804939,-4.59529569227608
"X15217_at",261.399179585608,1428.57262163199,0.546384872538218,0.587995383577127,0.881865466804939,-4.59529574899413
"U00802_s_at",-42.8034128543541,-864.455039458267,-0.546329449192789,0.588033098248598,0.881865466804939,-4.59529576445324
"Z22970_at",-47.3300638035189,-704.817866835256,-0.546310910294751,0.588045713922175,0.881865466804939,-4.59529576962392
"U50929_at",83.3628865918636,-733.786187222575,0.546048493865296,0.588224301597913,0.881865466804939,-4.59529584279616
"U73304_rna1_at",-38.7065547348112,-689.881218624896,-0.545749787924553,0.58842761784045,0.881865466804939,-4.59529592604592
"U23435_s_at",-45.6234263574897,-540.546252208933,-0.545406033605901,0.588661638343501,0.881865466804939,-4.59529602179609
"L26336_at",50.7515047974579,-442.46836414655,0.545318174608174,0.588721458018992,0.881865466804939,-4.59529604625918
"U32376_at",62.7119018847775,-967.278195512702,0.545269005799506,0.588754936366874,0.881865466804939,-4.59529605994786
"L23116_at",-68.6410835606516,-604.271174351768,-0.545238105569747,0.58877597636493,0.881865466804939,-4.59529606854993
"M29474_at",46.6920527231891,-704.161558875055,0.544561155474989,0.589237002933924,0.882150178496942,-4.59529625688214
"U29615_at",114.920110717462,-472.972542344225,0.544532667355575,0.589256408131245,0.882150178496942,-4.59529626480275
"L08485_at",41.0882471596273,-702.8295628302,0.544174208195211,0.589500605258909,0.882150178496942,-4.59529636443171
"U26403_at",-70.1971952213183,-660.399263645451,-0.54407063643094,0.589571171640689,0.882150178496942,-4.59529639320626
"X56741_at",-51.693661822004,-520.680255523428,-0.544050934580499,0.589584595528878,0.882150178496942,-4.59529639867928
"X95406_at",-2028.62818795176,20296.4125975261,-0.543277599132505,0.590111624630562,0.88251899563256,-4.59529661335386
"U04285_s_at",141.505557246882,553.619513777817,0.543215954382954,0.590153645315597,0.88251899563256,-4.59529663045343
"D25215_at",50.5791994755435,-962.70080928432,0.543144479552251,0.590202368555838,0.88251899563256,-4.59529665027742
"X99802_at",-183.482415160379,-263.983962663556,-0.542808216543112,0.590431619477197,0.88267670408635,-4.5952967435081
"M55284_at",-165.305621910535,1150.14710537942,-0.542520710599567,0.590627663543237,0.8827847136296,-4.59529682317626
"M35198_at",-92.8995175618866,-103.811285750192,-0.541876626159321,0.591066963772245,0.883256185804668,-4.59529700150414
"M37435_at",-61.9724460992613,-439.267961450856,-0.541443003877926,0.591362805463764,0.883495369899474,-4.59529712144563
"S77576_at",-56.3627593429818,-761.478523021536,-0.541278857894991,0.591474813616616,0.883495369899474,-4.59529716682472
"Y10871_at",166.370376671532,-801.911886647529,0.540729045240105,0.591850062627013,0.883660933860847,-4.59529731872638
"U62317_rna6_at",384.544030764633,3078.35889118401,0.540594481398268,0.591941920220575,0.883660933860847,-4.59529735588074
"U18422_at",-412.414444643082,812.846834781638,-0.540571793107689,0.591957408645809,0.883660933860847,-4.59529736214431
"U59748_at",103.165703660946,-139.088609844237,0.539354720021773,0.592788541145422,0.884716426728339,-4.59529769776886
"U85611_at",-177.82670071559,-66.5469440535839,-0.539138436278895,0.592936298314484,0.884751777208743,-4.5952977573353
"X78710_at",-176.930633314325,-1153.41882423967,-0.53872003093686,0.593222187401877,0.884983682554382,-4.59529787250205
"S82362_s_at",-154.767193794668,361.761658365911,-0.538547751018652,0.593339922352054,0.884983682554382,-4.59529791989719
"U37707_at",96.1406872561209,345.601234549735,0.537803814612647,0.59384845127336,0.885556943962845,-4.59529812438927
"L20688_at",87.6977077479746,-435.470633491803,0.537283669151656,0.594204127665611,0.885902077019334,-4.59529826720322
"HG2416-HT2512_at",-43.9604620012958,-835.541371051919,-0.537023712442443,0.594381924480465,0.885981919621697,-4.59529833852811
"U18991_at",-42.2228710841315,-755.846539202595,-0.536777276635338,0.594550497050076,0.886047982124158,-4.59529840611232
"D38500_at",64.6881227298899,-1209.13820494388,0.53599895970034,0.59508304805075,0.886460815714026,-4.59529861936562
"X93498_at",155.667906934162,-1906.87327388978,0.53598809606208,0.595090482924952,0.886460815714026,-4.59529862234005
"U15008_at",-1933.78633163303,43057.7767062595,-0.535645813197174,0.595324757601244,0.886460815714026,-4.59529871602625
"X04729_s_at",257.228339985607,378.296539602766,0.53540480478954,0.59548974147403,0.886521366691296,-4.59529878195781
"M95936_s_at",-237.291735545177,1635.65287318507,-0.535085705686238,0.595708216205255,0.886661509029363,-4.59529886920799
"S81893_at",-58.5015580061874,-981.650320944842,-0.534725556301236,0.59595484211499,0.886664398525669,-4.59529896762178
"U64805_s_at",-100.534042700522,6.93086904277839,-0.534705865124386,0.595968327788203,0.886664398525669,-4.59529897300071
"HG3355-HT3532_at",275.581763071157,2826.16074197599,0.53453817777108,0.596083175786293,0.886664398525669,-4.59529901879909
"D49490_at",-149.459485721625,325.999159428749,-0.533599854078513,0.596726021152806,0.887187868502292,-4.59529927481473
"X86570_at",95.2689573314651,-657.565316068223,0.533424853739934,0.596845950147263,0.887187868502292,-4.59529932251417
"HG4051-HT4321_at",-41.34705759087,-785.599031983062,-0.533296753006367,0.596933745734076,0.887187868502292,-4.59529935742067
"U38904_at",180.577919495802,21.7920092688953,0.533008940348156,0.597131024353493,0.887187868502292,-4.59529943581781
"U66061_cds3_at",-96.7061095875331,-548.910821168624,-0.532985988040566,0.597146758135594,0.887187868502292,-4.59529944206801
"AD000092_cds2_at",-207.62946973124,-2654.99176329219,-0.532808997403971,0.597268091611312,0.887187868502292,-4.595299490256
"M13194_at",-117.97287935616,737.854329188288,-0.532753729907811,0.597305981865027,0.887187868502292,-4.5952995053001
"Y08409_at",-119.530101214714,-602.546013759004,-0.532382499557535,0.597560519176435,0.887381104174752,-4.59529960631173
"X80909_at",999.78814042595,3245.7256511349,0.532087087520642,0.597763107624652,0.887497131057962,-4.59529968664441
"D10523_at",-101.449242759041,274.836094608673,-0.531622760617426,0.598081600524105,0.887695349005025,-4.59529981282339
"X91504_at",190.002560285526,-730.903262223583,0.531434336727158,0.598210867816167,0.887695349005025,-4.59529986399633
"U66578_at",-49.5957425237638,-657.522539866445,-0.531348052728194,0.598270066935654,0.887695349005025,-4.59529988742382
"X52011_at",-86.5913097692459,-741.430030624684,-0.530577191708537,0.598799074375506,0.888157591480218,-4.59530009656113
"AC002486_at",52.8113315813876,-390.493852688912,0.530454717242003,0.598883143426735,0.888157591480218,-4.59530012976175
"AB000450_at",-54.084052483599,-406.828466270625,-0.530349682745438,0.598955245747913,0.888157591480218,-4.59530015822879
"U25265_at",-57.0031556742707,-405.553379396314,-0.530123968875141,0.599110203867756,0.888202674382738,-4.59530021938451
"M73482_at",94.4547647599858,-1453.0668543963,0.529472821922393,0.599557338092986,0.888680810214318,-4.59530039566698
"U03187_at",-169.468205223086,388.719037414741,-0.529041927088219,0.599853314401777,0.888809996760548,-4.59530051220583
"219_s_at",55.8010128948182,-709.054553842038,0.528952734631382,0.599914588181725,0.888809996760548,-4.59530053631711
"U03486_at",109.236167817436,-970.771306630533,0.528801608693891,0.600018415987277,0.888809996760548,-4.59530057716178
"X06745_at",-42.8559060243953,-709.010609796877,-0.527827930415245,0.600687563203801,0.889144630013238,-4.59530084004528
"Y00764_at",355.627047682907,-269.214077452283,0.527796271106562,0.600709326520654,0.889144630013238,-4.59530084858509
"J03827_at",866.792977169189,15255.3998356615,0.52774067283753,0.600747546910918,0.889144630013238,-4.595300863581
"Y00318_at",44.2134306138087,-808.117601281155,0.527733126563983,0.6007527345979,0.889144630013238,-4.59530086561626
"M76559_at",-58.079381122797,-1082.3239087193,-0.527495198604705,0.600916309005349,0.889144630013238,-4.59530092977174
"U57099_at",71.9854678797927,-897.393037187544,0.527384466755537,0.600992443789624,0.889144630013238,-4.59530095962018
"X59405_at",-55.9270104274504,-344.603120477389,-0.527035343524735,0.601232516593816,0.889315303014002,-4.5953010536886
"J03278_at",104.310412943755,414.217478348107,0.526829876371286,0.601373826072518,0.889339849382647,-4.59530110902178
"U54617_at",187.323247215563,-374.117141482555,0.52628405526748,0.60174928874356,0.889703715907454,-4.59530125591199
"U40279_at",127.142902425436,-426.612994993953,0.52610947278071,0.601869404787205,0.889703715907454,-4.59530130286405
"M35851_s_at",62.9409866796564,-719.047337509686,0.525824029903245,0.60206581908504,0.889809607439466,-4.59530137959822
"D90097_at",41.4640441921001,-717.709063026077,0.525472280441612,0.602307900504513,0.889902135540525,-4.59530147410162
"U19523_at",-70.7851086377535,-1225.44470664651,-0.525370418362521,0.602378012656586,0.889902135540525,-4.59530150145711
"Y09616_at",188.447593988264,-216.742613265418,0.525100864296711,0.602563566441684,0.889991879100176,-4.59530157382214
"U24683_at",59.5598691883627,-991.881481939339,0.516913237731938,0.608293020063367,0.891666454422776,-4.59530169572992
"M31682_at",-85.3907022964033,-1021.10592666705,-0.524367033748659,0.603068851273496,0.890154987270992,-4.59530177064503
"L37792_at",93.0048276472036,391.315959280998,0.524208787487582,0.603177838968377,0.890154987270992,-4.59530181305369
"Y10506_at",-52.4999569440236,-402.324080973864,-0.524142794440047,0.603223292559851,0.890154987270992,-4.5953018307356
"HG3313-HT3490_at",41.7791688883616,-1023.06243051285,0.524073877520896,0.603270761716979,0.890154987270992,-4.5953018491986
"AB000895_at",-142.586202705043,-1741.16883379706,-0.524034126702977,0.603298142403689,0.890154987270992,-4.59530185984687
"X99133_at",117.821665017009,-711.230214768929,0.523664316590459,0.603552898466773,0.8901678284863,-4.59530195887231
"J05401_at",-51.6360500930154,-815.767058900591,-0.523607039436371,0.603592360246872,0.8901678284863,-4.59530197420355
"X89109_s_at",528.215523106458,2249.8151857475,0.523447705163932,0.603702141842005,0.8901678284863,-4.59530201684363
"U90065_s_at",309.538888478801,-3286.18337126703,0.52320861363812,0.603866893829644,0.8901678284863,-4.5953020808042
"X83490_s_at",49.1285953076178,-494.280631273349,0.523026071736287,0.6039926930252,0.8901678284863,-4.59530212961779
"X98085_at",126.44874546179,410.6648620238,0.522934463373443,0.604055829763737,0.8901678284863,-4.59530215410858
"X83228_at",93.1141268110413,-947.790080039798,0.522404203192385,0.604421347095899,0.890522443417532,-4.59530229578767
"Y10207_at",-54.1759052879387,-525.160817658789,-0.522050385757766,0.604665296854707,0.890697837610187,-4.59530239024572
"X07979_at",123.607367584952,88.7639833418458,0.521560010000611,0.605003476657019,0.891011935572326,-4.59530252105772
"M32315_at",-59.6770514081842,21.6739097168437,-0.520917447110829,0.605446743303817,0.891253054719067,-4.59530269228616
"L24893_s_at",592.116015226809,-4686.63432397249,0.520789222893907,0.605535215813074,0.891253054719067,-4.59530272643046
"U81802_at",75.4286173473491,-160.311717177117,0.520556468917122,0.605695827445606,0.891253054719067,-4.59530278838869
"U79295_at",197.475250040422,1355.5849362645,0.520488039803941,0.605743050654532,0.891253054719067,-4.59530280659915
"Z26653_at",-38.2256285281988,-731.100138408149,-0.520372666282551,0.605822674271258,0.891253054719067,-4.59530283729725
"U05572_s_at",-78.7178435300195,-768.497063194877,-0.520180287996744,0.605955452612592,0.891253054719067,-4.59530288846974
"M81829_at",124.370387873024,285.451494412638,0.519967800885512,0.606102125683099,0.891253054719067,-4.59530294496979
"AJ001487_at",-85.5691676688386,-1671.6876189811,-0.519599352320698,0.606356493110832,0.891253054719067,-4.59530304288663
"U35100_at",282.372984603155,-3373.50778826053,0.51951341809236,0.606415827034013,0.891253054719067,-4.59530306571433
"M60974_s_at",-304.432356607111,-173.962492622139,-0.519334313098752,0.606539500076803,0.891253054719067,-4.59530311328027
"L09190_rna1_at",43.3330836905986,-469.122743787824,0.519330678117259,0.606542010174117,0.891253054719067,-4.59530311424547
"D13643_at",-153.366136702364,-1705.98472081785,-0.519085705054503,0.606711184811262,0.891317976697385,-4.59530317927811
"U73191_at",53.856921180828,-589.254112673696,0.518891549462137,0.606845281257979,0.89133134925863,-4.59530323079913
"L21893_at",107.727699949566,365.724507986686,0.518412904831815,0.607175923090971,0.891444193234556,-4.59530335773199
"U15637_s_at",96.685902839713,404.061457328066,0.518402367857319,0.607183202844464,0.891444193234556,-4.59530336052503
"M63262_at",-65.0317477721795,-1005.90758430846,-0.518184567927746,0.607333684884912,0.891444193234556,-4.59530341824506
"M62982_at",-63.0486208506922,-745.133805988463,-0.518056543177127,0.607422147654846,0.891444193234556,-4.59530345216241
"S79219_s_at",81.8422086605973,-557.215457172814,0.517072122167867,0.608102564318474,0.891666454422776,-4.595303712691
"X63679_at",147.487296395404,-263.860192263296,0.516883054755232,0.608233285238039,0.891666454422776,-4.59530376267287
"X68560_at",-70.1859667711938,-356.426562913927,-0.516829530735704,0.608270294028016,0.891666454422776,-4.59530377681925
"U83246_at",231.186036799396,251.592283550402,0.516807401558827,0.608285595389621,0.891666454422776,-4.59530378266756
"Y08765_s_at",-173.077610246842,520.898798158538,-0.516752092923135,0.608323839681224,0.891666454422776,-4.59530379728352
"U81001_at",-89.5608202866338,-874.394035607333,-0.516383778277133,0.608578546810353,0.891693944405265,-4.59530389457616
"D28118_at",-129.695142648327,165.915007795377,-0.516083871238466,0.608785983292186,0.891693944405265,-4.59530397374869
"L10374_at",-42.1258661931623,-733.215848865564,-0.515852344580846,0.608946145549759,0.891693944405265,-4.59530403483889
"X81637_at",-55.2173086424896,-543.006948501618,-0.515630882048994,0.609099364031898,0.891693944405265,-4.59530409324864
"U67092_at",131.909957384909,-754.033049498079,0.515509924298686,0.609183055979361,0.891693944405265,-4.59530412514041
"L05500_at",-80.0282453128938,-1478.69380161625,-0.515465929923316,0.609213497472401,0.891693944405265,-4.59530413673818
"L20971_at",-391.508016759956,644.06695485575,-0.515459556839313,0.609217907326104,0.891693944405265,-4.59530413841817
"X82693_at",-69.1539573169813,-836.770415263874,-0.514990669321283,0.609542394408929,0.891819441930963,-4.59530426196475
"M60751_at",-84.6682121195531,-388.856201315994,-0.513656666236076,0.610466009363521,0.891819441930963,-4.59530461286156
"U40038_at",37.9988820908724,-589.665594040198,0.513542455347425,0.61054511481122,0.891819441930963,-4.59530464286252
"U57092_at",66.9214647900334,-614.121856369029,0.513329602231731,0.610692555063623,0.891819441930963,-4.59530469875754
"U59423_at",-52.8103757168594,-850.821312980062,-0.513118084907943,0.610839086299064,0.891819441930963,-4.59530475427946
"X63097_at",-57.3756411357531,-905.279811324418,-0.512924785337885,0.610973011137431,0.891819441930963,-4.59530480499988
"Y11180_at",-46.1193001747032,-878.676549969792,-0.512888206290307,0.610998355929683,0.891819441930963,-4.59530481459587
"M65214_s_at",185.754716643934,-169.135253678512,0.512309566691937,0.611399346637015,0.891819441930963,-4.59530496630513
"D50495_at",-145.028677809335,-726.211347252009,-0.512235446225601,0.611450720040672,0.891819441930963,-4.5953049857262
"M96759_rna1_at",-44.3106884910772,-634.628948374487,-0.512120010052202,0.611530733603557,0.891819441930963,-4.59530501596737
"X95677_at",39.2675532371219,-744.588097424034,0.511772431132954,0.611771683970064,0.891819441930963,-4.59530510698369
"U46024_at",-299.563017957121,-209.527033446771,-0.511605011522717,0.611887759007217,0.891819441930963,-4.5953051508024
"X12671_rna1_at",-47.8681123685612,-560.039081563095,-0.511443149433903,0.611999990549878,0.891819441930963,-4.59530519315328
"X78338_at",68.0286681426435,-657.937411299609,0.511441289389578,0.612001280317947,0.891819441930963,-4.59530519363989
"Z48950_at",1601.41062170977,3385.45149306627,0.503329266162221,0.61771624165164,0.894221380271588,-4.5953052025866
"D86096_cds3_at",44.325248516297,-727.246413980543,0.511242584080264,0.612139071206365,0.891819441930963,-4.59530524561272
"D49488_at",-42.5777579266993,-596.632934560244,-0.511149767390032,0.612203439218456,0.891819441930963,-4.59530526988287
"D83767_at",-41.8390977816073,-725.830623311921,-0.511065725233332,0.612261724811186,0.891819441930963,-4.59530529185492
"X99585_at",139.119629962638,-47.7214303594892,0.511050098598755,0.612272562601893,0.891819441930963,-4.59530529593998
"D10326_s_at",43.6212271062271,-690.486500196792,0.511019408422958,0.612293847908909,0.891819441930963,-4.59530530396252
"U64863_at",123.211422822565,-901.24618174623,0.510977755160773,0.612322737257231,0.891819441930963,-4.59530531485013
"M74447_at",65.368993338019,-657.119341271053,0.510804692633943,0.612442774510219,0.891819441930963,-4.59530536007709
"L05515_at",50.6892964932907,-1149.88591867015,0.510802399069116,0.612444365413787,0.891819441930963,-4.59530536067637
"M22612_f_at",-235.448256320334,-79.0698459962964,-0.51055147879195,0.612618424708383,0.891819441930963,-4.59530542622339
"X95097_rna1_s_at",46.3064482776734,-702.572335716127,0.510378586760732,0.612738370311698,0.891819441930963,-4.59530547136913
"L32606_at",-74.7384901814569,-1405.92262153795,-0.51037316570688,0.612742131397352,0.891819441930963,-4.59530547278444
"L25081_at",-210.066625738638,639.967148745683,-0.510220845940306,0.612847814020944,0.891819441930963,-4.5953055125456
"D78261_at",-39.6630309190856,-758.222958518536,-0.51016287029053,0.612888040933045,0.891819441930963,-4.59530552767638
"Y08265_s_at",292.913668160763,-1456.829071844,0.510059806858068,0.612959555392181,0.891819441930963,-4.59530555457027
"X89267_at",355.920450885592,603.350779152665,0.510022335314608,0.612985557389267,0.891819441930963,-4.59530556434697
"L38486_at",125.564807070112,516.006411615538,0.509827655762569,0.61312065624382,0.891819441930963,-4.59530561512958
"U14969_at",1257.42360572082,34586.7380736976,0.509741309425476,0.613180581094869,0.891819441930963,-4.59530563764717
"M15059_at",-22755.9797482226,23447.5996471603,-0.492567272246432,0.625309218628216,0.896919608437426,-4.59530567297666
"L15296_s_at",-71.8377060197984,-849.717295591649,-0.50864367704961,0.613942578443163,0.89274562130469,-4.59530592356694
"U57796_at",91.2828724796693,-548.214875830978,0.506721715077775,0.615277885519884,0.893914712197602,-4.59530642277002
"M63138_at",308.331685321836,377.63767343563,0.506565342755534,0.615386585539866,0.893914712197602,-4.59530646330467
"U58033_at",-35.1921397658608,-731.716556202653,-0.506393195360701,0.615506261530655,0.893914712197602,-4.59530650791444
"U77456_at",-109.256273505152,-343.558707875968,-0.505996941463093,0.615781775632486,0.893914712197602,-4.59530661054242
"U51478_at",-537.63907635279,4856.14799049934,-0.505857297033081,0.6158788833933,0.893914712197602,-4.59530664669107
"HG142-HT142_at",-53.1019057273346,-1138.73341859758,-0.505658912970325,0.616016850308512,0.893914712197602,-4.59530669802849
"U93091_at",-191.348265165479,-523.945899017844,-0.505462118101728,0.616153725953903,0.893914712197602,-4.5953067489353
"U64198_at",75.3759122455925,-856.727581523834,0.505390306641047,0.616203676038567,0.893914712197602,-4.59530676750665
"M33987_at",588.149770167479,332.536322751967,0.505293706849244,0.616270871122396,0.893914712197602,-4.59530679248453
"HG4390-HT4660_at",54.8418997408109,-539.228995768616,0.505237966156272,0.616309646024886,0.893914712197602,-4.59530680689533
"X02596_at",-123.124553491611,-1045.05127968915,-0.50514348148302,0.616375374948172,0.893914712197602,-4.59530683131918
"L05779_at",72.9914998550118,52.1619146771617,0.504865038898621,0.616569094076861,0.893914712197602,-4.59530690326944
"X56411_rna1_at",265.166964319757,1832.94662221871,0.504759986627974,0.616642188654469,0.893914712197602,-4.59530693040518
"HG2841-HT2970_at",-42.7753643207548,-471.869298967855,-0.504680887077133,0.61669722813321,0.893914712197602,-4.59530695083352
"L38503_at",-49.3386851308438,-356.97583846017,-0.504648812476411,0.616719547094291,0.893914712197602,-4.59530695911625
"U25165_at",-148.736623062882,-1022.27660400369,-0.504601798066357,0.616752262517487,0.893914712197602,-4.59530697125602
"D89077_at",150.441373797862,32.6846458543147,0.504356951711484,0.616922653965562,0.893927935600986,-4.59530703446093
"U59878_at",85.2331917557212,-399.372670660463,0.504091181175463,0.617107631077761,0.893927935600986,-4.59530710303343
"M64595_at",-121.981358864511,-221.726776722931,-0.504013345026766,0.617161810061124,0.893927935600986,-4.59530712310957
"Z50749_at",74.7903971471697,-744.954200520336,0.503817067152679,0.617298441751418,0.893927935600986,-4.5953071737218
"X55885_at",129.015764071668,-1095.26738596521,0.503688170477708,0.617388175968989,0.893927935600986,-4.59530720694867
"D86974_at",382.500070168067,-1189.95123403666,0.502917291144252,0.617924964294566,0.894341976940237,-4.59530740549247
"J04058_at",-48.9464437032471,-370.5980526719,-0.502689046408082,0.618083939248906,0.894390537902587,-4.59530746422122
"S82024_at",-61.114505750829,-755.279753541598,-0.502211674008052,0.618416494462336,0.894690205317694,-4.59530758696813
"AJ001421_at",136.485607504562,1087.32219495883,0.501582101756116,0.618855202001724,0.895143295228051,-4.59530774867662
"L40380_at",-41.2999390363951,-576.574172639594,-0.501017597156092,0.619248688296284,0.895386020223116,-4.59530789350423
"M11749_at",60.7601650447908,-925.09262534013,0.500981097322354,0.619274134306606,0.895386020223116,-4.59530790286305
"D45906_at",105.882222539827,-886.186590096102,0.500539642967666,0.619581933599689,0.895522912166403,-4.59530801600257
"U78798_at",74.7775275389793,249.686589195464,0.500385417533574,0.619689481971335,0.895522912166403,-4.59530805550583
"U62739_at",-475.411526117285,-3111.29176426692,-0.500305009278294,0.619745557641452,0.895522912166403,-4.59530807609688
"L40402_at",-43.6431466179381,-1119.9492603864,-0.500066312064058,0.619912035517924,0.895581994586369,-4.59530813720378
"M26665_s_at",74.172864871513,-593.590350357102,0.499775643635324,0.620114787751813,0.895693447733073,-4.59530821157705
"U14550_at",-36.5268567036078,-710.480702040321,-0.499467060089643,0.620330069324976,0.895822949444391,-4.59530829048817
"U80017_rna1_at",-43.2241552128667,-923.39411512667,-0.499113753207619,0.620576593426362,0.895997507131684,-4.59530838077768
"M15517_cds5_at",-39.6019612756827,-708.406356021477,-0.498379922076414,0.621088774503692,0.896555475908062,-4.59530856811338
"U29343_at",-46.2216503289525,-493.518868921264,-0.498138781335177,0.621257121591647,0.896595363973949,-4.59530862961426
"U79267_at",108.637785045113,275.859601373968,0.497980159611248,0.621367871092309,0.896595363973949,-4.59530867005357
"L10413_at",-77.6072622361203,-652.30805916106,-0.49762634351024,0.621614937214425,0.896611771358289,-4.59530876021088
"AB002382_at",93.206392877389,322.078416622204,0.496837165859642,0.622166171585659,0.896611771358289,-4.59530896107954
"M24248_at",-2272.68170984344,38772.4210820329,-0.496733336438652,0.622238712032519,0.896611771358289,-4.59530898748402
"D90359_at",-52.8476836394054,-680.157430124584,-0.496679041585414,0.622276646662334,0.896611771358289,-4.59530900128941
"U31986_at",-64.0882857202406,-255.980260054664,-0.496503845358957,0.622399059558008,0.896611771358289,-4.595309045826
"U21858_at",-70.7408162860865,-311.918423132709,-0.496241213469816,0.622582585732791,0.896611771358289,-4.59530911256091
"U27699_at",-100.783152540714,-1518.64115415819,-0.495924812100143,0.622803718210793,0.896611771358289,-4.595309192913
"M60165_cds1_at",67.7572483053755,-616.499184835821,0.495786786649408,0.622900195092704,0.896611771358289,-4.59530922794977
"U59831_rna1_s_at",111.352411371336,-915.696458665738,0.495541702168097,0.623071520571085,0.896611771358289,-4.5953092901393
"Z38133_s_at",-89.7484822621617,-906.71484484211,-0.495249049089334,0.623276126512605,0.896611771358289,-4.59530936436
"HG4165-HT4435_at",42.4920872270648,-831.347511317141,0.494938812686334,0.623493058709625,0.896611771358289,-4.59530944299339
"U31903_s_at",187.158611628699,1637.46026085384,0.494839033735207,0.62356283616613,0.896611771358289,-4.59530946827345
"HG2614-HT2710_at",52.8220505756655,-156.705091055215,0.494705285252552,0.623656374720197,0.896611771358289,-4.59530950215225
"U89896_at",-191.171678993713,-1805.9605032105,-0.494684856184753,0.623670662581603,0.896611771358289,-4.5953095073262
"L48728_cds1_at",55.1020054498492,-244.202570530563,0.494479033348598,0.623814620984006,0.896611771358289,-4.59530955944207
"HG2290-HT2386_at",79.9261533115835,202.303145871038,0.494430826688256,0.623848340266398,0.896611771358289,-4.5953095716453
"HG644-HT644_at",-75.5103042564665,-1182.79204919123,-0.494337908885558,0.623913336121188,0.896611771358289,-4.59530959516362
"M18079_at",-2368.59247502907,40397.2958305509,-0.494181419187769,0.624022807296484,0.896611771358289,-4.59530963476282
"Z22534_at",-40.4167582172092,-627.083818660106,-0.494049417128807,0.624115155043519,0.896611771358289,-4.595309668156
"U48263_at",71.3203605320064,309.075380413413,0.493985609840314,0.624159796392698,0.896611771358289,-4.59530968429451
"U44848_at",-240.628712450315,83.2807796065218,-0.493868743970696,0.624241562717929,0.896611771358289,-4.59530971384764
"X12791_at",107.910286546155,-502.124664696996,0.493825878386827,0.624271555240747,0.896611771358289,-4.59530972468582
"L00972_at",-63.0810430124607,-303.157189236648,-0.493450823698092,0.624534004012641,0.896611771358289,-4.59530981947589
"U07358_at",-224.486593505687,-2074.1525966597,-0.493203686416368,0.624706968205385,0.896611771358289,-4.59530988189819
"U95019_s_at",44.9543798376991,-845.85835132942,0.493145195192439,0.624747907657998,0.896611771358289,-4.59530989666753
"M90391_s_at",-87.627614989365,-799.839715438488,-0.493118476122466,0.624766609395862,0.896611771358289,-4.59530990341366
"L13761_rna1_at",60.6956745273381,179.708468573263,0.493107817557144,0.624774069819007,0.896611771358289,-4.59530990610468
"D13168_at",-38.6266970207717,-740.367752798642,-0.492383945566634,0.625280834867558,0.896919608437426,-4.59531008873132
"X98311_at",51.1999019539229,-877.435004135415,0.492262450785354,0.625365908449149,0.896919608437426,-4.59531011935778
"U43965_at",78.1677405305485,-89.273128307311,0.491766209925487,0.625713442160633,0.897237594218273,-4.5953102443739
"M58459_at",-228.11896953801,516.651849932521,-0.491278499015956,0.626055086353947,0.897547008602733,-4.59531036712134
"Z26248_s_at",47.0261661558633,-578.369171691011,0.49099754999994,0.626251930601058,0.897648747159024,-4.5953104377769
"D17400_at",58.3019561433499,-736.698208332036,0.490396041137123,0.626673465151394,0.898072443728817,-4.59531058891724
"Y12394_at",93.9823829337259,-1378.49236028886,0.490172468339117,0.626830176242947,0.898116533411384,-4.59531064504804
"M32879_s_at",-203.928650426029,-956.634928765004,-0.489429615901,0.627350996901025,0.898591056960758,-4.59531083137141
"X60486_at",-261.556818597743,-194.261573918843,-0.489269270571525,0.627463441836206,0.898591056960758,-4.59531087155331
"X76061_at",-78.7538070145458,-617.578166035325,-0.489160961813007,0.627539400317568,0.898591056960758,-4.59531089868779
"U94333_at",-64.843163035735,-737.664321798882,-0.488850335999999,0.627757269406313,0.89871897427056,-4.59531097647607
"D31797_at",-65.1297068769953,-22.4783933968555,-0.488674245207992,0.627880792289431,0.89871897427056,-4.5953110205521
"M26901_s_at",-83.0217231296128,-244.745591103188,-0.487879287998711,0.628438567973359,0.899212539346506,-4.59531121933945
"X76732_at",-411.351820568837,2939.64989046949,-0.487802105236865,0.62849273442918,0.899212539346506,-4.595311238623
"X82206_s_at",86.6661967457823,-603.009990006752,0.487472800127251,0.628723862387422,0.899212539346506,-4.59531132086404
"D42044_at",-34.6365774818372,-882.732298487558,-0.487419963036124,0.628760950452665,0.899212539346506,-4.59531133405459
"J02943_at",53.0736235830329,-250.673077838277,0.487284398756362,0.628856111866642,0.899212539346506,-4.59531136789126
"M14758_at",49.7057531455058,-658.749277164803,0.487072049191966,0.629005186769772,0.899245386298164,-4.59531142087499
"HG3930-HT4200_at",-48.7055518337783,-704.640851451844,-0.486717106748432,0.629254400684875,0.899421353233883,-4.59531150938704
"HG1140-HT4817_s_at",258.770283875125,2186.2747095128,0.486389845941145,0.629484217547909,0.899569530127081,-4.59531159094037
"AB004884_at",-97.5555981798413,1210.17640225153,-0.486052364982528,0.629721250529316,0.899709157357391,-4.59531167498452
"U90306_at",75.8637322497792,-500.998277751697,0.485755228878613,0.629929979749155,0.899709157357391,-4.59531174893434
"L19605_at",-886.949537320674,3953.3088553119,-0.485711885863178,0.629960429488915,0.899709157357391,-4.59531175971766
"U46571_at",82.2878218232149,40.6543759579799,0.485369105086987,0.630201266068912,0.899720418831714,-4.5953118449651
"HG2686-HT2782_at",-41.3344512484405,-964.592004163289,-0.485341511255685,0.630220655176611,0.899720418831714,-4.59531185182496
"U75272_s_at",-101.347861930139,-264.92585580955,-0.485123190221609,0.630374070178548,0.899759306333713,-4.59531190608643
"L11238_s_at",-85.2511069513669,133.353090293706,-0.484685539446934,0.630681658913512,0.89997740064428,-4.59531201478836
"M28983_at",48.7239670206782,-331.557003326945,0.484070602088114,0.631113960261271,0.89997740064428,-4.59531216736231
"X51408_at",-43.5481649374906,-731.508761882878,-0.483857994730732,0.631263453913643,0.89997740064428,-4.59531222006901
"X02956_at",595.836546953629,1430.78971612902,0.483594781089194,0.631448552818954,0.89997740064428,-4.59531228529002
"X15954_rna1_s_at",-82.6053319158725,-884.571152169752,-0.483510474577906,0.631507844505464,0.89997740064428,-4.59531230617279
"Z73903_at",-164.986571613425,-1311.63214796031,-0.483314718864668,0.631645526491966,0.89997740064428,-4.59531235464789
"U16954_at",-139.927774829257,-366.799308769437,-0.483269028208896,0.631677664275338,0.89997740064428,-4.59531236595953
"U63312_at",-69.2551548548374,-798.954856724352,-0.483267238307639,0.631678923266506,0.89997740064428,-4.59531236640263
"Y10515_at",-46.2772079743908,-760.934842913576,-0.482915978672177,0.631926015810055,0.89997740064428,-4.59531245332891
"Y07829_xpt4_at",108.796075470085,-647.037007741987,0.482673813127215,0.632096391342994,0.89997740064428,-4.59531251322174
"D86958_at",145.725591612014,-67.9820244156542,0.482557569673538,0.632178181624276,0.89997740064428,-4.59531254196087
"L34219_at",46.5288670128966,-537.960024531636,0.482099391500804,0.632500606824783,0.89997740064428,-4.59531265517154
"U35735_at",-58.3999189782987,-646.075045556534,-0.482010185347476,0.632563390663147,0.89997740064428,-4.59531267720117
"AC002045_xpt1_at",-39.8689655148301,-471.369182021332,-0.481962042367037,0.632597275132509,0.89997740064428,-4.59531268908852
"X58822_rna1_s_at",-71.5327276190283,-1013.30366578902,-0.481805373557552,0.632707548877251,0.89997740064428,-4.59531272776479
"X02317_at",-485.860651036877,14.2931680351047,-0.481766117525018,0.632735181168383,0.89997740064428,-4.59531273745386
"X67318_at",-3349.39105401261,42953.4795316251,-0.481652540425501,0.632815131003712,0.89997740064428,-4.59531276548234
"X66503_at",94.2582555727051,-287.071459456949,0.481611404328352,0.632844088858906,0.89997740064428,-4.59531277563229
"HG429-HT429_at",-40.183735607699,-688.342111338954,-0.481496771305348,0.632924788140662,0.89997740064428,-4.59531280391244
"X87211_at",-125.869200041919,-370.717236319444,-0.480708950093,0.633479520889096,0.900346068424039,-4.59531299809154
"S50223_at",-51.3826135182319,-852.496543816228,-0.48066828857316,0.633508157921116,0.900346068424039,-4.59531300810521
"U85658_at",157.238294591292,824.796860413692,0.480345038081674,0.633735836583849,0.900346068424039,-4.59531308768238
"L11369_at",-78.8742219745773,-726.890547651797,-0.480188774746515,0.633845912232977,0.900346068424039,-4.59531312613225
"X78136_at",1167.30117287344,1803.32503236653,0.480068968152661,0.633930312584104,0.900346068424039,-4.59531315560337
"L37112_at",144.477747700744,-635.215226486631,0.480052934224548,0.633941608407951,0.900346068424039,-4.595313159547
"U19247_rna1_s_at",-135.324828387244,-312.954044445821,-0.479738582641733,0.634163085471624,0.900481274890114,-4.59531323683744
"U53506_at",60.2341191390645,-1160.75336301478,0.478725193297456,0.634877302954066,0.901267270322838,-4.59531348566571
"X92744_at",-79.989100322903,127.930155671302,-0.478594560136782,0.634969396452382,0.901267270322838,-4.59531351770408
"D89016_at",105.22365484708,1089.48384217542,0.478402276116842,0.635104963133397,0.90128029693617,-4.5953135648471
"HG3976-HT4246_at",-37.9022382288057,-544.638867085571,-0.477712052907114,0.635591698413966,0.90147020838677,-4.59531373391946
"L15326_s_at",67.6793640640498,-369.056615919651,0.477556151248813,0.635701660653797,0.90147020838677,-4.59531377207507
"M22005_at",-69.6451695103477,-274.985226112038,-0.477518586545254,0.635728157444655,0.90147020838677,-4.5953137812669
"U80226_s_at",77.4588053290679,-34.6757416551274,0.477495487806518,0.63574445070496,0.90147020838677,-4.59531378691865
"M16474_s_at",171.914775333548,-1935.12818447263,0.476543298959729,0.636416259869203,0.902243409369242,-4.59531401966606
"HG4716-HT5158_at",-107.181917260142,467.515705909123,-0.475732148708347,0.636988805780452,0.9025312903494,-4.59531421758107
"X69111_at",-249.964570441023,-1229.65985963472,-0.475568655903132,0.637104233581328,0.9025312903494,-4.59531425743231
"M22538_at",120.051666418913,1382.72775104084,0.4755192124905,0.637139143002749,0.9025312903494,-4.59531426948147
"U45955_at",-123.792024967592,-391.391255308313,-0.47502520718634,0.637487980417399,0.9025312903494,-4.5953143898014
"V00532_rna1_f_at",-41.5765876046006,-646.485070573374,-0.474826440456418,0.63762836132998,0.9025312903494,-4.59531443817857
"M82882_at",72.774442288635,-23.4316302093088,0.474821000531141,0.637632203519537,0.9025312903494,-4.5953144395023
"L05628_s_at",-114.196082014201,-786.12964971358,-0.474414251665119,0.637919516702063,0.9025312903494,-4.59531453843683
"X97674_at",-122.49288655422,-978.468761860936,-0.474378549011673,0.63794473850987,0.9025312903494,-4.59531454711691
"J04177_at",-59.64651247944,-47.3990127650614,-0.474334295952147,0.637976001277507,0.9025312903494,-4.59531455787491
"Z80345_rna1_s_at",-354.733533824994,1412.17174311716,-0.474329359856902,0.637979488445109,0.9025312903494,-4.59531455907482
"U00947_s_at",-1203.57119933445,21307.7308829075,-0.47428400267767,0.638011531994296,0.9025312903494,-4.5953145701001
"HG3063-HT3224_at",-44.2096420528166,-1320.52048155511,-0.473962655671141,0.638238574598379,0.902673398544435,-4.59531464818263
"Z16411_s_at",-40.2179565086095,-754.89533189731,-0.473656928158653,0.638454614251602,0.902779567081225,-4.59531472242189
"U88964_at",172.748882164748,-888.690675222933,0.473458008233819,0.63859519640674,0.902779567081225,-4.59531477070014
"U17280_at",-46.8722157241869,-698.134241161599,-0.47331900850373,0.638693439338772,0.902779567081225,-4.59531480442388
"U33837_at",71.6815995539014,-853.764209750841,0.473123557211685,0.638831592547275,0.902795895056405,-4.5953148518274
"U60873_at",54.8219488256843,-978.675610884024,0.472820400661144,0.639045902158675,0.90284343857896,-4.59531492531523
"U72649_at",41.4711040623727,-724.62412672268,0.472717784321182,0.639118451542082,0.90284343857896,-4.59531495017992
"M36205_at",60.5275676489534,-366.207745120555,0.472210521855381,0.639477137018718,0.90294801593027,-4.5953150730159
"S79781_at",-65.5798126500385,-34.9899301442618,-0.472149510077734,0.639520284377396,0.90294801593027,-4.5953150877815
"D31888_at",-66.4326560431165,-74.2402788587134,-0.471903337377471,0.639694389903696,0.90294801593027,-4.59531514733943
"U18549_at",203.810343421745,867.344889282995,0.471652551826449,0.63987177908851,0.90294801593027,-4.59531520798218
"U63541_at",73.3851177011278,-198.480735654451,0.471584075121051,0.63992021872232,0.90294801593027,-4.59531522453514
"L43338_at",49.5036831918341,-679.462498092375,0.471538839388241,0.639952218834887,0.90294801593027,-4.59531523546874
"L12760_s_at",-210.766236593156,683.428192763794,-0.471091764898202,0.640268520287903,0.903215592121274,-4.5953153434728
"X80754_at",113.853236871421,1022.51341754572,0.470757828313682,0.640504821976471,0.903370230521008,-4.59531542407975
"Z33905_at",-60.5209021605015,-754.221576288652,-0.470177713419985,0.640915415566221,0.9037705810565,-4.59531556397747
"U26266_s_at",231.325091476299,486.845144052977,0.469965632378125,0.641065550773303,0.903803567134129,-4.59531561507986
"Z37987_s_at",-50.4112978890146,-695.586190187188,-0.469504938676994,0.641391735047581,0.903954521905615,-4.59531572600956
"X01715_at",-70.6806224158022,-281.246995289413,-0.469368980571572,0.641488011024197,0.903954521905615,-4.59531575872639
"HG732-HT732_at",51.0942182834308,-536.963312764187,0.469277330376869,0.641552914789555,0.903954521905615,-4.59531578077578
"U09609_at",110.1051189057,-1269.7315650321,0.468752708120273,0.641924490463858,0.904002008672075,-4.5953159069095
"X12662_rna1_at",42.1896113587527,-886.940094025587,0.468742827911938,0.641931489241592,0.904002008672075,-4.59531590928366
"M90657_at",105.012137849877,46.4573073496441,0.468692797909802,0.641966929170578,0.904002008672075,-4.59531592130481
"M81757_at",1950.05188113987,2700.41446092882,0.468085708336038,0.642397042908934,0.904429084498244,-4.59531606707569
"AFFX-BioB-M_st",72.1524268482092,-625.102374855718,0.467815299633049,0.642588663528558,0.904520284173341,-4.59531613194526
"U40271_s_at",78.0094796613532,-965.834491556216,0.46745557114204,0.642843617468544,0.904700579468756,-4.59531621818539
"X89398_cds2_at",474.013615100566,4927.39110782054,0.467035355179868,0.643141496698436,0.904941202240835,-4.59531631884449
"U57317_at",283.648286136464,-893.695505065683,0.466691506602488,0.643385285631187,0.904997906942157,-4.59531640114463
"U52696_s_at",573.611058911813,1425.77398939325,0.466620523797474,0.643435617472548,0.904997906942157,-4.59531641812699
"U58522_at",-101.812549721537,-441.886747140555,-0.456881960358432,0.650426993435062,0.908471787443186,-4.59531650566529
"D80004_at",-87.7947918615267,271.318714846509,-0.46591705913174,0.643934515737512,0.905059911205542,-4.59531658629165
"U31501_at",-96.7181210129123,37.9380117489183,-0.465910807975644,0.643938949815813,0.905059911205542,-4.5953165877849
"HG742-HT742_at",-68.8564257916589,-1006.68864295417,-0.465890224555528,0.643953550167702,0.905059911205542,-4.59531659270161
"U18088_s_at",-189.354317388989,761.391903483592,-0.465842535818068,0.643987377570736,0.905059911205542,-4.59531660409208
"X64838_at",38.8073753277789,-690.441833719091,0.465468743331536,0.644252549104193,0.905254172938326,-4.5953166933331
"U51010_s_at",57.3455447512612,-596.054571615771,0.464807992867286,0.6447214062064,0.905583267172159,-4.5953168509126
"D37984_s_at",-34.6926405796304,-813.433676373718,-0.464780744580333,0.644740744276125,0.905583267172159,-4.59531685740622
"U72209_at",-287.842382069274,2553.29509052539,-0.464371682305726,0.645031085212665,0.905812656292145,-4.59531695484646
"HG3994-HT4264_at",83.0168595813615,410.085168038942,0.463936746261665,0.645339852367543,0.906067825798966,-4.59531705835794
"D49728_at",160.338836854269,221.610878675551,0.463364352699402,0.645746299432644,0.90646001205791,-4.59531719443878
"M83186_at",-90.0627067110216,345.965515659923,-0.463081910188156,0.645946897669868,0.906563142547496,-4.59531726152614
"M99564_at",-33.1668016491433,-948.663586354782,-0.462060045991995,0.646672876601604,0.907200844941695,-4.59531750391114
"U50361_s_at",40.6850638786941,-745.508277248365,0.461940669953784,0.646757709622138,0.907200844941695,-4.59531753219284
"U13948_at",-35.0006800279854,-733.999768847644,-0.461905177115228,0.646782933064588,0.907200844941695,-4.59531754060017
"U00001_s_at",115.354367653355,-421.306638274549,0.461626171021955,0.646981227031576,0.907219811850085,-4.59531760666745
"D86963_at",57.9667031201762,446.490749733963,0.461528148538392,0.64705089932261,0.907219811850085,-4.59531762986943
"D89501_at",52.6647170844839,-587.067186163837,0.461343476564205,0.64718216896285,0.907225485919812,-4.59531767356831
"X87871_s_at",337.64261791296,-3946.70639789117,0.461046699212023,0.647393149930569,0.907342875816606,-4.59531774375883
"U18671_rna1_at",-35.7384348307678,-537.473139157094,-0.460218688849646,0.647981943669913,0.90798963260172,-4.59531793935726
"X85372_at",150.25648001084,-117.797135679533,0.459874960813396,0.648226434131775,0.908153772454555,-4.59531802045413
"U62015_at",-44.1558066103236,-647.387664105486,-0.459567807836055,0.648444942479834,0.908175393378207,-4.59531809287159
"Y09615_at",-70.8197274263247,-1316.89076994402,-0.459327356903581,0.648616021024856,0.908175393378207,-4.5953181495297
"M63623_at",-41.5320886990425,-528.034356526173,-0.459198226140286,0.648707904291587,0.908175393378207,-4.59531817994516
"S59049_at",62.2261196515542,-363.042898746532,0.459026459463806,0.648830133850351,0.908175393378207,-4.59531822039013
"D83195_at",-125.023712847112,-3355.19961845029,-0.458672301635157,0.649082184415876,0.908175393378207,-4.59531830373504
"X96401_at",66.4563501538454,-138.016733747141,0.45854941493299,0.649169651414096,0.908175393378207,-4.5953183326396
"HG4120-HT4392_s_at",101.492858208457,-884.242701375366,0.458452216195812,0.649238838067349,0.908175393378207,-4.59531835549664
"U76388_at",-1241.64213602545,1145.4174899648,-0.458421483351392,0.649260714548043,0.908175393378207,-4.59531836272273
"X72790_at",-49.1555794715271,-198.107711155923,-0.45802036273714,0.649546272033006,0.90839663970727,-4.59531845699307
"U33147_at",-92.8277011261752,48.8068066533853,-0.457618378177181,0.649832498286451,0.908471787443186,-4.59531855138549
"X78932_at",-134.736927804728,530.287171478242,-0.457324691609871,0.650041646780323,0.908471787443186,-4.59531862029655
"X00038_at",35.6271527121139,-790.77988605589,0.457030596147853,0.650251115202057,0.908471787443186,-4.59531868926019
"S74683_at",101.080320710909,-44.7614085484503,0.456956937350484,0.650303582913251,0.908471787443186,-4.59531870652595
"M29994_s_at",129.083920304879,922.269688657001,0.456824941034349,0.650397609383816,0.908471787443186,-4.59531873745931
"HG3638-HT3993_s_at",-45.5885593321409,-258.332215639146,-0.456692738005362,0.65049178890547,0.908471787443186,-4.59531876843236
"AFFX-HSAC07/X00351_5_at",1848.95524317393,32492.1031029608,0.45632091264499,0.650756703017233,0.908496254526037,-4.59531885549807
"X06661_at",-2829.78049390181,37145.3091856477,-0.456310517412964,0.650764109959192,0.908496254526037,-4.59531885793119
"HG4740-HT5187_at",-45.7853762911999,-871.268634317951,-0.456040044953723,0.650956843014344,0.90858744324433,-4.59531892121936
"M83221_at",139.330892902803,-781.414417837089,0.455308559129359,0.651478206146177,0.908640982084548,-4.59531909219668
"Y00815_at",-223.105192381256,728.866042647646,-0.455308487133681,0.651478257469492,0.908640982084548,-4.5953190922135
"L41349_at",-38.8775564919113,-803.156891384546,-0.455066411658772,0.651650834699757,0.908640982084548,-4.59531914873703
"M88468_at",199.929569056625,586.116099742655,0.454993283217281,0.651702972273527,0.908640982084548,-4.5953191658064
"Z27113_at",-2020.91770286962,28573.6146246854,-0.454909414070685,0.651762769708698,0.908640982084548,-4.59531918537953
"Z15114_at",-198.069942069272,-588.647038134245,-0.454515011316103,0.652044004138363,0.908640982084548,-4.59531927737672
"U13666_at",56.1097444401264,-914.742246923165,0.454432353294501,0.652102951127406,0.908640982084548,-4.59531929664738
"AB005535_s_at",-75.4857126696944,-1276.93453644559,-0.454418815416133,0.652112605785939,0.908640982084548,-4.59531929980324
"X54304_at",-108.486955724672,369.49208628648,-0.454377609969557,0.652141992190256,0.908640982084548,-4.5953193094082
"S81957_at",-37.3689185745296,-1017.95235065736,-0.453753587462935,0.652587093682527,0.909083525112345,-4.59531945476328
"M26602_at",71.3530742222107,-20.9399961817289,0.452977600412303,0.653140767603405,0.909660256340168,-4.59531963524317
"S81914_at",-40.1032972576552,-424.612367740835,-0.452662249112246,0.653365830464118,0.909660256340168,-4.59531970850152
"U83598_at",-51.8834678577374,-415.690058013161,-0.452525070561183,0.653463743571318,0.909660256340168,-4.5953197403535
"L42374_s_at",-49.4666507882252,-574.621681612022,-0.452450416973326,0.653517031219827,0.909660256340168,-4.59531975768361
"M63904_at",-368.738013397926,-325.3503044773,-0.452279663035984,0.653638922098867,0.909660256340168,-4.59531979731197
"M23114_at",-61.3403388412866,-57.731547716067,-0.451573418804601,0.654143169057885,0.909842016034851,-4.59531996106078
"D10922_s_at",87.2685122617404,-279.276186921611,0.451510398254969,0.654188172693475,0.909842016034851,-4.59531997566047
"D38047_at",-248.604469320053,4108.60630274609,-0.451190821620024,0.654416405840508,0.909842016034851,-4.59532004966466
"D82061_at",73.1616019374623,-4.85966821514083,0.451184805114958,0.654420702990945,0.909842016034851,-4.5953200510574
"U77846_rna1_at",-160.846134520679,227.653349387835,-0.451071855485748,0.654501376877193,0.909842016034851,-4.59532007720048
"U40705_at",49.8125444718652,-346.481458792603,0.450732878204269,0.654743515430276,0.909842016034851,-4.59532015562096
"X74794_at",-117.084474253072,712.921399823572,-0.450559228236767,0.654867571861312,0.909842016034851,-4.59532019577156
"X71129_at",92.158623834224,-488.497256562678,0.450521993821685,0.654894173609445,0.909842016034851,-4.59532020437876
"U52840_at",161.483086232464,-2493.19339598869,0.450488878122143,0.654917833166021,0.909842016034851,-4.59532021203329
"J00129_at",-45.4847429518457,-330.797741415117,-0.449812882945356,0.655400877561021,0.90999245288907,-4.59532036816586
"U37359_at",-60.7943885909846,-497.027185786379,-0.449710670186734,0.655473928565078,0.90999245288907,-4.59532039175366
"U46569_at",-158.604959846913,538.761968357032,-0.449683197242668,0.655493563940588,0.90999245288907,-4.59532039809274
"X01703_at",408.801481722812,67.9043595058414,0.449606313769437,0.655548515169124,0.90999245288907,-4.59532041583074
"M74542_at",-77.3056341622193,-629.596517676649,-0.449444502180435,0.655664173740575,0.90999245288907,-4.59532045315305
"U59057_at",1344.34474584541,2365.37899987303,0.427892233045619,0.671278551322181,0.915762477121871,-4.59532060377346
"HG3521-HT3715_at",174.072813805002,1629.95879639086,0.448616600054965,0.656256070227632,0.910260082752756,-4.59532064390526
"X16135_at",-2582.03626273017,40705.1194347638,-0.448018320888495,0.656683940885685,0.910260082752756,-4.59532078153706
"Z15108_at",-56.1100071759389,-576.193694892989,-0.447817519400347,0.656827574120025,0.910260082752756,-4.59532082769036
"D90209_at",449.340717134861,5337.73463124507,0.447794766200275,0.65684385030794,0.910260082752756,-4.5953208329188
"D00003_at",45.1681501266265,-665.075209503634,0.447713221138944,0.656902183833741,0.910260082752756,-4.59532085165484
"D78611_at",286.643768796512,340.255035059353,0.447359832312403,0.657155006809077,0.910260082752756,-4.59532093281192
"D14657_at",-304.664161514735,2198.88953654191,-0.446832783639836,0.657532146079461,0.910260082752756,-4.59532105373409
"U80017_rna3_at",-63.2532594302004,-414.414378394535,-0.446719854045049,0.657612966706959,0.910260082752756,-4.59532107962567
"D14695_at",-110.431925152847,-150.098959917912,-0.446712450004301,0.657618265722177,0.910260082752756,-4.59532108132299
"X73608_at",-55.5907178787611,-1112.9599941192,-0.446679382882135,0.657641931826488,0.910260082752756,-4.59532108890301
"Y10204_at",-33.3364397342883,-835.359625875361,-0.446450749720718,0.657805574101329,0.910260082752756,-4.59532114129789
"Z83799_at",-50.044826987262,-535.725217132744,-0.446385772454325,0.657852084149279,0.910260082752756,-4.59532115618366
"HG3893-HT4163_at",41.3949001335137,-613.777290482047,0.446276756690277,0.657930119587228,0.910260082752756,-4.59532118115352
"U65579_at",63.2411620402481,-694.219507645531,0.446151951775636,0.658019461941107,0.910260082752756,-4.59532120973254
"X51417_at",-79.3567777214348,-694.72972609815,-0.446048358100408,0.658093623958569,0.910260082752756,-4.59532123344846
"U83461_at",-126.951241938797,-1826.55573089225,-0.445812964763714,0.658262153476607,0.910260082752756,-4.5953212873175
"S75578_s_at",199.249408898698,1231.24990858001,0.445743443512134,0.658311930570324,0.910260082752756,-4.5953213032219
"HG2841-HT2968_s_at",42.1383684478739,-732.950575636851,0.445662058826827,0.65837020386265,0.910260082752756,-4.59532132183722
"U31176_at",-89.5850445497312,47.5016354203331,-0.445397918826573,0.658559348997955,0.910260082752756,-4.59532138223166
"X99920_at",91.2508770667091,-1096.17594174856,0.445360745724849,0.658585969703434,0.910260082752756,-4.59532139072832
"M13699_at",40.3814918583224,-806.623770516042,0.445233406082349,0.658677164619807,0.910260082752756,-4.59532141982906
"U10117_at",-1711.24017247957,30938.7020119674,-0.445213768857392,0.658691228385675,0.910260082752756,-4.595321424316
"Z25884_at",-1371.28752703598,17293.3048892774,-0.445071787133162,0.658792916433456,0.910260082752756,-4.59532145675187
"D31716_at",72.1440393991819,-293.399118746674,0.444797951114076,0.658989057739784,0.910354701809842,-4.59532151928137
"J03069_rna1_at",-224.04449198374,3406.9590598778,-0.444483571336771,0.659214269517149,0.910392169265507,-4.59532159102242
"U30185_at",-55.3910742751389,-1401.59879572887,-0.444403670052354,0.659271513404442,0.910392169265507,-4.59532160924787
"AFFX-DapX-3_at",40.9234751929233,-982.824658720278,0.444085890937399,0.659499201269398,0.910485355001151,-4.5953216817014
"L35546_at",41.4729288584265,-576.88078253917,0.443953100771385,0.659594354779967,0.910485355001151,-4.59532171196248
"M63167_at",92.452989689023,-816.775579192838,0.44373923323078,0.659747617982604,0.910520662634788,-4.59532176068136
"U82321_at",-89.1304472943478,-1688.852073929,-0.443300241302979,0.66006225786825,0.910778630197077,-4.59532186061139
"Z71389_at",2985.21668796201,10231.3175705673,0.443103781887123,0.660203087017703,0.91079671377892,-4.59532190530109
"U10550_at",-65.7720301280771,-277.393316506965,-0.442720858805172,0.660477615978758,0.910823216508338,-4.59532199235095
"U57057_at",-38.7893490929855,-771.112296561772,-0.442720668497133,0.660477752428077,0.910823216508338,-4.59532199239419
"U46692_rna1_at",313.369095804844,1951.64005010358,0.44221173112037,0.660842698372377,0.911150286560986,-4.59532210797672
"Z80783_at",-46.2116198928316,-632.671373159384,-0.441271742624085,0.661516960479498,0.911903623657316,-4.59532232111098
"U03270_at",-118.855435719604,-1749.52662784784,-0.440529770733241,0.662049385253794,0.912286908399098,-4.59532248903294
"J04617_s_at",2634.8598689376,11426.9600817578,0.440527702567016,0.662050869578647,0.912286908399098,-4.59532248950061
"AB000896_at",45.9090553113371,-1063.51394844733,0.440296936595332,0.66221649920636,0.912334725313723,-4.59532254167053
"M81933_at",-33.7983539072244,-696.625391636824,-0.440122864232237,0.66234144901825,0.912334725313723,-4.59532258100585
"X17059_s_at",47.8912803500139,-614.40325183097,0.439448167681874,0.66282584114129,0.912825622475577,-4.59532273332374
"U12387_s_at",37.9572724471656,-667.573354038699,0.438667481349513,0.663386510680529,0.912979365080441,-4.5953229092839
"U31215_s_at",-67.8530960804594,-1299.29751630246,-0.438634046290399,0.66341052729091,0.912979365080441,-4.59532291681303
"M64098_at",70.3161896196807,-724.031903832752,0.438432038719116,0.663555638232898,0.912979365080441,-4.59532296229052
"L29217_at",-218.367550313316,-3646.30898701283,-0.438353069551418,0.663612368835047,0.912979365080441,-4.59532298006309
"M18000_at",1167.97953189958,40814.0591022589,0.438199476907302,0.663722713884423,0.912979365080441,-4.5953230146212
"U52426_at",-131.61970077097,826.679305023662,-0.437969546615173,0.66388791610903,0.912979365080441,-4.59532306633298
"X82676_at",-54.8377904657359,-375.450388573179,-0.43776896602536,0.664032044790861,0.912979365080441,-4.59532311142225
"M30185_at",-53.7514283128305,-1253.26413261624,-0.437707652582862,0.664076104602537,0.912979365080441,-4.59532312520108
"U41815_at",44.5115011371063,-440.918172433715,0.437605823519608,0.664149281588633,0.912979365080441,-4.59532314808073
"M64929_at",207.568762066517,1624.70299823818,0.437510517520163,0.664217773949983,0.912979365080441,-4.59532316949001
"M62800_at",106.6723085627,9.44875633224775,0.43679457422468,0.664732385103195,0.913382921046683,-4.59532333017142
"X02751_at",-84.9562367685133,362.543012643092,-0.436745667629623,0.664767544556483,0.913382921046683,-4.59532334113827
"D63861_s_at",96.2286060771669,-372.945731979396,0.436306308745226,0.665083438553212,0.913533498621579,-4.59532343960646
"M37763_at",-41.6312212802129,-371.592350147862,-0.436236896470857,0.665133350840448,0.913533498621579,-4.59532345515411
"M94167_at",-41.4489050941794,-894.475766857731,-0.435698624901196,0.665520458178691,0.913889156031628,-4.59532357563921
"L02840_at",-42.4454886526265,-574.520279364277,-0.435335948448245,0.665781335532427,0.913900842115757,-4.59532365673741
"D28235_s_at",71.856955432395,68.9287624870646,0.435220381222933,0.665864473209182,0.913900842115757,-4.59532368256553
"D32202_at",-47.3592319468826,-293.350207437905,-0.435152309892147,0.665913444907232,0.913900842115757,-4.59532369777564
"HG3925-HT4195_at",201.942053213423,-1303.12916737799,0.434640189456467,0.666281920730283,0.914015602096183,-4.595323812131
"X96381_rna1_at",-89.4236063059149,-915.322526308994,-0.434394493258067,0.666458731365594,0.914015602096183,-4.59532386694756
"U64197_at",-276.546647582427,2179.37228890879,-0.434166443717377,0.666622860162836,0.914015602096183,-4.59532391779984
"AD001527_cds1_at",32.9020541255748,-457.521076658518,0.43416152882736,0.666626397625157,0.914015602096183,-4.59532391889551
"U37519_at",74.1081878757202,-91.1337333463168,0.434145492831207,0.666637939489868,0.914015602096183,-4.59532392247032
"X05196_at",87.7712346679186,-731.668749658524,0.433514880270883,0.667091886209607,0.914462176193907,-4.59532406294634
"U03272_at",73.4131717917632,149.997614598635,0.433212701508804,0.667309454651532,0.914584609094768,-4.5953241301891
"X99076_rna1_at",-226.115452344782,-1069.40419010535,-0.432871913392063,0.667554856695599,0.914745135106902,-4.59532420596832
"M57293_at",38.6909271269427,-1017.28585152428,0.432633935690362,0.667726246728948,0.914774369393685,-4.59532425885147
"J05096_rna1_at",29.7859819903563,-669.828205634886,0.432486061643305,0.667832753760135,0.914774369393685,-4.59532429169751
"M12174_at",-125.052836191185,472.842455430132,-0.432155500476964,0.668070867268654,0.914793555319157,-4.59532436508255
"X63629_at",31.3977596525056,-737.90638432335,0.432110439785926,0.668103328579746,0.914793555319157,-4.59532437508182
"U20582_at",37.4504716165467,-568.19974962635,0.431801830643272,0.668325665140167,0.914922311022179,-4.59532444353681
"AF000430_at",31.3932944764822,-765.102601734704,0.431554844263374,0.668503627561815,0.914990281793341,-4.59532449828824
"X52479_at",116.167146373208,393.114882767392,0.431224930392086,0.668741372395718,0.915050555109356,-4.59532457137494
"Y00636_at",42.6056601662347,-877.66309050921,0.431137609182805,0.668804304197162,0.915050555109356,-4.59532459071026
"U32674_s_at",-156.388868089256,592.630468124568,-0.430951963456769,0.668938105849239,0.915058053483776,-4.5953246318046
"HG4178-HT4448_at",62.4623587767987,-469.616694242586,0.430187881968929,0.669488922335691,0.915635885150712,-4.59532480075812
"HG2261-HT2351_s_at",-226.701399690008,-994.96251927171,-0.4297051201605,0.669837034453451,0.915741159003723,-4.59532490735473
"L42324_at",67.5041713682176,40.0613807857725,0.429507175363057,0.66997979073054,0.915741159003723,-4.59532495102817
"U60319_at",-152.102990978353,-2196.97959735125,-0.418288592706705,0.67815404220988,0.919057954428336,-4.59532508372826
"L13434_at",74.189985467966,479.805610036582,0.428836466707999,0.67046359283175,0.915741159003723,-4.59532509886285
"U79302_at",38.1442694147718,-789.340606440887,0.428832589107979,0.670466390273424,0.915741159003723,-4.59532509971687
"U23430_s_at",-173.921224591363,1202.2987387389,-0.428604971100846,0.670630610505679,0.915741159003723,-4.5953251498355
"X52773_at",183.850642318139,1587.60707895648,0.428575211785975,0.670652082255768,0.915741159003723,-4.5953251563862
"U09410_at",-51.0679864960549,-744.066393944051,-0.428502613209889,0.670704464288444,0.915741159003723,-4.59532517236492
"HG3565-HT3768_r_at",298.952556192282,-2499.4015351881,0.428475697218358,0.670723885400109,0.915741159003723,-4.59532517828837
"D38145_at",-46.3631321063419,-32.5860555976013,-0.428368162517282,0.670801478858814,0.915741159003723,-4.59532520195008
"U67614_at",-39.1887995108457,-716.272771995247,-0.428278708807969,0.670866028457752,0.915741159003723,-4.59532522162885
"L19783_at",-37.4074713246231,-583.537905268151,-0.428122877397716,0.670978482091495,0.915741159003723,-4.59532525590031
"Z71460_at",-3068.28418488158,28971.1033639758,-0.427629861007703,0.67133431117773,0.915762477121871,-4.59532536424713
"U37547_at",-72.7128762640302,-369.185154913387,-0.427567448749238,0.671379361995953,0.915762477121871,-4.5953253779543
"U35407_at",-62.3128152923016,-680.376204828396,-0.427134475828648,0.671691927096726,0.915868461307251,-4.59532547299117
"U50950_at",414.162167757902,318.78329593171,0.427043171220891,0.671757847844705,0.915868461307251,-4.59532549302033
"U92457_s_at",-105.062795619078,-1736.42717907048,-0.426926111512548,0.671842367283443,0.915868461307251,-4.59532551869314
"X82153_at",-32.0950754424408,-726.193940747587,-0.426524481346348,0.672132385045345,0.916088692232101,-4.59532560672372
"D28364_at",54.9167375610927,-366.668393883661,0.425871926144095,0.672603704361292,0.916422633963581,-4.59532574957954
"U45255_s_at",-77.5546693876028,-665.319786343534,-0.425829402558631,0.672634422404345,0.916422633963581,-4.59532575888126
"HG1098-HT1098_at",-37.4942658451097,-1049.30872880786,-0.425644374610742,0.672768088878111,0.916429654592132,-4.59532579934412
"X67325_at",-90.7585167820757,-1437.88414083088,-0.425225401853288,0.6730707997073,0.916634745547253,-4.59532589090348
"L11353_at",-52.7057560138147,-812.762737746899,-0.4250801826851,0.673175734459537,0.916634745547253,-4.59532592261801
"U18009_at",-120.737184712494,-741.904332506645,-0.424724157756217,0.673433024548882,0.91681002253877,-4.59532600032562
"J04162_at",-47.7321180044991,-370.52371716653,-0.424367569494381,0.673690761582559,0.916985840970649,-4.59532607809214
"D31885_at",161.766068668302,1330.23098657364,0.423662676246163,0.674200365812445,0.917293302208901,-4.59532623163017
"M94362_at",470.989241920985,2912.53603112316,0.423244639466951,0.674502659943424,0.917293302208901,-4.59532632256756
"AB003102_at",-71.2698958944541,724.728662679797,-0.42284101640601,0.6747945829574,0.917293302208901,-4.59532641028589
"K02405_f_at",106.855647956104,16.0789746071338,0.422824350746932,0.674806637598587,0.917293302208901,-4.59532641390602
"U26591_at",95.7499364286792,-1219.72639658916,0.422715613601953,0.674885291719431,0.917293302208901,-4.59532643752262
"L40393_at",-32.6110417370217,-560.429229921002,-0.422636795106885,0.674942306739338,0.917293302208901,-4.59532645463747
"U79274_at",-208.665719565322,984.27079104036,-0.422598173244525,0.674970245385919,0.917293302208901,-4.59532646302278
"D30756_at",-30.3068771435434,-511.866622192255,-0.42256180430844,0.674996554715322,0.917293302208901,-4.59532647091825
"S69232_at",-31.9438935045369,-557.785756040874,-0.422062803529229,0.67535757414002,0.917293302208901,-4.59532657918099
"D43642_at",-203.294540661768,3476.59964123294,-0.421926339095709,0.67545631759817,0.917293302208901,-4.59532660876633
"U90546_at",-857.53014567736,7961.08181008997,-0.421912131498165,0.675466598319933,0.917293302208901,-4.59532661184598
"X70944_s_at",398.497011426719,-2130.04460100989,0.421877876055489,0.675491386068311,0.917293302208901,-4.5953266192708
"D80002_at",147.513530754427,2994.98275918994,0.421743125929172,0.675588896816877,0.917293302208901,-4.59532664847197
"D79996_at",138.453236762131,1211.07629034106,0.421253055646315,0.675943579606631,0.917600164891469,-4.59532675459599
"J03810_at",31.3200771585706,-624.194769920873,0.420183630484265,0.676717823536486,0.918156696040558,-4.595326985758
"U52960_at",-32.7835756970411,-925.607814434747,-0.420169430638735,0.676728106353686,0.918156696040558,-4.59532698882349
"X81817_at",259.576172209693,151.755125583039,0.420153267036781,0.676739811301244,0.918156696040558,-4.5953269923128
"D87673_at",108.506683638751,1024.35521043909,0.419512734909403,0.677203720965989,0.918578318857584,-4.5953271304813
"HG4411-HT4681_at",59.7984552385173,-1495.81366149209,0.419368497156605,0.67730820369558,0.918578318857584,-4.59532716156613
"M74524_at",262.744798324075,3189.70062530969,0.418618093654977,0.67785188400631,0.918985940293025,-4.59532732311707
"M87507_s_at",-52.5669460270559,-642.305060384666,-0.418597916892526,0.677866504829801,0.918985940293025,-4.59532732745691
"X83107_at",169.318586376426,1245.10836904061,0.418159123559946,0.678184501798589,0.919057954428336,-4.59532742178666
"U52153_at",38.1670686522639,-754.188048555224,0.417991120951869,0.678306270390735,0.919057954428336,-4.59532745787737
"D86982_at",-31.5489606274311,-334.986254300362,-0.417505133240557,0.678658564334602,0.919360604534584,-4.59532756219821
"M21642_s_at",-32.4764378485762,-770.154579571764,-0.41724871333165,0.67884447333069,0.919437785246182,-4.59532761719261
"U56998_at",203.879366615495,-1314.36552368265,0.41667452474839,0.67926084395691,0.919827018278907,-4.59532774021859
"HG4724-HT5166_at",-64.0037537347065,-783.344538326767,-0.416443159160452,0.679428646592928,0.919879566898456,-4.5953277897441
"U41518_at",46.8462579524747,-600.270378059551,0.416047353330314,0.679715751183569,0.920093588020127,-4.59532787440664
"U34587_at",-36.4532583275085,-613.952672566428,-0.4156967455802,0.679970110915307,0.920263211413371,-4.59532794933532
"D25216_at",146.755776893063,1754.73515752716,0.415252142443515,0.680292717108627,0.920525116831427,-4.59532804426264
"M32598_at",-862.636910509015,13891.3897484715,-0.415003599957883,0.680473087264948,0.92059449540625,-4.59532809728553
"X13956_at",51.9515001934385,-512.682485466869,0.414824421661148,0.680603130819264,0.920595775013689,-4.59532813549126
"D21239_at",35.1975916448611,-991.979425707365,0.414617081673538,0.680753625817613,0.92061695218468,-4.59532817968161
"U60666_at",74.1740989636381,-1215.78689553999,0.414338465208864,0.680955876722948,0.92061695218468,-4.59532823902894
"D87443_at",50.2329965763987,-842.003831331434,0.414269298548012,0.681006089296619,0.92061695218468,-4.59532825375588
"X95191_at",-174.898148591022,-2838.67688153762,-0.413676747809636,0.681436320603431,0.921023957964948,-4.59532837982255
"HG3437-HT3628_s_at",43.7700983673744,-685.555154390816,0.413305712814367,0.681705771598392,0.921213541267412,-4.59532845867095
"X87176_at",48.6325381361723,-584.1926043047,0.412911997628407,0.681991739447711,0.921230624717107,-4.59532854226313
"U82532_at",-212.941601159472,-3323.09705772488,-0.412635339499441,0.682192713457531,0.921230624717107,-4.59532860095537
"U61397_s_at",-66.5291396826553,-266.134754401566,-0.41262000561599,0.682203853205299,0.921230624717107,-4.59532860420728
"L26584_s_at",65.2296820296836,-1140.33827189155,0.412576911673694,0.682235160444684,0.921230624717107,-4.59532861334573
"D50924_at",-30.4002566355332,-438.471445647878,-0.412243732888466,0.682477230084544,0.921383023046741,-4.59532868396755
"Y10511_at",33.3321540693506,-764.135652710855,0.411542097306922,0.682987111532469,0.921896856395616,-4.5953288325056
"X66436_at",106.746832491086,535.161750395116,0.411162015522264,0.683263381360918,0.9219607314861,-4.5953289128661
"X98482_r_at",2553.31892719976,8437.26166108703,0.411121254906938,0.683293011625865,0.9219607314861,-4.59532892147976
"X13451_s_at",113.918935820993,-510.530528908752,0.410550364925942,0.683708064088555,0.922214890388007,-4.59532904203395
"L42354_at",-90.7072151049782,-159.970930048679,-0.410480997555687,0.683758502819269,0.922214890388007,-4.59532905667096
"L34409_at",31.3417994429181,-656.993053833665,0.410328557686671,0.683869350774335,0.922214890388007,-4.59532908882834
"L07738_at",78.7407355559715,-1188.99308085701,0.409928006277972,0.684160648919007,0.922370769170841,-4.59532917326922
"U47928_at",130.757638273377,-900.650146578025,0.409813906538697,0.684243636083824,0.922370769170841,-4.59532919730794
"U08815_at",77.1172770225615,-1313.8026407085,0.409456913093527,0.684503310608882,0.922546419949336,-4.59532927247745
"M77235_at",1592.28667131238,30273.6494746292,0.409277078778603,0.68463413551959,0.922548378758541,-4.59532931031948
"D28588_at",-40.3705467795902,2.29922426418435,-0.408824388348771,0.684963499895575,0.92281781933787,-4.59532940550553
"U43203_s_at",69.6461533464748,-863.498830335895,0.408621072878604,0.685111446586267,0.922842789121018,-4.59532944822248
"D25274_at",-152.034315757554,1341.35986396243,-0.408341346345281,0.685315015887938,0.922942658790725,-4.5953295069594
"U07695_at",-78.948358309809,138.433934472454,-0.407846398260554,0.685675269588173,0.922960239899752,-4.59532961079168
"U78027_rna3_at",1015.70050459168,2435.22913952289,0.4078038157761,0.685706267216085,0.922960239899752,-4.59532961971903
"M86400_at",-531.302561858321,1339.53165380331,-0.407789953486945,0.685716358293211,0.922960239899752,-4.59532962262504
"M62302_at",37.6273338262017,-708.577846936943,0.406598209379709,0.686584108197467,0.923627923929924,-4.59532987209244
"U20230_at",-162.670348613347,120.037832204312,-0.40657575465086,0.68660046238691,0.923627923929924,-4.595329876786
"X77584_at",348.376894498082,1635.41886652638,0.40653425184601,0.686630690039863,0.923627923929924,-4.59532988546037
"U24389_s_at",-34.2028821527132,-662.706361011054,-0.406362405978772,0.686755855734859,0.923627923929924,-4.59532992136806
"M92357_at",89.8974110829818,503.727552626264,0.406017818587872,0.68700686639489,0.923627923929924,-4.59532999332566
"D16481_at",202.435261928486,1405.41906890579,0.406002661065468,0.687017908539292,0.923627923929924,-4.59532999648952
"M16652_s_at",-305.90874627172,2063.67160281455,-0.405863792139352,0.687119076770193,0.923627923929924,-4.59533002547045
"S82075_at",-45.534810656868,-495.334614607558,-0.405447478206388,0.687422403032762,0.923752142767692,-4.59533011229374
"U48213_at",-167.444034213554,-2252.21900712324,-0.405293534309642,0.687534579784459,0.923752142767692,-4.59533014437694
"L07590_at",34.0653802540732,-646.378696822212,0.405185425723022,0.687613361265801,0.923752142767692,-4.59533016690053
"U03057_at",-194.348024409195,-720.411696803979,-0.404977777301248,0.687764689852403,0.923752142767692,-4.59533021014589
"L32140_at",31.4222926261252,-818.513971976976,0.404642036500379,0.688009396231388,0.923752142767692,-4.59533028002198
"D63390_at",42.5623934669987,-553.698426207893,0.40458671515211,0.688049720736548,0.923752142767692,-4.59533029153028
"X73113_at",81.5758028717395,-515.989514334503,0.404370304516479,0.688207474338557,0.923752142767692,-4.59533033653453
"U27185_at",-28.6986884977755,-807.731956585851,-0.404162296219366,0.68835911631169,0.923752142767692,-4.59533037976915
"U33920_at",46.4564342266571,-609.358559758799,0.404137285417979,0.688377350535341,0.923752142767692,-4.59533038496618
"U04806_s_at",69.703720249779,-589.584613763578,0.40366411423176,0.688722353337201,0.923898142590066,-4.59533048322759
"Z19574_rna1_at",-368.505328192891,-1251.65349491087,-0.403632686226895,0.688745270790743,0.923898142590066,-4.59533048975011
"U17579_rna1_at",158.821543428359,-1459.31161806671,0.402489008555038,0.6895794480629,0.924320730813499,-4.59533072676727
"L00205_at",-39.6103368983427,-622.720087076245,-0.402194510688156,0.68979431292826,0.924320730813499,-4.59533078769233
"L22005_at",96.0502627674311,-1418.63749213562,0.401960418724563,0.689965124361827,0.924320730813499,-4.59533083608948
"U07000_cds4_at",75.4519510384176,-52.032979712469,0.401955912533083,0.689968412585582,0.924320730813499,-4.59533083702084
"M16653_at",289.41669867547,349.260042431414,0.401882505660029,0.690021979347534,0.924320730813499,-4.59533085219141
"M37981_at",69.6115918490871,-646.326370564597,0.40182237715267,0.690065857769712,0.924320730813499,-4.59533086461579
"X54162_at",34.89460085588,-763.998819346427,0.401762395612597,0.690109630022869,0.924320730813499,-4.59533087700798
"D63478_at",79.878868878255,1170.28418791657,0.40151806396313,0.69028794513253,0.924320730813499,-4.59533092746813
"U73167_cds3_at",67.6054778742423,-434.187749649619,0.401347116129255,0.690412714802348,0.924320730813499,-4.59533096275487
"U09284_at",45.5956077046047,-880.215646189766,0.401271388025217,0.690467989258711,0.924320730813499,-4.5953309783818
"D87467_at",-45.8059874050196,-186.786067822732,-0.401210859855618,0.690512170414283,0.924320730813499,-4.59533099087006
"L49173_f_at",37.9293459715529,-595.890006392237,0.401068973169116,0.69061574165956,0.924320730813499,-4.59533102013706
"J03915_s_at",53.9905525634209,-645.122697135249,0.400757420192264,0.690843183211461,0.924451630602538,-4.59533108436546
"Z14093_at",262.826671624081,2042.8889680405,0.400092637857909,0.691328588142172,0.924759122797353,-4.59533122125001
"U72514_at",230.020055453713,2414.501884839,0.399832143361674,0.691518829723866,0.924759122797353,-4.59533127482719
"X79067_at",-157.752961378423,-287.52412931861,-0.39968766321988,0.691624353662737,0.924759122797353,-4.59533130452834
"Y07847_at",-136.001238687409,-1870.50336638611,-0.399654312771969,0.691648712709035,0.924759122797353,-4.59533131138278
"HG896-HT896_at",-45.2089792775992,-1228.12641759765,-0.399327968891241,0.6918870906033,0.924759122797353,-4.59533137842576
"X82103_at",-70.7774931178638,-734.368114634004,-0.399126902742028,0.692033975185124,0.924759122797353,-4.59533141970531
"U85707_at",38.5215607763206,-304.323895957388,0.399050664324143,0.692089672683767,0.924759122797353,-4.59533143535195
"HG3510-HT3704_at",-32.947014608904,-681.522641005179,-0.398879366341073,0.692214824162821,0.924759122797353,-4.59533147049726
"U84569_at",129.605691872203,-669.747615239699,0.398844763597597,0.692240106225252,0.924759122797353,-4.59533147759493
"X80923_at",48.0967721232174,216.596826266309,0.398078716244464,0.692799900448176,0.92497706030887,-4.59533163457035
"S72043_rna1_at",102.621407047986,-774.185717067817,0.397952505551559,0.692892146506192,0.92497706030887,-4.59533166040448
"X96924_rna1_at",-211.832239484714,-19.4419270098684,-0.397830450140027,0.692981360017253,0.92497706030887,-4.59533168538039
"X89211_at",45.2784150953892,-770.458722633122,0.397798865808294,0.693004446557328,0.92497706030887,-4.5953316918422
"U90547_at",-63.5654424256407,-661.885958722353,-0.397734074479312,0.693051806651282,0.92497706030887,-4.5953317050962
"M57471_at",-45.2600929470971,-515.66774024003,-0.397490919570766,0.693229555127923,0.925041159733761,-4.59533175481812
"AC002077_at",-87.0727565673778,-1530.00195366672,-0.396622391883185,0.693864600179593,0.925551201822804,-4.59533193217621
"X96969_at",225.724887306408,1815.31195885158,0.396613137483211,0.693871367963078,0.925551201822804,-4.59533193406395
"D89377_s_at",65.2153376360629,-483.31927484644,0.396254085572071,0.694133963804751,0.925582967476575,-4.59533200727116
"X72925_at",-74.0428109704389,-1768.02840924972,-0.396225630463345,0.694154776337782,0.925582967476575,-4.59533201307009
"M95678_at",104.440994210206,2125.26501304913,0.395843796207647,0.694434079369183,0.925782280796718,-4.59533209084535
"U92459_at",-27.116252151768,-799.746704211852,-0.395665180565802,0.694564747445327,0.925783404492079,-4.59533212720199
"S79048_at",33.6427330509227,-719.981441833268,0.394963781341654,0.695077954404944,0.926227229679219,-4.59533226981339
"J05200_rna1_s_at",-58.8016975984102,-611.583220636678,-0.394827452893593,0.695177721474843,0.926227229679219,-4.59533229750338
"L32976_at",-68.5200087917592,-308.583741822905,-0.394649409425142,0.695308024446731,0.926227229679219,-4.59533233365202
"L11701_s_at",55.6740566685291,-990.657218309128,0.394169541802683,0.695659267171614,0.926227229679219,-4.59533243100099
"X94703_at",-31.154464449833,-965.567854703542,-0.394037747785477,0.695755746686936,0.926227229679219,-4.59533245771716
"AB000462_at",51.0335445539141,-475.838435448213,0.393952043634443,0.695818488967032,0.926227229679219,-4.59533247508567
"U80034_at",-80.7467735199955,-65.0292383601713,-0.393757887504132,0.695960634761862,0.926227229679219,-4.59533251441892
"U08998_at",-47.8725508343242,-582.89498600736,-0.393621957346237,0.696060158706264,0.926227229679219,-4.59533254194508
"L10284_at",-333.134158333101,5564.53866748254,-0.393613006984312,0.696066712081186,0.926227229679219,-4.59533254375722
"S77893_s_at",-201.519157223074,1216.90447887955,-0.393417741279348,0.696209689755986,0.926244645083944,-4.59533258328171
"X17360_rna1_at",-55.3803117881734,-640.640571397936,-0.393171674041945,0.696389881374528,0.926311554575967,-4.59533263306165
"L40403_at",-39.3763657225212,-932.588016677214,-0.392473797483038,0.696901023588453,0.926559465745542,-4.59533277407694
"U79301_at",-30.4278172741257,-759.067638722467,-0.392385645874608,0.696965598212686,0.926559465745542,-4.59533279187162
"M29277_s_at",-185.27355086001,784.442390722159,-0.392200742705352,0.697101054691386,0.926559465745542,-4.59533282918423
"AF003743_at",-116.524860917312,-219.80235878615,-0.391994041781503,0.697252491669344,0.926559465745542,-4.59533287087503
"U85992_at",-40.1447975421986,-202.307813200512,-0.391903385178715,0.69731891411043,0.926559465745542,-4.59533288915331
"L01042_at",-29.2522355153325,-692.157592095492,-0.391852958172837,0.697355862102977,0.926559465745542,-4.59533289931865
"D49958_at",-29.6620344870321,-599.085266382193,-0.391425615409803,0.697669007160169,0.926802848371677,-4.59533298541302
"L25085_at",257.195525637639,2210.33887331626,0.390765662688341,0.698152707599212,0.927272668632889,-4.5953331181884
"U89278_at",107.641369677079,-496.003737934028,0.390038931216265,0.698685499847565,0.927518778840436,-4.5953332641439
"X04297_at",-68.1595474353001,-429.479009883608,-0.389895938997278,0.698790350628587,0.927518778840436,-4.59533329283074
"Z21966_at",-41.340834910485,-1011.07837742435,-0.389735720983907,0.698907839531362,0.927518778840436,-4.59533332496107
"U63825_at",73.4633685913279,-659.232347005402,0.389677453239569,0.698950569503993,0.927518778840436,-4.59533333664295
"M81758_at",-1814.66721015806,38719.2102086453,-0.389625937078117,0.69898834910791,0.927518778840436,-4.59533334696979
"L09749_at",-39.7826692710373,-1000.01581455392,-0.388950683676428,0.699483620804284,0.928003293014949,-4.5953334822057
"D31766_at",-47.0193099588473,278.48323262759,-0.388452452818048,0.69984913873213,0.928013378510228,-4.59533358184053
"M19720_rna2_at",53.0217989281254,-219.365417300581,0.388443857196352,0.699855445387138,0.928013378510228,-4.59533358355836
"J00277_at",-31.6830456782626,-761.411596234044,-0.388408160521583,0.699881636464452,0.928013378510228,-4.5953335906919
"U96191_at",46.2034431902242,-467.280968098106,0.387873252592746,0.700274149254124,0.928084103675582,-4.5953336975094
"X71490_at",-532.78067212044,6800.94494872953,-0.387663209457366,0.700428300637942,0.928084103675582,-4.59533373941398
"J03910_rna1_at",-56.4451767713898,-747.586633990555,-0.387549123535648,0.70051203406873,0.928084103675582,-4.59533376216529
"Y10518_at",-30.7606421572837,-723.62799004533,-0.387450034674882,0.700584763468811,0.928084103675582,-4.5953337819205
"D83174_s_at",420.186492520469,1468.08161495195,0.387047134001079,0.700880514541139,0.928084103675582,-4.59533386219503
"U79256_at",-128.180563836859,-895.632258700083,-0.386946213387686,0.700954603162654,0.928084103675582,-4.59533388228973
"M24400_at",-212.052865942397,-1753.12921500301,-0.38650807322737,0.701276288293148,0.928084103675582,-4.59533396946972
"M25753_at",34.3880446790507,-588.168482755628,0.386501167750947,0.701281358781266,0.928084103675582,-4.59533397084298
"X58528_s_at",-65.039258529321,-147.049000161652,-0.386179268113235,0.70151773556234,0.928084103675582,-4.59533403483066
"L39009_at",-31.4381901772308,-902.197168529582,-0.386049769880962,0.701612836953521,0.928084103675582,-4.5953340605577
"U11861_at",154.119638580662,381.176668799767,0.385826405820575,0.701776883300363,0.928084103675582,-4.59533410491284
"X86816_at",-106.591373757915,-257.029005842103,-0.38574020040104,0.701840199429362,0.928084103675582,-4.59533412202456
"M55513_s_at",74.5430650699119,-286.689352405766,0.385699195466078,0.701870317476347,0.928084103675582,-4.59533413016269
"X12517_at",-167.841549526562,89.2857846878109,-0.385595736654893,0.701946309941238,0.928084103675582,-4.59533415069208
"X14346_at",114.100845880961,374.777524379478,0.385444719505295,0.702057240474002,0.928084103675582,-4.59533418064877
"S70004_at",-50.2419636433715,-1301.9822602953,-0.385229727087055,0.702215175803588,0.928084103675582,-4.59533422327605
"U79262_at",-71.5314984620745,1204.04383250135,-0.384837030417559,0.702503688763064,0.928084103675582,-4.59533430107693
"HG2090-HT2152_s_at",112.046883599625,-1299.18202931239,0.384755217899429,0.702563801765041,0.928084103675582,-4.59533431727575
"X04434_at",-187.906170418422,-77.4438878746867,-0.38468834275894,0.702612940736755,0.928084103675582,-4.59533433051447
"U76638_at",-69.4381948800228,-594.780626424212,-0.384667421896621,0.702628313376022,0.928084103675582,-4.59533433465553
"HG3123-HT3299_at",45.0541388791664,-573.808382480405,0.384613304204111,0.702668079616389,0.928084103675582,-4.59533434536653
"U44105_at",-29.4514189619063,-565.555776902312,-0.297713719850678,0.767586957476808,0.950783844670335,-4.59533437100846
"M31659_at",-42.4420273588682,-602.646885429832,-0.383676732481237,0.703356416165709,0.928720246817211,-4.59533453049818
"U96915_at",-137.969271689736,96.6824854260701,-0.383529661450742,0.703464529506133,0.928720246817211,-4.59533455952927
"Y09392_s_at",-135.057957428486,583.727137573272,-0.383289722619983,0.703640924249186,0.928720246817211,-4.59533460686847
"U89336_cds7_at",71.13482252258,-508.649558449325,0.38324927388404,0.703670662397054,0.928720246817211,-4.595334614846
"X00949_at",42.4834507532397,-819.659174230081,0.37038022704384,0.713211124867125,0.932460695435994,-4.59533469820613
"M30269_at",51.8311250727847,-492.145142083406,0.382802770697332,0.703998965465997,0.928843930219015,-4.59533470285292
"U00954_at",-200.426588272861,869.937639538538,-0.382767524893505,0.704024883303012,0.928843930219015,-4.59533470979566
"X02750_at",73.1100904535415,-430.724802771371,0.382034542652841,0.704563959344444,0.929138203353928,-4.59533485403622
"L27560_at",-44.671102438247,-827.831559525604,-0.381941232600985,0.704632595844308,0.929138203353928,-4.59533487237878
"U97105_at",-66.6158708721414,-491.516171628717,-0.381932775278053,0.704638816959479,0.929138203353928,-4.59533487404107
"D86640_at",-32.7834850714644,-639.17228613264,-0.381137488366882,0.705223913148518,0.929737793429855,-4.59533503019334
"L33930_s_at",84.3973927094975,-1116.49030402228,0.38095701598582,0.705356712756001,0.929740983117014,-4.59533506558394
"HG658-HT658_f_at",848.631973314841,1507.30504025459,0.380618052844616,0.705606162145644,0.929855645421229,-4.59533513200994
"HG4108-HT4378_at",111.400770787676,835.86573486766,0.380484446148635,0.705704494884265,0.929855645421229,-4.59533515817661
"U13991_at",-73.970831055766,-438.709554702238,-0.37990908093724,0.706128014350886,0.930241801281391,-4.59533527075762
"D87073_at",-47.1665859103499,-3.09321033888069,-0.379616544338865,0.706343383358455,0.930353651039738,-4.59533532793356
"HG2442-HT2538_at",42.7001138671622,-345.448771896933,0.378914345277818,0.706860450635394,0.93048961730857,-4.59533546500051
"U26712_at",-32.139619109688,-805.267504200837,-0.378887218793628,0.706880428161649,0.93048961730857,-4.59533547029049
"U95626_rna1_at",35.6402348823565,-566.590657578357,0.378842191410667,0.706913589418038,0.93048961730857,-4.59533547907054
"M74290_at",46.6274185787206,-795.478916525418,0.378767562809317,0.706968552317744,0.93048961730857,-4.59533549362038
"D17525_at",-98.0458267331466,345.562908750993,-0.378501028477041,0.70716486401531,0.930576240135298,-4.59533554556173
"L02785_at",34.9242771049026,-735.86891014663,0.377044637491761,0.708237903358667,0.931481964284791,-4.59533582874243
"J03260_s_at",-38.3408541517695,-490.479994042124,-0.376945344406654,0.708311082456792,0.931481964284791,-4.59533584800982
"D64159_at",-30.6774504187406,-728.450191042679,-0.376932489432042,0.708320556790078,0.931481964284791,-4.59533585050391
"U53786_at",70.4086751964957,-212.793837594137,0.376695066098535,0.708495550232779,0.931481964284791,-4.59533589655306
"U28686_at",-124.362633642242,1195.12496889728,-0.376680529756491,0.708506264798865,0.931481964284791,-4.5953358993715
"L37199_at",66.53844609753,-494.004015461517,0.376338885066361,0.70875810433501,0.931601406568642,-4.5953359655821
"S83366_cds3_at",31.6692339756135,-520.371434930483,0.376202840294701,0.70885839742553,0.931601406568642,-4.59533599193105
"HG331-HT331_at",-33.5035695960495,-1075.66675220731,-0.375151597282814,0.709633557467125,0.931822662662793,-4.59533619521771
"X76105_at",88.056253617656,166.859883675715,0.374887486960209,0.709828354918853,0.931822662662793,-4.59533624620259
"Z11518_s_at",45.2540199059718,-927.864346697992,0.374800230197273,0.709892716431914,0.931822662662793,-4.5953362630392
"AC002450_at",-28.7745328752337,-794.949029812356,-0.374660810835666,0.709995558097335,0.931822662662793,-4.59533628993282
"M65217_at",-180.472335854923,-2910.02669643604,-0.37449750336056,0.710116027639224,0.931822662662793,-4.59533632142185
"U64520_at",-123.240340685355,1061.26717409222,-0.374371387171081,0.710209066868158,0.931822662662793,-4.59533634573039
"X68487_at",97.0267303428998,761.868355646674,0.374369756166109,0.710210270132834,0.931822662662793,-4.59533634604471
"M28214_at",-43.7164492695819,-607.585864977181,-0.374209062678241,0.710328824525837,0.931822662662793,-4.59533637700609
"X78342_at",1062.51841315252,13891.9883897754,0.37412620181341,0.710389959407266,0.931822662662793,-4.59533639296608
"U51096_at",97.2018918306926,-282.600849747903,0.373953943564028,0.710517058026776,0.931822662662793,-4.5953364261339
"S59184_at",-131.176033231278,22.9483044504173,-0.373769025963566,0.710653506509582,0.931822662662793,-4.5953364617225
"Z93784_at",2174.1748243105,16667.1804009918,0.373713601052015,0.71069440576669,0.931822662662793,-4.595336472386
"X83492_s_at",70.5063980078921,6.31192000856135,0.373536243382212,0.710825287699447,0.931822662662793,-4.59533650649836
"X52282_s_at",38.5064570368321,-621.618158742222,0.373303277393095,0.710997219527074,0.931822662662793,-4.59533655128199
"D50922_at",-34.0424818843484,-329.580089556555,-0.373113780038028,0.711137082233999,0.931822662662793,-4.59533658768922
"U79667_s_at",-49.984311963083,-911.873981044313,-0.372944573201087,0.711261977622345,0.931822662662793,-4.59533662018274
"M91036_rna1_at",85.665707528281,865.258357068102,0.372898823296938,0.711295748044293,0.931822662662793,-4.5953366289658
"L25286_s_at",-60.1839417648686,-294.079870914148,-0.372786246460027,0.711378849465186,0.931822662662793,-4.59533665057376
"X67697_at",-50.0889092989174,-260.326024372014,-0.372606922318584,0.711511229450639,0.931824899396237,-4.59533668497989
"L18960_at",108.208907598329,1861.65516431904,0.372003268837639,0.71195692267951,0.932237388106424,-4.59533680068033
"K03204_f_at",-139.616957574513,232.513472039728,-0.371471082530464,0.712349934718562,0.932460695435994,-4.59533690252954
"U25826_at",-46.9969211190861,-726.847642232876,-0.371136902044166,0.712596762887179,0.932460695435994,-4.59533696641117
"Z36715_at",157.005248265068,-1238.24123800506,0.370927643989866,0.712751338368887,0.932460695435994,-4.5953370063839
"Z31695_at",-36.0299514030946,-529.968364057891,-0.370874842351209,0.712790344009455,0.932460695435994,-4.59533701646661
"U32907_at",-65.8569079992449,-870.488728203469,-0.370544158444019,0.713034644674244,0.932460695435994,-4.59533707958009
"U79287_at",-109.404642080552,-817.029870457042,-0.370457937337629,0.713098347616429,0.932460695435994,-4.59533709602691
"U27109_at",-30.4285752930991,-668.217237947715,-0.370275274961534,0.713233311361213,0.932460695435994,-4.5953371308576
"M61916_at",-69.7215587471982,-206.520860038297,-0.370179177993785,0.713304318272801,0.932460695435994,-4.5953371491749
"X03072_at",-56.9700228201394,416.364130449534,-0.369657438002189,0.71368988170298,0.932538768109051,-4.59533724854338
"D42138_at",-41.6812286499745,-337.230536522601,-0.369442352151239,0.713848851291657,0.932538768109051,-4.59533728946754
"U03397_s_at",-391.228989646904,2622.16278942984,-0.369417645711863,0.713867112606527,0.932538768109051,-4.5953372941669
"AC000061_cds3_at",-32.4835561725128,-1053.60119881669,-0.36939056156911,0.713887131553402,0.932538768109051,-4.59533729931817
"L20861_at",-32.8155799104585,-477.874959340213,-0.368987277865119,0.714185238500553,0.932753323627207,-4.59533737597666
"M73047_at",38.6325768638421,-588.251982782139,0.368814478390446,0.714312985602044,0.932753323627207,-4.59533740879812
"U51333_s_at",209.030868544075,2318.16477938487,0.368529657629738,0.71452356590944,0.932857478670856,-4.59533746286378
"L36922_at",74.5388533686886,822.800827981698,0.367409040805667,0.715352305692541,0.933768495678841,-4.59533767518343
"D64154_at",58.8960982445533,948.675219840345,0.367095807474162,0.715584016393361,0.93390000382523,-4.59533773441675
"M14483_rna1_s_at",1947.31414475032,8166.66600334636,0.366070528590072,0.716342644947894,0.934565181102178,-4.59533792795158
"AB000410_s_at",31.3451836804836,-840.448671514142,0.366052739859347,0.71635580983095,0.934565181102178,-4.59533793130472
"D86980_at",-25.4943584954321,-762.902109431771,-0.365175886091795,0.717004850469105,0.934903441784499,-4.59533809639105
"U24183_s_at",-26.6065868617557,-606.531199534868,-0.364935257302097,0.717182999302033,0.934903441784499,-4.59533814162627
"U79300_at",46.5143622796332,-722.361542190675,0.364825088425811,0.717264567853243,0.934903441784499,-4.59533816232683
"X80915_rna1_at",56.3456599780476,316.045032945908,0.364786282868272,0.717293300115865,0.934903441784499,-4.59533816961687
"U28687_at",-83.6252340487351,-220.711244807221,-0.364670771310709,0.717378829203765,0.934903441784499,-4.59533819131242
"U47926_at",-103.511986605449,-1532.33258507136,-0.364593534244262,0.717436020479195,0.934903441784499,-4.59533820581542
"Z34897_at",-76.1709608678647,-1319.45549389208,-0.364446121048252,0.717545179231382,0.934903441784499,-4.59533823348716
"X95237_at",-38.2096398437448,-776.310774227827,-0.364285771959668,0.717663923759409,0.934903441784499,-4.59533826357463
"AB000409_at",53.0965071706519,-749.498019966388,0.363113852899566,0.718531989099308,0.935527760539158,-4.59533848307399
"U23028_at",51.0977481117465,75.6453701196335,0.363033114639515,0.718591807569353,0.935527760539158,-4.59533849817051
"M62810_at",-90.951343549833,-1877.10261367892,-0.362604344591125,0.718909510647517,0.935527760539158,-4.59533857828688
"M55419_at",-28.3684380963054,-676.749903037323,-0.362296794391028,0.719137425328018,0.935527760539158,-4.59533863569562
"D79984_s_at",257.69826841778,1493.34603661091,0.362292799783784,0.719140385762446,0.935527760539158,-4.59533863644095
"U86529_at",57.7124351775102,463.675871276755,0.362254012143744,0.719169131811332,0.935527760539158,-4.59533864367774
"U66617_at",-97.9515598314823,497.116125939742,-0.362097214304545,0.719285341037921,0.935527760539158,-4.59533867292445
"S72008_at",69.1299505638719,68.2529010600901,0.361861850844279,0.719459791093906,0.935527760539158,-4.59533871680218
"U12404_at",1265.55704906034,5726.21621562479,0.361713924961788,0.719569440693048,0.935527760539158,-4.59533874436491
"M17254_s_at",106.95643927111,-1729.0289486717,0.361655018414549,0.719613106658258,0.935527760539158,-4.59533875533775
"M76665_at",39.9433433883285,-636.833557750802,0.361648336935898,0.719618059533061,0.935527760539158,-4.59533875658224
"M13149_at",34.4685651963764,-410.479336854782,0.361514231713965,0.719717472208361,0.935527760539158,-4.59533878155572
"M86826_at",-69.4884783187093,-872.134408416188,-0.361238620294156,0.719921799403369,0.935622808738004,-4.59533883285225
"L20814_at",-26.6626897906027,-669.002114575242,-0.360959411156393,0.720128815018633,0.935721315579059,-4.59533888477903
"Z29064_at",1506.06325691104,22114.5301969158,0.360333006899898,0.720593331104853,0.936154316653071,-4.59533900113241
"M16967_at",-33.8389232963172,-548.434474761147,-0.359679572922451,0.721078005632334,0.936216996965996,-4.59533912229407
"L40400_at",39.9079229173911,-272.771759636701,0.359650716272491,0.721099412293255,0.936216996965996,-4.59533912763976
"U71598_at",-27.6274749381043,-526.776378636633,-0.359327247179418,0.721339386158108,0.936216996965996,-4.59533918753334
"U27333_s_at",101.077087570464,-1246.98076471115,0.359302198631969,0.721357970257685,0.936216996965996,-4.59533919216911
"L16896_at",75.3244506856825,-825.057665504778,0.35912505452343,0.721489402471778,0.936216996965996,-4.59533922494436
"X91117_rna1_at",31.2980208908481,-621.09859197197,0.359053314898373,0.721542632177765,0.936216996965996,-4.5953392382131
"S78693_f_at",33.7675552016254,-511.390478861671,0.359029103831502,0.721560596736098,0.936216996965996,-4.59533924269051
"L44140_cds4_s_at",-108.90642052759,39.5978192775256,-0.358845350699013,0.721696946361726,0.936223562762501,-4.59533927666275
"D16181_at",29.3834816652779,-659.509037807489,0.358105055603083,0.722246357783201,0.936562275901006,-4.59533941335456
"M90696_at",41.6615777243185,-977.64564406513,0.358061931921954,0.722278366700818,0.936562275901006,-4.59533942130855
"U65581_at",-131.375005793853,8.977724938647,-0.357809378263359,0.722465836941824,0.936562275901006,-4.59533946787208
"L25798_at",-39.0273064131221,-639.263062126711,-0.357785727720162,0.72248339359577,0.936562275901006,-4.59533947223089
"Y09022_at",-72.7359158246486,-1134.33917976272,-0.357418573996137,0.722755964574694,0.936571038770882,-4.59533953986111
"Y09321_at",33.872963860264,-569.672774299942,0.357089508528023,0.7230002903355,0.936571038770882,-4.5953396004172
"HG2604-HT2700_at",-64.068666625986,-1206.15324515506,-0.356907304409818,0.723135586565509,0.936571038770882,-4.59533963392354
"M57710_at",-59.2569087693043,-262.211286338287,-0.356694739263628,0.72329343884467,0.936571038770882,-4.59533967299178
"X55448_cds2_at",-25.7459008872242,-752.594863941325,-0.356662968536133,0.723317033048235,0.936571038770882,-4.59533967882909
"U88902_cds1_f_at",51.8809153116915,-1012.58362372605,0.356592472617461,0.723369387092807,0.936571038770882,-4.59533969177962
"M59488_at",433.57411858669,3417.59558980912,0.356536903747052,0.723410656460773,0.936571038770882,-4.59533970198619
"M61853_at",-26.74187588537,-660.175384241123,-0.356312732838138,0.723577150102225,0.936571038770882,-4.59533974314463
"U90336_at",198.552189439754,1476.43704764508,0.356023756106754,0.723791795649665,0.936571038770882,-4.59533979616395
"X59710_at",72.5740735889027,-1181.32413646862,0.355785220102058,0.723968991957378,0.936571038770882,-4.59533983989679
"X12530_s_at",-32.950641816081,-666.383613368953,-0.355288359130238,0.72433813417328,0.936571038770882,-4.59533993089769
"U59919_at",32.6167688417544,-665.330745619897,0.355202816715418,0.724401694528484,0.936571038770882,-4.59533994655226
"X89426_at",125.020227438233,-1639.75510730745,0.35516509317779,0.724429724777029,0.936571038770882,-4.59533995345463
"X89985_at",78.6371823514376,-142.255799071733,0.3548453322017,0.724667336679509,0.936571038770882,-4.59534001193297
"U39447_at",32.6513249162527,-985.42212285266,0.354754844532201,0.724734582372939,0.936571038770882,-4.59534002847205
"X91648_at",-201.721956190895,1865.76873504615,-0.354347083761234,0.725037636195097,0.936571038770882,-4.59534010294976
"U39231_at",81.8136017975568,-645.246053230081,0.35434471204596,0.725039399019964,0.936571038770882,-4.59534010338271
"M29458_at",53.155645972005,-330.533997229287,0.354265331654371,0.725098400959576,0.936571038770882,-4.59534011787165
"HG831-HT831_at",29.6958888178241,-445.236973605155,0.354153231476152,0.725181725786912,0.936571038770882,-4.59534013832733
"M16505_at",-33.2409790646943,-313.198790917264,-0.354079326415534,0.725236661773704,0.936571038770882,-4.5953401518098
"U78876_at",79.9735244513449,-217.818431684105,0.353767927030366,0.725468151009557,0.936571038770882,-4.59534020858774
"U31875_at",-186.321790011596,713.488340408518,-0.353730846310564,0.725495717951891,0.936571038770882,-4.59534021534544
"U19261_at",40.102623342147,-735.52790115773,0.353710389025627,0.725510926682142,0.936571038770882,-4.59534021907334
"U81375_at",67.3748090950007,-723.996767796595,0.353507185752732,0.725662001900824,0.936596513222583,-4.59534025609119
"L07594_at",-32.0849053868203,-787.181322220525,-0.35322912284807,0.725868750881417,0.93662003161641,-4.5953403067123
"M85169_at",-50.5156089939619,-529.241760225323,-0.353006015053993,0.726034653938808,0.93662003161641,-4.59534034730046
"U50822_rna1_s_at",56.7704293432144,-47.2218569754181,0.352910299891069,0.72610583187533,0.93662003161641,-4.59534036470538
"HG3491-HT3685_at",94.0626479908882,-1879.12849016885,0.352776140189411,0.726205602973935,0.93662003161641,-4.59534038909323
"S63912_at",-44.3002246192279,-645.280068566156,-0.352316690520885,0.726547320392341,0.936891309533053,-4.59534047254369
"U20860_at",27.3181647792309,-724.403056731378,0.352016552109014,0.726770580027167,0.936908435340849,-4.59534052700027
"S83249_at",74.3751745881263,-1851.05860571695,0.351641333185524,0.727049722659478,0.936908435340849,-4.59534059501489
"M22489_at",-44.9481950034627,-344.070395807952,-0.351586370418271,0.727090615157325,0.936908435340849,-4.59534060497179
"X53777_at",1154.89242702384,2211.48668389741,0.351577399501145,0.727097289628891,0.936908435340849,-4.59534060659679
"HG3033-HT3194_r_at",374.364186956538,-1158.19619769765,0.351268105898601,0.727327421002175,0.936908435340849,-4.59534066259748
"M55067_at",43.7571493145779,-212.56318777309,0.351239222790526,0.727348912922022,0.936908435340849,-4.59534066782457
"M21188_at",1028.7681273284,11351.0351769921,0.350535419756246,0.727872681636733,0.937413778716189,-4.59534079506346
"X57959_at",805.666515394996,1439.51852301615,0.35023133707851,0.728099020229787,0.937535954001193,-4.59534084995991
"M33317_f_at",39.5146926322951,-695.883816873334,0.349624135062674,0.728551054140231,0.937845229010499,-4.59534095943819
"AB000905_at",-30.4813384933371,-509.363664473439,-0.349555388015702,0.728602239337844,0.937845229010499,-4.59534097182144
"U55764_at",-39.2927092234825,-318.831709140108,-0.349210277531303,0.728859208269443,0.938006680052229,-4.59534103394907
"X66141_at",-71.225915217332,-771.373695832649,-0.34886640026323,0.729115290463913,0.938166931847377,-4.59534109579444
"M61764_at",31.4934126014178,-756.77399305367,0.348471883080613,0.729409122443746,0.938375690446753,-4.59534116667315
"M60315_at",33.2500685468596,-966.361841423806,0.34809676602216,0.729688543759765,0.938545016775894,-4.59534123399302
"HG1428-HT1428_s_at",2311.80275403161,7157.26983748451,0.347699349217485,0.729984616679317,0.938545016775894,-4.59534130523679
"X65867_at",43.8904018846064,-428.866606745942,0.347597273017822,0.730060669538294,0.938545016775894,-4.59534132352273
"M61855_at",33.8237901423072,-740.934170772598,0.347569381852021,0.730081450601161,0.938545016775894,-4.59534132851823
"HG3286-HT3463_at",128.394842609122,-274.303419301758,0.347411866571186,0.730198815463842,0.938545016775894,-4.59534135672289
"L28175_at",-76.3267743564901,-706.112579072015,-0.346738243726974,0.730700806920754,0.938785326538502,-4.59534147719927
"J05125_at",28.6483567142808,-874.227660008336,0.346637337871767,0.730776013456006,0.938785326538502,-4.59534149522624
"AF012270_at",37.9491640312517,-509.293264684156,0.34663101687927,0.730780724669082,0.938785326538502,-4.59534149635531
"X78933_at",-26.6146584635146,-622.912796925452,-0.346180252040419,0.731116719571585,0.939047789492971,-4.59534157682036
"D15049_at",46.8347829735906,-709.034601679184,0.345701484571047,0.731473646057819,0.939337037644212,-4.59534166217086
"X82634_at",39.4167272868203,-753.670547013375,0.345055389703667,0.731955412795501,0.93978646896736,-4.59534177716612
"M20543_at",30.9311272258283,-482.420393480486,0.344737961359706,0.73219214650867,0.939843339349323,-4.59534183358582
"U62433_at",42.4746828482505,-819.319091967395,0.344642560750945,0.732263300157739,0.939843339349323,-4.5953418505323
"X82895_at",79.2856418150727,55.5653765584722,0.344107349073694,0.732662527131695,0.940186518081,-4.59534194551868
"U53347_at",96.7790823075632,951.837173177762,0.343070914808787,0.733435841635054,0.941009533411221,-4.59534212904473
"X94453_at",-95.4552296463664,-1477.30234648406,-0.342735805472041,0.733685936935241,0.941161075064797,-4.59534218826707
"HG2239-HT2324_at",175.479654456814,-3403.01842289606,0.341927939129645,0.734288976092184,0.941672864678283,-4.59534233080255
"M59916_at",-63.4025830346345,-363.239757173391,-0.341642236480875,0.73450228224503,0.941672864678283,-4.59534238113083
"M18737_rna1_at",95.4647692124739,-1936.930126587,0.341615242812173,0.734522436872294,0.941672864678283,-4.59534238588378
"M21259_at",-184.737065938791,-312.616479634837,-0.341366979993891,0.734707809423137,0.941672864678283,-4.59534242957965
"M29581_at",59.0587706152422,-938.635236595124,0.340856277083275,0.735089190927494,0.941672864678283,-4.59534251936801
"U20647_at",-38.3423764226886,-94.366984832906,-0.340812667393034,0.735121760817674,0.941672864678283,-4.59534252702902
"X97335_at",139.296456525642,0.328554263019163,0.340739413526216,0.735176471571133,0.941672864678283,-4.5953425398955
"X59350_at",-70.0773964545168,-969.712771361113,-0.340483324848459,0.735367746235285,0.941672864678283,-4.59534258485407
"U78180_at",44.6886004890413,-410.547895432515,0.340474551253104,0.735374299605641,0.941672864678283,-4.59534258639376
"D42038_at",-28.5737232064338,-961.78736417187,-0.340432862865819,0.735405438703318,0.941672864678283,-4.59534259370917
"M21305_at",-127.113225711984,-1989.81985049608,-0.339660983245732,0.735982075029776,0.941977085869266,-4.59534272899743
"U85193_at",-98.0467019928318,-397.082970364422,-0.339466364090918,0.736127490625175,0.941977085869266,-4.59534276306068
"D79986_at",-171.624283352863,2738.528064298,-0.339337573586467,0.736223725756368,0.941977085869266,-4.59534278559165
"L27841_at",-73.8026413483993,758.944661045573,-0.339127391158823,0.736380787985828,0.941977085869266,-4.5953428223434
"D82344_at",-26.4934866964696,-495.678548953534,-0.339086452613877,0.736411381310931,0.941977085869266,-4.59534282949916
"HG2007-HT2056_s_at",70.4717880157172,-604.524468638354,0.339054046572386,0.736435598614662,0.941977085869266,-4.59534283516289
"X51466_at",1183.12084486509,3172.75053792984,0.338586853654064,0.736784766005403,0.942254692680152,-4.59534291675657
"L36818_at",-61.5732481072889,264.700596373416,-0.338199584028564,0.737074243729105,0.94245587807643,-4.59534298430765
"U64573_s_at",24.637887578278,-648.609819762963,0.337887457482168,0.737307581465586,0.942474741060661,-4.59534303869602
"M33195_at",58.3240461857771,-174.518308311698,0.337826268423222,0.73735332777695,0.942474741060661,-4.59534304935245
"D14838_at",-59.1267125276598,-787.666893239843,-0.337353169621334,0.737707059692016,0.942661124829493,-4.59534313168105
"D88795_at",34.9621084321688,-656.9522709636,0.337277649570285,0.737763530735297,0.942661124829493,-4.59534314481248
"Z97054_xpt2_at",-29.7715653086798,-615.208307814425,-0.335910175388168,0.738786330641326,0.94345932739389,-4.59534338208657
"L40377_at",43.6685202169256,-1117.30894186423,0.335811204120342,0.738860374708424,0.94345932739389,-4.59534339922237
"U39657_at",-26.3873884167039,-971.711576074808,-0.335417062664888,0.739155271489945,0.94345932739389,-4.59534346741419
"K02054_at",-30.4522039307323,-705.232020646434,-0.335347709736449,0.739207165505314,0.94345932739389,-4.59534347940501
"HG3148-HT3324_s_at",-43.4504322540509,-117.438327859487,-0.335028817283037,0.739445795832864,0.94345932739389,-4.59534353450855
"HG4102-HT4372_at",-29.5101185131764,-330.607142363393,-0.334626165268281,0.739747141522117,0.94345932739389,-4.59534360401145
"HG4660-HT5073_at",-51.7903614978944,105.032518660317,-0.334540510719011,0.739811250943994,0.94345932739389,-4.59534361878587
"U49082_at",52.6370530722596,601.610495387602,0.334346760169719,0.739956273360313,0.94345932739389,-4.5953436521918
"X97302_at",72.2050942851902,-850.361443587958,0.33381489418269,0.740354424812644,0.94345932739389,-4.59534374379636
"U20428_at",148.117306810501,-2464.56529300222,0.333798558387691,0.740366654829206,0.94345932739389,-4.59534374660764
"D86519_at",-36.2577320246107,-314.217562899288,-0.333722424923205,0.740423654089782,0.94345932739389,-4.59534375970786
"X96849_at",77.5736010448239,-1064.71302350593,0.333502841075475,0.740588059439784,0.94345932739389,-4.59534379747493
"X99688_at",93.2125465559316,500.015529103895,0.333365132154537,0.740691170228951,0.94345932739389,-4.59534382114749
"J04182_at",34.1485690374692,-619.626892165086,0.333106618028628,0.740884748079165,0.94345932739389,-4.5953438655607
"M55268_at",-61.4942595940132,-356.521401571812,-0.332999934485012,0.740964638710341,0.94345932739389,-4.59534388387921
"L15309_at",-30.9973884626066,-480.98899417021,-0.332683443634256,0.741201661926369,0.94345932739389,-4.59534393818937
"M14745_at",50.7246656652658,-1236.63464374878,0.332600554893076,0.741263742368674,0.94345932739389,-4.59534395240472
"U49742_at",85.2576669867045,-522.748514247912,0.332467378093555,0.7413634902777,0.94345932739389,-4.59534397523712
"U52969_at",-31.1649568687382,-701.403047451473,-0.332203119341532,0.741561430459554,0.94345932739389,-4.59534402051599
"X17651_at",37.9217550293706,-531.943388513826,0.332190092976097,0.741571188178776,0.94345932739389,-4.59534402274705
"X74328_rna1_at",57.7626904810066,-192.0700681596,0.332181035974407,0.741577972573983,0.94345932739389,-4.59534402429821
"U86755_s_at",-116.431256434464,625.376289480745,-0.332069072477541,0.741661843623231,0.94345932739389,-4.59534404347037
"X67155_at",44.9295807475931,-297.034266923572,0.332055960019466,0.741671666279917,0.94345932739389,-4.59534404571527
"M86873_s_at",-140.760921347313,-1265.73537168569,-0.332031234724703,0.741690188332906,0.94345932739389,-4.59534404994811
"D50678_at",31.4025240274491,-1005.59507683166,0.331976124681743,0.741731472571988,0.94345932739389,-4.59534405938151
"X64364_at",-125.782316342597,1328.70516097415,-0.331672111685826,0.741959229801044,0.94345932739389,-4.59534411139281
"X02530_at",27.8236436606304,-595.314073783222,0.33167049443821,0.741960441456309,0.94345932739389,-4.59534411166936
"Z26317_at",-89.4273323833192,-1081.75774139873,-0.331043052108966,0.742430576585718,0.943766526974471,-4.5953442188643
"AFFX-LysX-5_at",-26.1391405589668,-732.663340949041,-0.330645086743314,0.742728819145211,0.943766526974471,-4.59534428675043
"U36764_at",-141.117380249952,1903.61413085099,-0.330361262361192,0.74294154689313,0.943766526974471,-4.59534433511673
"X13293_at",-62.5851754859084,-354.446391611023,-0.330263437013513,0.743014872195898,0.943766526974471,-4.59534435177755
"X13482_at",119.358902939646,1542.07816521909,0.330134389730833,0.743111603708549,0.943766526974471,-4.59534437374839
"X56654_at",530.739271715477,4441.64346084877,0.330085295180512,0.74314840520441,0.943766526974471,-4.59534438210471
"Y11251_at",-73.3761026599472,11.1846654771472,-0.329960557511732,0.74324191186745,0.943766526974471,-4.59534440333063
"U90426_at",175.136089199764,-875.460716028013,0.329935351943137,0.743260807108208,0.943766526974471,-4.59534440761876
"X00351_f_at",1305.18073897598,3243.4496134486,0.329649724062997,0.743474937993365,0.943774312445388,-4.59534445618893
"U31799_at",-52.8765091772664,-907.109650396963,-0.32957410123048,0.743531634738212,0.943774312445388,-4.5953444690414
"M64358_at",-29.0939646472027,-544.413537567489,-0.329238573214528,0.743783207767283,0.943925619254048,-4.59534452603089
"HG2279-HT2375_at",523.535940384558,7939.28725407082,0.328828045752826,0.744091052754362,0.943956120921318,-4.59534459568097
"M11718_at",37.8544966382415,-557.452602999967,0.328305575189716,0.744482902771498,0.943956120921318,-4.59534468419908
"D42087_at",-36.7822305738597,-267.750808790377,-0.328215219550148,0.744550675978766,0.943956120921318,-4.59534469949322
"X73501_at",-1800.96093496704,33217.727221305,-0.328210581419007,0.744554154965137,0.943956120921318,-4.59534470027818
"U30313_at",91.3209938704209,-808.338619390039,0.327929330317612,0.744765126946755,0.943956120921318,-4.59534474785712
"U43753_cds2_at",-33.7186999207057,-203.54867769626,-0.327765124897481,0.744888309869891,0.943956120921318,-4.59534477561692
"AFFX-CreX-3_at",34.1981473809306,-556.585006442864,0.32771883256181,0.744923038483434,0.943956120921318,-4.5953447834404
"U09587_at",615.115903297282,3372.43933366089,0.327647909908551,0.744976245862047,0.943956120921318,-4.59534479542433
"HG2538-HT2634_at",-27.8120701301327,-562.646116937429,-0.327443716892677,0.745129441994665,0.943956120921318,-4.59534482991287
"D83407_at",-31.214383052665,-491.84612283799,-0.327393812235968,0.745166884636534,0.943956120921318,-4.59534483833861
"M31627_at",268.578898036356,-2549.31687645356,0.327265241969157,0.745263351673962,0.943956120921318,-4.59534486004016
"M11313_s_at",-314.871058749832,-1606.90462567984,-0.326793276565112,0.745617505732729,0.944236979822427,-4.5953449396316
"U94585_at",-121.483944099194,-1209.09660172738,-0.326387483114031,0.745922050291134,0.944454925537301,-4.5953450079731
"U01157_at",-39.4853715741113,-63.5026808331576,-0.32592097273157,0.7462722134031,0.944632737320368,-4.59534508643646
"M98528_at",-50.0276378158063,-354.171884668168,-0.325847427614576,0.746327421408352,0.944632737320368,-4.59534509879604
"M97496_at",23.5215313940388,-258.792485076558,0.325576906165112,0.746530504997185,0.944722099580289,-4.59534514423463
"U33880_at",-26.7931657248865,-636.789139426563,-0.325297254515806,0.746740461977137,0.944820126749283,-4.59534519116756
"M96956_at",26.7218029475323,-605.210149849398,0.324300512440523,0.747488955307538,0.945366035635214,-4.59534535812278
"S78653_at",28.5669673724427,-729.968337932713,0.323974903615738,0.747733521646138,0.945366035635214,-4.59534541255276
"D87463_at",-29.2239736515049,-993.241510461013,-0.323837943717115,0.747836400769108,0.945366035635214,-4.59534543543133
"U15642_s_at",80.8163356695931,-1284.79968195563,0.323757373933256,0.747896923941364,0.945366035635214,-4.5953454488857
"D14520_at",-30.3975184401187,-728.912576865551,-0.323333252322039,0.748215546256913,0.945366035635214,-4.59534551965529
"X95404_at",1301.94458966836,3944.09721565852,0.323280318091563,0.748255316357113,0.945366035635214,-4.59534552848154
"X92896_at",61.7999730580804,-334.431134954888,0.323016863368138,0.748453263299648,0.945366035635214,-4.5953455723887
"X16560_at",295.955873311458,1565.56985816599,0.322377930244518,0.748933397863632,0.945366035635214,-4.59534567872574
"U79304_at",-97.4389835319271,5.45302317081447,-0.322357952913178,0.748948411720818,0.945366035635214,-4.59534568204719
"S73813_at",-882.466250526004,10606.5925727184,-0.322297401639084,0.748993919313552,0.945366035635214,-4.59534569211326
"U46752_at",28.9106851267887,-826.288611276665,0.322233128823548,0.749042224842645,0.945366035635214,-4.59534570279595
"X90761_at",55.2297922948472,-662.579469882362,0.322206727084061,0.749062067898456,0.945366035635214,-4.59534570718354
"X03635_at",93.6455505826916,636.987087713848,0.322094744435852,0.749146233892145,0.945366035635214,-4.59534572578948
"S85655_at",-64.8149974713958,-1413.34549445303,-0.321853213418661,0.749327778826646,0.945366035635214,-4.59534576589813
"J05682_at",-22.2975066017048,-531.418944319173,-0.321830200517712,0.749345077050838,0.945366035635214,-4.5953457697181
"U17886_at",40.8663409652134,-925.196885243158,0.321646252043017,0.749483351247982,0.945366035635214,-4.59534580024246
"U87964_at",-29.4856412922215,-737.284784844159,-0.321623251607318,0.749500641280666,0.945366035635214,-4.59534580405793
"U44839_at",404.66927149929,7889.84003621553,0.321482249442801,0.749606639178606,0.945366035635214,-4.59534582744246
"M76766_at",36.3604134924053,-550.850331314705,0.321370330848803,0.749690777102389,0.945366035635214,-4.59534584599639
"U49973_xpt2_at",33.0728577267699,-763.234343023228,0.320719270264688,0.750180291440136,0.945721499023675,-4.5953459538029
"U59289_at",-45.234950947765,-884.262127024236,-0.304836850631108,0.762198574812096,0.948946596992626,-4.5953459844945
"U09413_at",37.3009860930168,-48.6794282812499,0.320469408082515,0.750368183656007,0.945721499023675,-4.59534599511915
"Z49269_at",-135.107948345384,679.798777768708,-0.320466289488122,0.750370528884582,0.945721499023675,-4.59534599563463
"X63337_at",30.1942781350884,-540.117742438933,0.319148719772082,0.751361574927544,0.946652136890367,-4.59534621297392
"U04241_at",-229.78388827264,93.6070506650071,-0.319056884739747,0.75143066707834,0.946652136890367,-4.59534622808952
"HG1205-HT1205_at",47.0358778361159,-113.29309697166,0.318955180834572,0.751507186500682,0.946652136890367,-4.59534624482446
"D82347_at",-35.8845407438725,-715.525776748988,-0.318615670717226,0.751762643640845,0.946745569063839,-4.59534630065117
"S75463_at",158.22523784796,-396.718229761259,0.318277549455428,0.752017083879824,0.946745569063839,-4.59534635619105
"D63877_at",51.5215541218206,224.27500671321,0.31819972398753,0.752075652431875,0.946745569063839,-4.59534636896642
"HG1723-HT1729_at",-38.5775539254707,450.319331134824,-0.317809608789701,0.75236926098419,0.946745569063839,-4.59534643295885
"D84424_at",-38.2640513133852,-694.383910542001,-0.317773642653519,0.752396331699125,0.946745569063839,-4.59534643885463
"X78992_at",445.014884538579,908.986392328748,0.317493070157282,0.752607521718219,0.946745569063839,-4.59534648482509
"M13982_at",-54.6168982455025,-1825.88940826501,-0.317466700388535,0.752627371524879,0.946745569063839,-4.59534648914358
"X54870_at",49.4197554286733,-311.579427659984,0.317078177153574,0.752919851556973,0.946745569063839,-4.59534655272967
"M98447_rna1_at",-51.3258286587232,-1193.97429757324,-0.317041403931472,0.752947536325403,0.946745569063839,-4.59534655874402
"U27330_at",-32.2620223463179,-209.946699082056,-0.316977689300467,0.752995504750934,0.946745569063839,-4.59534656916308
"Z70220_at",52.6471769991562,-655.718247861392,0.316733006326311,0.753179726867096,0.946745569063839,-4.59534660915605
"M24283_at",32.6132387415432,-786.133826367634,0.316717371854777,0.753191498577058,0.946745569063839,-4.59534661171043
"M63967_at",-46.6045399717969,-1007.20152407255,-0.316355934190614,0.753463653559703,0.946745569063839,-4.59534667072794
"X04706_s_at",66.3130033602045,-1012.96335996834,0.315982506496652,0.753744870241565,0.946745569063839,-4.5953467316332
"AFFX-TrpnX-3_at",28.5705817197255,-1312.94081722791,0.315746349199772,0.753922730429421,0.946745569063839,-4.59534677011322
"M35296_at",-25.0974329804906,-770.874717353202,-0.315706448603756,0.753952782620341,0.946745569063839,-4.5953467766119
"U03274_at",-81.3317496895608,-380.459877497624,-0.315539088800796,0.754078838310528,0.946745569063839,-4.59534680386125
"Z70218_s_at",-55.4052012866208,-95.4407016456924,-0.315195173324372,0.754337897422083,0.946745569063839,-4.59534685981232
"U47105_at",35.5782483141792,-120.314730448118,0.315138156725968,0.754380848745917,0.946745569063839,-4.59534686908243
"HG3502-HT3696_at",-27.3802620953112,-748.683258960837,-0.315021233321881,0.754468931094245,0.946745569063839,-4.59534688808736
"U86136_at",50.6504405966328,254.929666027171,0.314980874666561,0.754499335403128,0.946745569063839,-4.59534689464571
"X97795_at",-28.7171643913238,-794.69798384452,-0.314945525366294,0.754525966225031,0.946745569063839,-4.59534690038934
"X51362_s_at",54.5959870693553,-644.313690147037,0.314666636750012,0.754736080969549,0.946745569063839,-4.59534694568142
"M64082_at",32.9875410106241,-517.080973611966,0.314552184869827,0.754822314504681,0.946745569063839,-4.59534696425715
"M80482_at",273.520279005975,-4961.45547577898,0.314300606326815,0.755011877012457,0.946745569063839,-4.59534700506525
"U79716_at",36.3197304447555,-674.654441820852,0.314272162490749,0.755033310191048,0.946745569063839,-4.59534700967704
"U10323_at",-231.342138353069,787.35946318904,-0.313999849398988,0.755238515192557,0.946745569063839,-4.59534705380808
"X66785_at",35.9848020576269,-403.510174346454,0.313826840254136,0.755368897771097,0.946745569063839,-4.59534708182627
"U90911_at",-34.6400554869173,-640.793313411629,-0.313743725960149,0.755431536667122,0.946745569063839,-4.59534709528088
"HG721-HT4827_s_at",57.2397658159175,-276.964765241221,0.313365923171296,0.755716287936792,0.946936012875991,-4.59534715639547
"U66615_at",80.4304017937158,-622.765657162047,0.312861555155603,0.756096485640453,0.947245966110694,-4.59534723787007
"S77763_at",-33.0008875526364,-726.297578235864,-0.312436519626149,0.756416929406811,0.947480963217981,-4.59534730642861
"U43279_at",47.4941310021077,-565.887265210178,0.312167340498949,0.756619892089863,0.947535380899075,-4.59534734979967
"U62961_at",86.4539766369674,-984.501352873027,0.312026458989378,0.756726124557598,0.947535380899075,-4.59534737248425
"U43522_at",-153.911571659375,1411.26775789275,-0.31180958190431,0.756889671245582,0.947573779082206,-4.59534740738572
"X56667_at",50.7429497109519,-811.34085703606,0.311027472671578,0.757479552643795,0.947704900925098,-4.59534753304905
"X60299_s_at",29.8125153217199,-597.000091212105,0.311001075827521,0.757499464201609,0.947704900925098,-4.59534753728484
"U56102_at",33.2391318786948,-787.526714647528,0.310873769800035,0.757595495505091,0.947704900925098,-4.59534755770812
"X71428_at",408.489830034309,295.617629466302,0.310809458577795,0.757644009145366,0.947704900925098,-4.59534756802221
"AJ001047_at",40.4301402427158,-1345.09520127351,0.310789714539566,0.757658903404009,0.947704900925098,-4.59534757118828
"X54131_at",95.4138862704658,-1634.14802039531,0.310525130369969,0.757858506099908,0.947788321115126,-4.5953476135968
"Z46376_rna1_at",64.0886381464153,-968.433098597072,0.309830276013286,0.758382785182354,0.948277685627804,-4.59534772480035
"J04988_at",534.301749158813,15791.1833764584,0.309648081792494,0.758520272861882,0.948283321489846,-4.59534775391765
"U36621_cds2_at",-107.428261290225,-874.2287623722,-0.309162568142285,0.75888669067367,0.948575108009454,-4.59534783142707
"X75535_at",-55.248218316751,-207.705787345551,-0.308651486659016,0.759272465398817,0.948741139484506,-4.59534791288814
"U35835_s_at",-37.9212413844552,-655.853169671438,-0.308573516002274,0.759331324720408,0.948741139484506,-4.59534792530412
"U12778_at",-29.3457987248954,-689.231655738696,-0.308190480910154,0.759620495387977,0.948741139484506,-4.59534798625321
"HG4063-HT4333_s_at",133.280779223397,2431.83096083384,0.308169935544922,0.75963600700953,0.948741139484506,-4.5953479895203
"HG1699-HT1704_s_at",-61.9746164567203,-613.452711202806,-0.30810538412709,0.759684743578254,0.948741139484506,-4.59534799978375
"X05615_at",-22.73366933813,-719.948763493324,-0.307343010736497,0.760260413437151,0.948946596992626,-4.59534812083749
"U94586_at",170.587113565834,2053.60039423744,0.306948159844136,0.76055862054001,0.948946596992626,-4.59534818341732
"M83738_at",-46.3329857745084,-1316.10033044005,-0.306886777568588,0.760604982201045,0.948946596992626,-4.59534819313863
"M54951_at",-26.4358630786746,-673.553974270495,-0.306824650416378,0.760651907373361,0.948946596992626,-4.59534820297594
"D84307_at",37.9869478006065,71.8700222409472,0.306101830039582,0.761197927084237,0.948946596992626,-4.59534831728358
"J02963_at",-33.0067317500132,-394.542267312406,-0.306087714996326,0.761208590843529,0.948946596992626,-4.5953483195131
"M28219_at",33.3531001893547,-467.053681959761,0.30598823773394,0.761283746154122,0.948946596992626,-4.59534833522293
"X65727_cds2_s_at",25.6387567496581,-436.085240542275,0.305924952468711,0.761331559542955,0.948946596992626,-4.59534834521455
"L35253_s_at",59.7915433201653,6.33600510416955,0.305912006113736,0.761341340911372,0.948946596992626,-4.5953483472583
"Y00757_at",-30.4789035439771,-1119.99429946147,-0.305262781313962,0.761831900998558,0.948946596992626,-4.59534844963691
"D12676_at",-22.451756274973,-838.222132274712,-0.30523123529778,0.761855739989122,0.948946596992626,-4.59534845460603
"M28585_f_at",55.2039507943587,-1110.71015474931,0.30522378202033,0.761861372386332,0.948946596992626,-4.59534845578
"M97347_s_at",-158.962190002938,762.077598059615,-0.304881849899586,0.762119782546905,0.948946596992626,-4.59534850960711
"X84194_at",-24.4405115639203,-718.644547248672,-0.30407349670451,0.762730793187943,0.948946596992626,-4.59534863662086
"Y10205_at",-26.4654513928802,-723.487227852002,-0.304020773935967,0.762770650139539,0.948946596992626,-4.59534864489341
"Z78289_at",-63.3323432872196,-1236.33267883846,-0.303973954547726,0.762806044847595,0.948946596992626,-4.59534865223849
"U18383_s_at",-31.0694812546161,-693.574567320677,-0.303913378447873,0.762851840174718,0.948946596992626,-4.59534866174007
"L22342_at",-83.2764201330853,1293.80332122322,-0.303722930277571,0.762995823971162,0.948946596992626,-4.59534869160035
"S67970_at",-26.1569967548464,-608.431670093463,-0.303668374478473,0.763037071153203,0.948946596992626,-4.59534870015071
"X04688_at",-24.0126417435396,-751.283908656874,-0.303569829497235,0.763111578347374,0.948946596992626,-4.5953487155915
"U32114_at",22.5266184867062,-689.967330406524,0.303409359891687,0.763232909957964,0.948946596992626,-4.59534874072451
"S72487_at",-51.978603147508,-893.112938367353,-0.303396808969923,0.763242400007358,0.948946596992626,-4.5953487426897
"U24166_at",-108.587150955171,1068.49134226874,-0.303377642958375,0.763256891954298,0.948946596992626,-4.59534874569051
"X95384_at",32.8195431486467,-1104.50503291204,0.303069528693903,0.763489877437648,0.948946596992626,-4.59534879390596
"S57235_at",-150.294723336403,-1090.73637399029,-0.302943264738711,0.763585360363985,0.948946596992626,-4.59534881365045
"U40571_at",58.7244165766877,233.662400834893,0.302793865756278,0.76369834321686,0.948946596992626,-4.59534883700213
"U54804_at",-23.8284854143502,-632.017781830658,-0.302707431020275,0.763763711801871,0.948946596992626,-4.59534885050704
"L02321_at",-51.8087056055075,-610.66668693862,-0.302584532137137,0.76385666039015,0.948946596992626,-4.59534886970267
"HG4458-HT4727_at",21.0458577802831,-909.195923547084,0.302487459661816,0.763930078933616,0.948946596992626,-4.595348884859
"U40622_at",-35.4105280825042,-612.542587163322,-0.302428681403619,0.763974535595943,0.948946596992626,-4.59534889403395
"D79993_at",49.2616613508274,183.675964722368,0.302249356743953,0.764110171967866,0.948949779920386,-4.59534892201461
"HG1515-HT1515_f_at",270.75933796799,594.140083704949,0.301250409079273,0.764865886882458,0.949722904293716,-4.59534907758312
"X63522_s_at",80.0406541601065,-1488.01870085386,0.300858308310281,0.765162579117935,0.949925896881962,-4.5953491385065
"Z36714_at",-56.8200466631967,-581.029048543742,-0.300139857113985,0.765706305014741,0.95023354059221,-4.59534924993325
"U00930_at",-172.818814749848,443.497219714573,-0.300122239323335,0.765719639717738,0.95023354059221,-4.59534925266233
"U39905_at",44.6589459786284,73.8188404812637,0.299929263889335,0.76586570532821,0.95023354059221,-4.59534928254477
"M59911_at",-254.279238158967,117.683294676841,-0.299690434085658,0.766046490691752,0.95023354059221,-4.59534931950144
"U64675_at",-33.974482518155,-631.417572362231,-0.299646008248692,0.766080120875608,0.95023354059221,-4.59534932637271
"D43638_at",-24.3291983137106,-483.717439524263,-0.299451058251286,0.766227702675281,0.95023354059221,-4.59534935651334
"L39874_at",-100.592354138256,1616.44181346627,-0.299298548267649,0.766343162522199,0.95023354059221,-4.59534938007891
"D50312_at",28.260118307783,-1248.65986989348,0.298875719093423,0.766663299560448,0.950458288214235,-4.59534944535152
"U18062_at",-53.7262985002355,-211.007641624318,-0.298707087206976,0.766790987532814,0.950458288214235,-4.59534947135792
"U89942_at",-25.0225158714688,-742.518870926291,-0.29827868392944,0.767115403870699,0.950695159020152,-4.59534953736084
"X93996_rna1_at",64.3473587298862,24.4227157060427,0.297827658932346,0.767456996795645,0.950783844670335,-4.59534960674763
"M34516_at",-123.476287765866,-960.812973606433,-0.297689966647124,0.76756129020396,0.950783844670335,-4.59534962790982
"Z49835_s_at",34.4311830967438,-967.616578317506,0.297233003267451,0.767907443121662,0.950989556208686,-4.59534969807191
"Y10512_at",-25.1548886358343,-624.161499560119,-0.297084755234005,0.768019752377763,0.950989556208686,-4.59534972081096
"X03473_at",-1980.47900857561,41564.4160999899,-0.296797331726085,0.768237512157809,0.951094044999538,-4.59534976486543
"U07857_at",-265.791148136006,-149.357603353804,-0.295726016207367,0.769049337059169,0.951179512574435,-4.59534992869772
"L25441_at",-20.5863860546478,-708.493649531548,-0.295683055921258,0.76908189714109,0.951179512574435,-4.59534993525524
"X65293_at",-22.95458132739,-774.377892944301,-0.295173053657717,0.76946846590932,0.951179512574435,-4.59535001303055
"M19722_at",89.776777762254,-989.566340621042,0.294887810034694,0.769684699325954,0.951179512574435,-4.59535005647217
"U02680_at",-26.3310144570879,-203.184959147021,-0.294802432169278,0.769749424982697,0.951179512574435,-4.59535006946684
"X52896_s_at",75.1479706054571,-192.933160993985,0.294757849670242,0.769783224002169,0.951179512574435,-4.59535007625089
"M81650_rna1_at",-24.6259158772267,-800.037578669434,-0.294672669584311,0.76984780225198,0.951179512574435,-4.59535008920979
"M36118_s_at",-276.425713821296,2326.46314925145,-0.294515242018942,0.769967158420964,0.951179512574435,-4.59535011315032
"M88282_at",-194.946423439834,2181.96854827841,-0.294504929509286,0.769974977209117,0.951179512574435,-4.59535011471813
"J03258_at",35.3989181013323,-1100.26816815963,0.294230406373186,0.770183125417203,0.951179512574435,-4.59535015643399
"J04760_at",37.5834939748644,-599.423910197294,0.294065758504992,0.77030797254989,0.951179512574435,-4.59535018143499
"U00115_at",46.3685785365609,-832.974265323683,0.294005306109969,0.770353813192013,0.951179512574435,-4.59535019061091
"HG921-HT3995_at",-34.5199760007835,-964.640579605747,-0.293789396137474,0.770517543073232,0.951179512574435,-4.59535022336812
"M25322_at",-632.379185010863,2922.28198067754,-0.293418765725972,0.770798626090152,0.951179512574435,-4.59535027954345
"L40157_at",-21.819955206373,-695.325365320562,-0.29311185933764,0.771031405032835,0.951179512574435,-4.59535032600712
"X79882_at",-71.9788288882568,135.463414686864,-0.292864697686028,0.771218885041851,0.951179512574435,-4.59535036339079
"U25128_at",-34.60732393097,-1064.41077631103,-0.292839365066774,0.771238101428231,0.951179512574435,-4.59535036722063
"U22897_at",-53.3255772032523,-1080.51508441764,-0.292762476831713,0.771296426888464,0.951179512574435,-4.59535037884275
"M60047_at",36.2808979381236,-1283.85686866684,0.292695177181729,0.771347479795257,0.951179512574435,-4.59535038901303
"M32405_at",542.441628436697,455.802029919442,0.292577507352207,0.771436745539677,0.951179512574435,-4.59535040678962
"M14123_xpt4_at",30.17461446036,-1083.70387125382,0.274869188231038,0.78494579580179,0.953089580006323,-4.59535042222293
"M27160_at",-631.355286100388,11826.8816782443,-0.292335241185327,0.771620541468873,0.951179512574435,-4.59535044336692
"M28170_at",-46.4664384427427,-269.27562739591,-0.292329505014191,0.771624893393305,0.951179512574435,-4.5953504442326
"S73149_at",65.4708056834235,-329.462999300535,0.292044132541856,0.771841409515566,0.951179512574435,-4.59535048727873
"M86917_at",65.1567840801498,-1724.64267500034,0.291935238689305,0.771924033690192,0.951179512574435,-4.5953505036935
"X99459_at",-85.7637124088535,-661.090428025599,-0.291915847664836,0.771938747083828,0.951179512574435,-4.59535050661589
"U19487_at",33.1083232428483,-256.131175401487,0.29185219155658,0.771987048245258,0.951179512574435,-4.59535051620803
"M65291_at",22.6669154001313,-699.785944363017,0.291680917433912,0.772117012669204,0.951179512574435,-4.59535054200651
"X64707_at",-713.251997180454,2102.65956496526,-0.291623786403449,0.772160365714359,0.951179512574435,-4.59535055060864
"U43148_at",-99.7825315962574,1180.13229837705,-0.291314976063491,0.772394714715916,0.951179512574435,-4.59535059707682
"X80878_at",44.9982431965604,-523.493887032076,0.291272981668151,0.772426584956195,0.951179512574435,-4.59535060339215
"U09412_at",-33.2359433271243,-219.748558461376,-0.291253287970689,0.772441530966001,0.951179512574435,-4.59535060635348
"S78432_xpt1_at",-39.2072413908963,1.55376656832447,-0.290902249074942,0.772707957357162,0.951343308686797,-4.59535065910566
"X83492_at",73.3243210619738,917.544412074279,0.290226344319314,0.77322102415408,0.95168093350033,-4.59535076049927
"U51269_at",-64.273212610224,341.709425903094,-0.29018936226533,0.773249099523337,0.95168093350033,-4.59535076604027
"S78825_at",-39.1035580659355,-320.587315980394,-0.289789580481547,0.773552618341634,0.95175456940421,-4.59535082589463
"L76200_at",-305.612806251077,2695.00575303536,-0.289643374117641,0.773663628850018,0.95175456940421,-4.59535084776386
"D83597_at",-28.3189228311816,-306.643701906141,-0.289545039114103,0.773738294646825,0.95175456940421,-4.59535086246645
"L32163_at",-21.6425582503951,-717.506308442841,-0.289394290815852,0.773852762100278,0.95175456940421,-4.59535088499601
"X91788_at",41.7151139258494,-505.215830407315,0.289231650391512,0.773976265316928,0.95175456940421,-4.59535090928983
"X05276_at",103.569776955891,-334.005386006369,0.288695457182764,0.774383473041065,0.952091128664799,-4.59535098928586
"HG3364-HT3541_at",-686.626513144973,47251.2652035516,-0.288444681099131,0.774573945133315,0.952161145103546,-4.59535102664928
"Y10510_at",-24.0417297238233,-738.583663129614,-0.288204191373367,0.774756617676569,0.952221551301554,-4.59535106244989
"D63813_at",-37.3550402643164,-464.704518314099,-0.287377413245291,0.775384725326403,0.952481786126875,-4.59535118530278
"M16405_at",39.0631231952765,-842.958844979236,0.287364949763693,0.775394195068749,0.952481786126875,-4.59535118715208
"U70451_at",55.1695258022649,522.347161203431,0.286705251449356,0.775895482808099,0.952481786126875,-4.59535128492301
"X82835_at",-59.4847968673659,-154.941037735032,-0.286687676125001,0.77590883917282,0.952481786126875,-4.59535128752472
"D85131_s_at",41.5886410737621,-558.073895567763,0.286601464607964,0.775974356598491,0.952481786126875,-4.59535130028451
"D26443_at",-21.18918516221,-780.860938763181,-0.286474053833275,0.776071186905364,0.952481786126875,-4.59535131913506
"D79991_at",44.5346071158988,909.08600211327,0.286335583516993,0.776176426404912,0.952481786126875,-4.59535133961245
"X70040_at",47.2728040709648,-115.501930698269,0.286100837454766,0.776354846665015,0.952481786126875,-4.59535137430495
"X77588_s_at",86.8601352304438,-1893.03729368954,0.285989955215595,0.776439127694751,0.952481786126875,-4.59535139068214
"V00572_at",377.496457162639,883.751842906289,0.285911916693453,0.776498446022267,0.952481786126875,-4.59535140220456
"M85247_at",71.4128946538968,-912.795293494576,0.285828796477343,0.776561628517268,0.952481786126875,-4.59535141447388
"M21665_s_at",27.2621993812111,-883.972003858881,0.285679383529898,0.77667520623056,0.952481786126875,-4.59535143651973
"U67369_at",-51.2474424786274,-259.99704186704,-0.285626125064074,0.776715692374669,0.952481786126875,-4.59535144437524
"U23752_at",-37.5971694019643,5.17355643583553,-0.285360552009972,0.776917585727143,0.952481786126875,-4.59535148352504
"HG3248-HT3425_at",24.3376300295506,-623.438891016739,0.285133403539635,0.77709028046226,0.952481786126875,-4.59535151698177
"J04031_at",-31.2634361277284,-59.746345376763,-0.284698351651906,0.777421070421392,0.952481786126875,-4.5953515809869
"HG759-HT759_s_at",-42.0486061983092,82.6574601675506,-0.28442360600517,0.777629993794357,0.952481786126875,-4.59535162135773
"U62136_at",-32.1322310714885,-767.525511078739,-0.284390423977856,0.777655227359116,0.952481786126875,-4.59535162623085
"M68520_at",-44.7238109199041,-977.905230306783,-0.284315230074857,0.777712410126986,0.952481786126875,-4.59535163727175
"AJ000099_s_at",-25.7049160038902,-748.308389572639,-0.284156744308264,0.777832938025371,0.952481786126875,-4.59535166053312
"M24461_at",81.4550662640141,384.690455656803,0.283960689370008,0.777982044845526,0.952481786126875,-4.59535168929081
"U48705_rna1_s_at",55.637107046914,-69.9814196330662,0.283342227419288,0.778452463050591,0.952481786126875,-4.59535177987896
"M91585_at",34.9709068504071,-178.736629016451,0.283210370629269,0.778552767671208,0.952481786126875,-4.59535179916713
"U28150_at",32.1380612174645,-641.906421781245,0.283195553780464,0.778564039218287,0.952481786126875,-4.595351801334
"X68314_at",-935.948957246346,10749.1129488448,-0.283048474126767,0.778675929012078,0.952481786126875,-4.59535182283737
"M20902_at",-85.7171301406885,-2168.71495608633,-0.282885322708493,0.778800050866745,0.952481786126875,-4.59535184667751
"U46767_at",27.4098975015708,-624.990249428698,0.282867564733256,0.778813561080866,0.952481786126875,-4.59535184927153
"M91556_s_at",52.613828873468,-1617.33909781028,0.282723531604523,0.778923143619492,0.952481786126875,-4.59535187030541
"U14910_at",-25.4035832854944,-692.646057071882,-0.282573601272617,0.779037217692444,0.952481786126875,-4.5953518921892
"U85267_at",-29.5902979596057,-635.723085179784,-0.282357625985145,0.779201550584806,0.952481786126875,-4.59535192369267
"HG2797-HT2905_at",-43.8172801169031,-774.958141982699,-0.28220153564905,0.779320324157343,0.952481786126875,-4.59535194644609
"X85785_rna1_at",-60.0004252702723,-681.387727117642,-0.282194957457714,0.77932532980776,0.952481786126875,-4.59535194740472
"M16714_at",-21.4500469448051,-742.900688910471,-0.282128191740954,0.779376135471927,0.952481786126875,-4.59535195713318
"D87071_at",-126.753086381817,-259.48994915021,-0.281253327372835,0.78004195782751,0.952736767121144,-4.59535208439907
"M62486_at",22.3710825771482,-660.228884261904,0.281214872008082,0.780071228436814,0.952736767121144,-4.59535208998415
"X54667_at",-24.9356149898333,-809.028326982838,-0.28076108120434,0.780416659420659,0.952736767121144,-4.59535215583345
"U59111_at",-36.4542933954427,-604.347094015255,-0.280680402156215,0.780478077997946,0.952736767121144,-4.59535216752968
"U48697_at",37.561015452741,-1338.95543696948,0.280668350707202,0.780487252532553,0.952736767121144,-4.59535216927653
"U60325_at",-42.0613202545038,-717.418872589277,-0.280595231817177,0.780542917208037,0.952736767121144,-4.59535217987343
"L42452_at",28.4459621652952,-969.717091171864,0.280588179322928,0.780548286262824,0.952736767121144,-4.59535218089538
"HG627-HT5097_s_at",63.5386967219207,-50.2565189015522,0.280262003036127,0.780796615735422,0.952736767121144,-4.59535222813258
"D63878_at",-153.876148733453,2394.41170904576,-0.27967508014418,0.78124351930911,0.952736767121144,-4.59535231299414
"Z26634_at",51.7531458432704,-901.988539551757,0.279553974826809,0.781335742480907,0.952736767121144,-4.59535233048247
"D26535_s_at",20.7657402935075,-676.405765487636,0.279298415899016,0.781530364204748,0.952736767121144,-4.59535236736203
"D50840_at",-72.6952449151967,-101.14316480579,-0.279277146199553,0.781546562854366,0.952736767121144,-4.59535237042994
"S81944_at",24.6959593183915,-615.280871101745,0.279022441863521,0.781740549097967,0.952736767121144,-4.59535240715013
"X58521_at",-45.3363650177105,-474.648022390266,-0.278909687940576,0.781826428510048,0.952736767121144,-4.59535242339501
"M97639_at",46.9127292120232,-487.975790477274,0.278892055592908,0.781839858498253,0.952736767121144,-4.59535242593478
"X68090_s_at",31.0053650337293,-678.149182817465,0.278885533308144,0.781844826328476,0.952736767121144,-4.59535242687421
"HG4490-HT4876_f_at",37.0747166046468,-567.382446468178,0.278870785110366,0.78185605962599,0.952736767121144,-4.59535242899837
"U34879_rna1_at",44.1246942959839,-895.168276757367,0.278688737849771,0.781994723924798,0.952742931198998,-4.59535245520924
"S76853_s_at",-21.6806786072672,-970.877287293525,-0.277855636003917,0.782629384442886,0.952834641309456,-4.59535257494123
"S79854_at",-46.1400451282101,-769.8660448342,-0.27775825561239,0.782703579069373,0.952834641309456,-4.59535258891337
"U18321_at",48.4467706428469,325.785337305903,0.277712628337088,0.782738343434812,0.952834641309456,-4.5953525954583
"L43579_at",33.1377470616929,-18.7806807965064,0.277283214976786,0.783065544457339,0.952834641309456,-4.59535265700255
"D42063_at",-20.8967950402975,-457.767822149051,-0.277241088131821,0.783097646090511,0.952834641309456,-4.59535266303515
"U26914_at",-28.5873840705281,-482.316247861027,-0.277109413972859,0.783197987330154,0.952834641309456,-4.59535268188514
"M65085_at",79.1361562383809,-534.503849719782,0.2770976804499,0.783206928949474,0.952834641309456,-4.59535268356444
"J00146_at",37.4766701231836,-254.833976304959,0.276981320976588,0.78329560317193,0.952834641309456,-4.59535270021395
"HG1877-HT1917_s_at",-42.2669479275368,-743.618030228445,-0.276902326384308,0.783355804356829,0.952834641309456,-4.59535271151308
"X15940_at",1413.11131634586,5977.68022820824,0.276480493522075,0.783677302833131,0.952834641309456,-4.59535277179658
"U97018_at",27.9446570945101,-882.213911490079,0.27636395708283,0.78376612745581,0.952834641309456,-4.59535278843455
"M96803_at",-117.985327431946,-1155.3601068223,-0.276116243816553,0.783954945406174,0.952834641309456,-4.5953528237776
"X91992_at",-20.6805478531784,-605.124781134438,-0.275991142838498,0.784050307903783,0.952834641309456,-4.59535284161472
"X06272_at",50.656046245378,-1005.31884997826,0.275976402524395,0.78406154443429,0.952834641309456,-4.59535284371589
"U53174_at",105.214301583652,-776.92698164686,0.275959698666004,0.784074277829742,0.952834641309456,-4.59535284609682
"U65093_at",47.6194967447282,-780.167341326911,0.275726643443454,0.784251942712049,0.952888158711811,-4.59535287930111
"M55210_at",28.1996971646813,-1149.98614860632,0.275316220126195,0.784564848958627,0.953089580006323,-4.59535293770805
"U80457_at",-43.6000196637726,-1058.27827443337,-0.274903763839156,0.784879341625911,0.953089580006323,-4.59535299631735
"X86400_at",24.1154865143456,-1046.22152297095,0.274808039618598,0.784952335349479,0.953089580006323,-4.59535300990712
"U18937_at",-31.4449468871739,-936.01330877895,-0.274463835416231,0.785214821703051,0.953098456566064,-4.59535305873432
"Z48042_at",79.9532638358398,1005.89609563444,0.274447922576691,0.785226957274664,0.953098456566064,-4.59535306099017
"Z70723_at",-92.6963005461725,-1604.19924013406,-0.274178400933589,0.78543251017924,0.953127731871902,-4.59535309917866
"X76770_at",-135.06748522471,851.301369830975,-0.274040166780464,0.785537941633928,0.953127731871902,-4.5953531187506
"U07664_at",51.5926264246104,-578.930760066569,0.273890554885404,0.785652055524196,0.953127731871902,-4.59535313992243
"U90543_at",-97.3634405704624,-511.445684503276,-0.273165475874651,0.786205164835941,0.953618941122579,-4.59535324236705
"M19878_s_at",34.6334395340154,-642.467213095364,0.272940103185496,0.786377107917494,0.953618941122579,-4.59535327415452
"L02320_at",20.1040960392376,-848.439330758796,0.272691116561424,0.786567079321704,0.953618941122579,-4.59535330924232
"U68162_cds1_s_at",-21.2120562466735,-663.391033041491,-0.272647897869829,0.78660005559386,0.953618941122579,-4.59535331532956
"U32659_at",33.9992871636602,-409.037228331358,0.272483368406865,0.78672559677803,0.953618941122579,-4.59535333849438
"Z49155_at",-772.670470543406,4368.87714755913,-0.271875491165584,0.787189476313396,0.953718523241466,-4.59535342395972
"U82310_at",35.7923657462383,-658.267410873555,0.271784636050274,0.787258815859452,0.953718523241466,-4.59535343671735
"HG2348-HT2444_s_at",-27.3809973351499,-587.104560474292,-0.271745925070363,0.787288360152905,0.953718523241466,-4.59535344215175
"U81607_at",93.3285078775567,696.633024071615,0.271612862621564,0.787389916094364,0.953718523241466,-4.59535346082575
"U39196_at",-20.6983543698802,-725.929403615188,-0.271422508822459,0.787535204484509,0.953718523241466,-4.59535348752424
"Z48512_at",-26.7849293492057,-481.935639078989,-0.271152419150954,0.787741364830718,0.953718523241466,-4.59535352537438
"Y13153_at",-33.4511638292864,-223.899540528989,-0.271149033482884,0.787743949220619,0.953718523241466,-4.59535352584861
"M74719_at",28.4334946647159,-469.702742638683,0.270774970349694,0.788029498664921,0.953743984575819,-4.59535357820712
"L17327_at",-61.4983558227089,-179.130337608483,-0.270381569351253,0.788329842064716,0.953743984575819,-4.595353633195
"HG2261-HT2352_at",-37.4145172575165,-1340.74171638415,-0.270038373827776,0.788591882644816,0.953743984575819,-4.59535368110059
"M77016_at",40.7350378857514,110.892147848524,0.269990165793334,0.788628692989216,0.953743984575819,-4.59535368782497
"U17989_at",-40.6697591366669,-1335.5392838266,-0.269883736190357,0.788709961478075,0.953743984575819,-4.59535370266624
"J04513_at",171.351857891059,1221.69900050852,0.26943073438361,0.789055895476,0.953743984575819,-4.59535376577098
"U55853_at",21.4924966978178,-500.076802236583,0.269425981771471,0.789059525028925,0.953743984575819,-4.59535376643248
"U23143_at",-35.8453866605806,-803.582397164792,-0.269224327115852,0.789213532355031,0.953743984575819,-4.59535379448935
"D78129_at",-44.2968846823178,135.856460212551,-0.269145641860007,0.789273628038624,0.953743984575819,-4.59535380543143
"HG4433-HT4703_at",-35.21923567224,-1276.00687623697,-0.269100900519988,0.789307799715829,0.953743984575819,-4.59535381165181
"HG3132-HT3308_at",20.133568456496,-725.769419053534,0.269064561486761,0.789335554351476,0.953743984575819,-4.59535381670327
"X87613_at",-54.0760659183929,-1521.79076600015,-0.268966424903615,0.789410509443572,0.953743984575819,-4.59535383034175
"U69127_at",-20.6845277371583,-712.838961655657,-0.268290203558468,0.789927051135351,0.953743984575819,-4.59535392418505
"M30818_at",-23.234665853512,-680.037573697332,-0.268239583812737,0.789965721643095,0.953743984575819,-4.59535393120043
"X60592_at",863.765811081842,16987.9665448988,0.26803575880772,0.790121437398158,0.953743984575819,-4.59535395943518
"U13044_at",25.223967981794,-915.784619202191,0.2680348390522,0.79012214008158,0.953743984575819,-4.59535395956253
"X02544_at",127.507395419096,-506.712106733682,0.268015658548298,0.790136793822727,0.953743984575819,-4.5953539622184
"M17262_at",-32.9174369625351,-514.815103783832,-0.267969039467236,0.790172410724153,0.953743984575819,-4.59535396867281
"U90437_at",88.0093804815588,961.703496713876,0.267728004385422,0.790356568399942,0.953804821333556,-4.59535400202633
"X64330_at",39.2531387516313,243.071321877185,0.267404664385374,0.790603628497977,0.953941535502381,-4.59535404672211
"X92396_at",27.0233412719178,-140.157421707107,0.267088768663499,0.790845021648702,0.954071366837573,-4.59535409033709
"U66661_at",125.519655197444,-2873.35706837067,0.266858028197076,0.79102135621151,0.954122681181373,-4.59535412216253
"D14661_at",41.6424355580651,288.058056039131,0.266560407467548,0.791248817878531,0.954235636781972,-4.5953541631723
"X16665_at",153.440955676367,2169.63411104915,0.266324106032303,0.791429428406274,0.954264312978528,-4.59535419570041
"D83703_at",-30.5340168158882,-266.841496777813,-0.266179140808669,0.791540234366568,0.954264312978528,-4.59535421564144
"M59807_at",-223.073226540014,-47.5512317535791,-0.265012684858759,0.792431988616457,0.955177909199451,-4.59535437570383
"M62424_at",-28.0646761116675,-698.071912723674,-0.264689000800583,0.7926794948228,0.955314767209969,-4.59535441999644
"M33521_at",-74.0915209852952,565.015613382981,-0.263804755321482,0.793355747045468,0.955777473342193,-4.59535454072182
"X58079_at",28.8647237919872,-1064.71532384416,0.263555033994411,0.793546757918738,0.955777473342193,-4.59535457474348
"Z70276_s_at",-18.9791628717691,-689.608623682453,-0.263495485965202,0.793592307877182,0.955777473342193,-4.59535458285148
"S83308_at",22.0082169938643,-884.467416591169,0.263362026733841,0.793694397247215,0.955777473342193,-4.59535460101657
"HG3991-HT4261_r_at",502.39096321241,1116.66216845578,0.263114684207508,0.793883611132526,0.955777473342193,-4.59535463465811
"X14675_at",81.9480674661885,1279.66476366806,0.263000106778499,0.793971265683921,0.955777473342193,-4.59535465023139
"Z24725_at",20.0176970254711,-513.895284817306,0.262843847086577,0.794090812553154,0.955777473342193,-4.59535467145922
"M30838_at",53.4718428521723,110.797013426394,0.262295880459174,0.794510075526608,0.955777473342193,-4.59535474580136
"D78156_at",23.7327501975332,-457.886732713568,0.262091150408976,0.794666735457992,0.955777473342193,-4.59535477353737
"X67247_rna1_at",1816.06336620126,8021.21833614351,0.261931176603015,0.794789153796679,0.955777473342193,-4.59535479519503
"U43923_at",-83.5208869096182,1195.01888432014,-0.261903907775591,0.794810021515674,0.955777473342193,-4.59535479888543
"U00968_at",-69.9328286916806,-644.03789407212,-0.261726523212308,0.794945770397539,0.955777473342193,-4.59535482288237
"L20852_at",-19.2254027670763,-659.415010052945,-0.261656252965874,0.794999548606699,0.955777473342193,-4.5953548323842
"D26350_at",-19.7118522537304,-903.143668936802,-0.26153820688514,0.795089892206811,0.955777473342193,-4.59535484834051
"U52521_at",37.8652357808546,-178.705387296466,0.26149981990326,0.795119271334072,0.955777473342193,-4.59535485352774
"M64716_at",810.837890357266,1574.64449847345,0.261383980143528,0.795207930071411,0.955777473342193,-4.59535486917659
"U27516_s_at",-36.5927378900706,-1068.34994379352,-0.261046524256436,0.795466219870068,0.955926797083495,-4.59535491472443
"U01212_at",68.0522144902944,-321.138381320083,0.260453179970523,0.795920423965901,0.956311464751616,-4.59535499466893
"U11090_at",48.5627357494251,-90.8259447331678,0.259819173698179,0.796405834221043,0.956466105031525,-4.59535507989242
"U13913_s_at",-37.344807408076,-1099.70978374291,-0.25957972444007,0.796589183581873,0.956466105031525,-4.59535511202569
"D78333_at",-20.9157454872752,-763.108354626404,-0.259458684665807,0.796681869729182,0.956466105031525,-4.5953551282576
"U68063_at",67.432055235135,-567.087551591299,0.259441496179957,0.796695032045567,0.956466105031525,-4.59535513056204
"X78627_at",-30.7661755692166,-721.268959156903,-0.259370348458473,0.796749515018745,0.956466105031525,-4.5953551400991
"X14684_s_at",181.782346623443,2892.45753380421,0.259234044580506,0.796853895665726,0.956466105031525,-4.59535515836283
"X90857_at",-45.5706591102023,-958.668923281115,-0.258653684867473,0.797298373734871,0.956742356509119,-4.59535523602008
"M26167_rna1_at",45.2976493996642,-1241.52418357856,0.258536218321412,0.797388345752053,0.956742356509119,-4.59535525171712
"X81882_at",-226.729123689562,3199.53578864059,-0.258408011867818,0.79748654706075,0.956742356509119,-4.59535526884124
"L78833_cds2_at",-31.4657075702268,-963.78820819407,-0.258198399759882,0.797647109209852,0.956774017792339,-4.59535529682028
"X15183_at",666.129054831205,2059.77404294415,0.257955522232081,0.797833163689666,0.956836241216113,-4.5953553292114
"U63139_at",-30.8366092136466,-466.362817942511,-0.257479284948445,0.798198016290525,0.956994914452438,-4.59535539263645
"X00129_at",25.0571198767506,-524.783963816058,0.257107844381361,0.798482614360893,0.956994914452438,-4.59535544202393
"Z48510_at",107.307736122475,74.4094046975945,0.257070394418578,0.798511310099414,0.956994914452438,-4.59535544699942
"U26398_at",31.7311403981208,-467.36342834522,0.256903392046774,0.798639277794038,0.956994914452438,-4.5953554691781
"U58046_s_at",22.8900793173989,-600.741723811166,0.25686508092093,0.798668634975561,0.956994914452438,-4.59535547426398
"D50532_at",-35.8328396584083,-734.616488449982,-0.256731913006108,0.798770681646461,0.956994914452438,-4.59535549193642
"L77864_at",68.9254381614854,-1976.16104030371,0.256515144164044,0.798936799413408,0.957033145744501,-4.5953555206839
"M81601_at",-84.0223961424278,-672.094623793224,-0.256195822271799,0.799181524511256,0.957044436101874,-4.59535556298785
"U09366_at",39.8003897769957,132.02903924269,0.256126111881976,0.799234952584051,0.957044436101874,-4.59535557221616
"HG3369-HT3546_at",-25.1008718738637,-827.687144281849,-0.255977506037526,0.799348851692997,0.957044436101874,-4.59535559188038
"HG884-HT884_s_at",-84.0112524222885,-889.963551689754,-0.25558835274373,0.799647139679725,0.957240851612576,-4.59535564332129
"X17620_at",110.442623548943,-189.209943758451,0.255275711302598,0.799886802963899,0.957367034564546,-4.59535568459203
"U79247_at",-17.7817695500655,-776.900843124975,-0.255015830905202,0.800086035839071,0.95743880535586,-4.59535571885978
"HG3477-HT3670_at",-63.4881983018263,-2131.12065817025,-0.254847231960521,0.800215296581255,0.95743880535586,-4.59535574107264
"Z24727_at",-20.1078432048125,-585.623237432386,-0.254330201125027,0.800611727113274,0.95770249412219,-4.59535580910035
"HG3075-HT3236_s_at",-25.3616297382443,-1049.93951881362,-0.254209493240575,0.80070428691018,0.95770249412219,-4.59535582496258
"D86984_at",-23.3726900426801,-1145.21620859669,-0.253787684337773,0.801027756284002,0.957821241304942,-4.5953558803338
"X14968_at",-20.6800472143719,-879.028990036695,-0.253625503595905,0.801152136038136,0.957821241304942,-4.5953559015991
"U79289_at",32.6847137265065,-141.13313031242,0.253453185072733,0.801284296409418,0.957821241304942,-4.59535592417888
"M67439_at",27.2054964109515,-736.800321516979,0.25337946335155,0.801340839380912,0.957821241304942,-4.59535593383435
"X82554_rna1_at",24.9015484641633,-794.782981241126,0.252720970155695,0.801845937440459,0.958264350576154,-4.59535601995475
"HG2566-HT4792_r_at",-212.007123345104,-4047.93421399386,-0.252432465491238,0.802067262464446,0.958325254192077,-4.59535605761642
"J04173_at",286.732530675759,4829.42026768143,0.252304185802628,0.802165676941875,0.958325254192077,-4.59535607434845
"X91220_at",-25.012945623133,-978.011307537082,-0.251658262488453,0.802661270308422,0.958355439011212,-4.59535615847042
"X98260_at",-45.6255900109394,-379.407350655935,-0.251562721365003,0.802734582535655,0.958355439011212,-4.59535617089506
"HG3627-HT3836_at",-43.8330081014331,-291.274718774406,-0.251126494039156,0.80306933878003,0.958355439011212,-4.59535622756465
"L42583_f_at",-33.8851999523155,-331.546024592657,-0.250988492704478,0.803175247374247,0.958355439011212,-4.59535624547184
"D63475_at",-125.774645610014,1851.85005943768,-0.250818797303581,0.803305484610328,0.958355439011212,-4.59535626747828
"Z68204_at",-42.9941994760096,376.646856127484,-0.250795077068425,0.803323689786447,0.958355439011212,-4.59535627055318
"M26576_cds2_at",25.7490174191796,-725.999389635056,0.250645561320242,0.803438445019136,0.958355439011212,-4.59535628992861
"Y13115_at",-30.0108508675284,-159.250484285165,-0.250623314667577,0.803455519983817,0.958355439011212,-4.59535629281053
"M15661_at",-171.218645984765,-1595.34308035422,-0.250533158389293,0.803524718595675,0.958355439011212,-4.59535630448711
"Y09443_at",-31.3284160990257,-761.220667897578,-0.250519930510386,0.80353487166569,0.958355439011212,-4.59535630619996
"D49372_s_at",-22.2725131287533,-599.598590474302,-0.24983605826602,0.804059825328276,0.95878163904284,-4.59535639463107
"D13640_at",106.540442681587,979.081379204335,0.249704105922378,0.804161125103804,0.95878163904284,-4.59535641166611
"M80335_at",-47.4250298340771,463.275186640825,-0.24947223389078,0.80433914147866,0.958833570358462,-4.59535644157911
"M31153_at",-266.845854751455,4139.0618092531,-0.249232727601293,0.804523030022012,0.958892483216942,-4.59535647244801
"U66059_cds7_at",39.5574970551252,346.13270258141,0.248960316240486,0.804732196147736,0.958981499119235,-4.59535650752208
"M38180_rna1_at",-18.8696053944838,-735.46777483788,-0.248417491014099,0.805149037984958,0.95926962404051,-4.59535657729941
"K01900_at",21.2223740503315,-787.875644957381,0.248241507401502,0.805284190227979,0.95926962404051,-4.5953565998887
"L14837_at",25.919307533195,-526.841665498217,0.248062910602927,0.805421355536158,0.95926962404051,-4.59535662279715
"Z14244_at",135.091391808177,-963.111047452862,0.247867027317146,0.805571804313581,0.95926962404051,-4.59535664790409
"U12978_at",-19.9864953144234,-717.815459755631,-0.247769670513453,0.805646582299623,0.95926962404051,-4.59535666037528
"X98296_at",-55.5240014346152,-337.018052672874,-0.247253327798069,0.806043206605965,0.959433036186956,-4.5953567264362
"U67674_at",28.0584676168015,-481.676888097883,0.247070519551592,0.806183641662907,0.959433036186956,-4.59535674979189
"X07495_at",37.9949855826282,-847.549668494937,0.246967491693121,0.806262791520865,0.959433036186956,-4.59535676294722
"U87408_at",-38.178850481631,-622.485851288926,-0.246890422196802,0.80632200054248,0.959433036186956,-4.59535677278444
"J02874_at",22.5677899670952,-735.503595152361,0.246589027070639,0.806553559920116,0.959548454419478,-4.59535681122549
"U03634_at",27.0436299427055,-1.63360164022143,0.246336446400556,0.806747629138535,0.959619239931091,-4.59535684340464
"M77348_rna1_s_at",-62.2747181045021,-952.805837124873,-0.245940994630044,0.807051497569153,0.959820585251106,-4.59535689371995
"M20778_s_at",-54.8128720935588,98.3161864380133,-0.245274538983224,0.807563676136701,0.960269563870404,-4.59535697833469
"HG880-HT880_s_at",56.5195300833946,-1273.46160020443,0.24504477931226,0.807740268894943,0.960319416053658,-4.59535700745262
"U29463_s_at",-34.1000047867462,-905.268664485236,-0.244512653732219,0.808149298507571,0.96053924347736,-4.59535707478589
"HG2380-HT2476_s_at",-46.8335097484127,-1261.38850266327,-0.244424164112366,0.808217323222346,0.96053924347736,-4.59535708596894
"X75252_at",-45.0620334547286,628.18669175221,-0.244278547385137,0.808329266597621,0.96053924347736,-4.5953571043628
"Y07829_xpt3_at",22.2086955890245,-822.795404607027,0.243699010824002,0.808774827796356,0.960908579975977,-4.59535717746012
"Y10517_at",-25.3125068638917,-1041.85783056497,-0.243340214723881,0.809050710920681,0.96092705672939,-4.59535722262882
"L36861_at",-23.0359405420731,-483.102825181107,-0.243227197266196,0.809137616670513,0.96092705672939,-4.59535723684285
"X51804_at",-33.9602819409856,-839.456379289103,-0.243153042830375,0.809194639694291,0.96092705672939,-4.59535724616557
"X69920_s_at",23.4225283692328,-611.173468737014,0.242959266395158,0.809343654206102,0.960943989034918,-4.59535727051387
"Y09267_at",-56.416846462406,371.517505867059,-0.242710848591582,0.809534698567423,0.961010809969085,-4.59535730169973
"U35246_at",-24.7685500278867,-623.682286592252,-0.241992255801682,0.810087394863543,0.961304232374116,-4.59535739173187
"M34376_s_at",24.5748411217649,-541.944336318291,0.241699895944847,0.81031228784827,0.961304232374116,-4.59535742828557
"M63835_at",-21.5792620623065,-627.991776418114,-0.241533663674124,0.810440166536835,0.961304232374116,-4.59535744904997
"D31784_at",18.8684414847123,-606.817304951126,0.241470328836247,0.810488889965243,0.961304232374116,-4.59535745695752
"U04810_at",21.7974394737475,-687.57659033867,0.241401884399162,0.810541545061768,0.961304232374116,-4.5953574655007
"X57830_at",-70.1312770152864,474.855734094113,-0.241337978420099,0.810590709474907,0.961304232374116,-4.59535747347521
"M36653_s_at",78.1744693215096,-304.775273688281,0.24084239486156,0.81097200023846,0.961536256200944,-4.59535753524545
"U33017_at",-72.6228345010979,-1613.21051120851,-0.240733179466916,0.811056034363859,0.961536256200944,-4.59535754884124
"U50527_s_at",-17.4611132427164,-748.22456338371,-0.240488974369799,0.811243942453856,0.961599161176603,-4.59535757921919
"U89355_at",28.8839396336978,-285.494894158782,0.240256882903832,0.811422539969963,0.961602139768723,-4.59535760806186
"U24105_at",-109.684797140352,442.954399102099,-0.240082173694488,0.811556987798256,0.961602139768723,-4.59535762975521
"U30245_at",-19.6353856370749,-793.655435699829,-0.239909192836896,0.81169011126359,0.961602139768723,-4.5953576512185
"X59373_at",-27.8914462800625,-1013.29249069329,-0.239784797030186,0.811785847904602,0.961602139768723,-4.59535766664391
"Y00062_at",71.8016410714262,-514.793220135945,0.239545718899565,0.8119698537788,0.961660359956257,-4.59535769626789
"M13928_s_at",-35.6136901676673,-295.942751440621,-0.239026482586048,0.812369519867755,0.961907204233521,-4.59535776050487
"M29064_at",-74.320023047007,-162.073205328612,-0.238822492069657,0.812526549171497,0.961907204233521,-4.59535778570351
"U31973_s_at",-31.1807657737527,-360.219011220515,-0.238527563304866,0.812753595441313,0.961907204233521,-4.59535782209782
"M23613_at",-546.208839037694,320.304387356294,-0.23845403309112,0.812810204069566,0.961907204233521,-4.59535783116451
"M25809_at",22.381318421733,-588.463163567382,0.238398796973663,0.812852729310223,0.961907204233521,-4.5953578379736
"X63454_at",-67.7274831178889,757.704762127965,-0.238218630078266,0.81299144037856,0.961911724131328,-4.59535786017233
"D88797_at",22.3114046540878,-504.46145452255,0.237751604934661,0.813351032923088,0.961973311834486,-4.59535791763779
"X99325_at",-67.6913051101117,-1331.96028116492,-0.237520176593235,0.813529239580464,0.961973311834486,-4.59535794607252
"HG371-HT26388_at",-16.5549168202194,-779.974063050418,-0.237355880493066,0.813655758523299,0.961973311834486,-4.59535796624226
"D17357_at",29.8266782508957,-698.925488536474,0.237161928128469,0.813805121272891,0.961973311834486,-4.59535799003488
"AFFX-HUMGAPDH/M33197_M_at",818.539517377351,28711.0569910966,0.237002100420289,0.813928209910614,0.961973311834486,-4.59535800962681
"HG4462-HT4731_at",-24.6854427611716,-902.262394744978,-0.23646860933148,0.814339103731196,0.961973311834486,-4.59535807492793
"U57316_at",58.5053936856552,110.867873915742,0.236098766033763,0.814623987521969,0.961973311834486,-4.59535812011213
"U33203_s_at",-19.4704111013889,-703.6096348832,-0.235936253674228,0.814749176000366,0.961973311834486,-4.59535813994423
"X83928_at",34.0020664317497,-866.631848582403,0.235829717416391,0.814831246963488,0.961973311834486,-4.59535815293795
"U01120_at",32.1952412270075,-1075.15340791387,0.23569638174546,0.814933966022184,0.961973311834486,-4.59535816919205
"X63692_at",55.4362256092696,760.869089242889,0.235623542538768,0.814990081246392,0.961973311834486,-4.59535817806755
"S83309_s_at",30.5378796024448,-434.411964859651,0.235548043491008,0.815048246650197,0.961973311834486,-4.59535818726428
"Y08302_at",36.1142232618353,-149.697949632757,0.235465904983326,0.815111528380363,0.961973311834486,-4.59535819726645
"X80199_at",85.9353562510164,174.164161792823,0.235277855211072,0.815256411738602,0.961973311834486,-4.59535822015258
"Y10375_s_at",-31.199417658027,-1020.07763829132,-0.235171489908143,0.815338364027958,0.961973311834486,-4.59535823308945
"U83598_s_at",40.6172925205721,-449.468811281322,0.235123075867156,0.81537566675165,0.961973311834486,-4.59535823897598
"Z80777_at",23.5405274238222,-682.906443580419,0.235111138200361,0.815384864718086,0.961973311834486,-4.59535824042726
"X81788_at",17.075884450364,-723.729528369053,0.234892995226961,0.815552948430234,0.961973311834486,-4.59535826693434
"X77094_at",71.6093083160156,1136.86149037851,0.234710360290322,0.81569367924808,0.961973311834486,-4.59535828910794
"L17418_cds2_s_at",21.3510451037814,-796.855791944524,0.234648305830363,0.815741497218221,0.961973311834486,-4.59535829663803
"X57522_at",-71.2364241469338,1093.06631141553,-0.23441721824613,0.815919575129226,0.962024221270917,-4.59535832466229
"HG2271-HT2367_s_at",50.4779171568636,-1756.27928907435,0.233746318894184,0.816436631433162,0.962470702863709,-4.59535840586748
"D79989_at",-17.4256951643559,-678.723332262647,-0.233286074621791,0.816791385771412,0.962470702863709,-4.5953584614413
"U07681_at",-78.0029255423635,704.883349209194,-0.233178123380239,0.816874599786488,0.962470702863709,-4.59535847446048
"J02960_cds1_s_at",37.060252476598,-661.318190491976,0.23305904933806,0.816966390281745,0.962470702863709,-4.59535848881416
"L07949_at",-16.5662939925372,-759.411207700482,-0.233050347497176,0.816973098364048,0.962470702863709,-4.59535848986283
"AB001325_at",73.9200154863411,1447.36736402851,0.232715603893028,0.817231156369713,0.962539069951603,-4.59535853017365
"D55640_at",52.4569220432154,364.806748098317,0.232624893865984,0.817301089406389,0.962539069951603,-4.5953585410873
"M37271_s_at",51.8715500631185,323.55556806639,0.232234045783747,0.817602431634591,0.962635751179848,-4.59535858806325
"M84711_at",715.242815221334,1863.78966565346,0.232168242373976,0.817653168545272,0.962635751179848,-4.59535859596443
"S58544_at",-18.4361800539035,-679.788549669126,-0.231521145079674,0.818152147248009,0.963064206342944,-4.59535867354435
"HG2573-HT2669_at",20.4841718881982,-524.313852029913,0.230527675591748,0.818918363654301,0.963578411896103,-4.59535879223149
"Z23064_at",-65.7624231605524,-280.637618203029,-0.230407058220684,0.819011402432849,0.963578411896103,-4.59535880660678
"Z83805_at",77.8999921678983,-2048.72966810679,0.230395269570297,0.819020495806154,0.963578411896103,-4.59535880801136
"D50857_at",24.7145496418252,-252.672411012586,0.23023426913585,0.819144688726049,0.963578411896103,-4.59535882718689
"AC000099_at",-22.1534920384659,-529.363301352297,-0.229847908615676,0.819442739716397,0.963578411896103,-4.59535887314899
"X82018_at",-18.3217383253724,-733.587794105641,-0.229826210921582,0.819459478823704,0.963578411896103,-4.5953588757279
"U61263_at",57.0467751531576,-840.026929036301,0.229728504493446,0.819534857404272,0.963578411896103,-4.59535888733797
"X70940_s_at",62.0751624405986,689.933736506004,0.229369277916293,0.81981200851984,0.963735856221436,-4.59535892998124
"U48707_at",-26.149466261381,-934.775500493395,-0.229059065550134,0.820051362940194,0.963735856221436,-4.59535896675269
"Z17227_at",45.7775045587671,481.082935656117,0.229029458979816,0.820074207762119,0.963735856221436,-4.59535897025956
"X79683_s_at",45.3661947575619,-1079.84604980351,0.228617337104753,0.820392222938997,0.963950723641125,-4.59535901902818
"X15949_at",19.9928496149137,-827.896371417507,0.228392589978502,0.820565662729177,0.963995673957456,-4.59535904558692
"U32331_at",18.2048429067198,-706.531928958407,0.22725017725129,0.821447415892366,0.964726893965892,-4.59535918018607
"M59964_at",27.0735418661104,-724.174537296808,0.227083353139974,0.821576196100763,0.964726893965892,-4.59535919978514
"X81372_at",17.2091036981352,-524.404029028348,0.226919495956494,0.821702690850936,0.964726893965892,-4.5953592190217
"U62389_at",-23.8476492255759,-648.356838373069,-0.226885116107146,0.821729232078085,0.964726893965892,-4.59535922305608
"U07225_at",38.0183323467323,-170.671627055479,0.226686416511046,0.821882632226776,0.964748156445949,-4.59535924636104
"X51441_at",-18.694257604366,-810.777577558476,-0.22649786858557,0.822028201626838,0.964750146652804,-4.59535926845656
"X93017_at",44.1275984722864,-497.479668579427,0.226333761010393,0.822154906914751,0.964750146652804,-4.59535928767308
"U31120_rna1_at",21.7234261077719,-322.23615345085,0.226149592734346,0.82229710654845,0.964758253833004,-4.59535930922215
"U55206_at",-27.5272768499025,-649.144415805621,-0.225900867560006,0.822489161357034,0.964824841197074,-4.59535933829718
"U68494_at",-24.377910287451,-695.805611581334,-0.225698740578333,0.822645243206042,0.96484921534577,-4.59535936190161
"D14822_at",16.9698774974474,-745.1452417757,0.225395640976651,0.822879309484986,0.964965031399019,-4.59535939725826
"M25280_at",-41.2767595582105,108.247868124301,-0.224837113845527,0.823310670574178,0.965038659706787,-4.59535946228682
"U70732_rna1_at",95.4541650958836,1528.30051289691,0.224753781146991,0.823375034760006,0.965038659706787,-4.59535947197537
"X96586_at",29.026463055003,-621.034590390352,0.224292686818305,0.823731195326558,0.965038659706787,-4.59535952551927
"U14973_at",585.93311461924,30002.239029506,0.223998769588663,0.823958243910642,0.965038659706787,-4.59535955959289
"U41763_at",53.6048659816745,-2096.07318873934,0.223927061483786,0.824013640143425,0.965038659706787,-4.59535956789921
"U19345_at",79.9816545042475,695.241733178562,0.223286223494512,0.824508743326656,0.965038659706787,-4.59535964201337
"X16546_at",36.7152029666933,-657.319157347317,0.223275761817639,0.824516826486536,0.965038659706787,-4.59535964322153
"S77393_at",19.2523573268177,-666.403429689739,0.22302178444511,0.824713066709836,0.965038659706787,-4.59535967253467
"L40386_s_at",-64.4847607994575,-931.807331624867,-0.222024256554538,0.825483934864551,0.965038659706787,-4.59535978734455
"U39573_at",59.1501494064747,-500.686146537598,0.222002671952106,0.825500616919413,0.965038659706787,-4.59535978982316
"M99438_at",25.6801737595234,-1004.79852773795,0.221974192950233,0.825522627562382,0.965038659706787,-4.5953597930931
"D11151_at",17.06127420855,-615.426744673548,0.221930198340894,0.825556630075061,0.965038659706787,-4.59535979814371
"X66365_at",49.3569614132767,516.382551634791,0.221827347070525,0.82563612299664,0.965038659706787,-4.59535980994722
"L09230_s_at",329.379859307084,1014.72702289754,0.221706896782018,0.82572922042141,0.965038659706787,-4.59535982376353
"Z48519_s_at",-28.4352070221694,-327.258789768994,-0.221592283062366,0.825817809060515,0.965038659706787,-4.59535983690342
"L06797_s_at",17.7873489390476,-871.456741067157,0.221480422075041,0.825904272247837,0.965038659706787,-4.5953598497212
"U80811_at",-48.2514999604081,-606.563881855325,-0.221438010744496,0.825937054749815,0.965038659706787,-4.59535985457929
"M64934_at",-21.5418841768542,-698.749985465199,-0.221413795126229,0.825955772732633,0.965038659706787,-4.5953598573527
"AFFX-PheX-3_at",-18.5413707027844,-790.644153164503,-0.221253768212146,0.826079471562318,0.965038659706787,-4.59535987567298
"U41745_at",29.0291612664524,-823.66496098126,0.221017081388975,0.826262435785035,0.965038659706787,-4.59535990274532
"U22233_at",-122.479822915478,2671.61107356832,-0.220989290978848,0.826283919039123,0.965038659706787,-4.5953599059221
"U37251_at",-39.447834926912,121.225804280996,-0.220918927095221,0.826338314133946,0.965038659706787,-4.59535991396378
"U52111_rna4_at",-138.473172916314,-3255.73901939861,-0.220860883360433,0.826383185738498,0.965038659706787,-4.59535992059552
"X13955_s_at",21.5775998272684,-648.904613205244,0.220575198124228,0.826604047707309,0.965038659706787,-4.59535995321095
"U06233_at",-32.7120785317446,-406.865257373148,-0.220339439577155,0.826786322322688,0.965038659706787,-4.59535998009484
"U44754_at",-24.4838303278139,-375.048059381527,-0.220305384509796,0.826812652496382,0.965038659706787,-4.59535998397583
"S81439_at",-24.9137066914741,-284.573524582305,-0.220283646932095,0.826829459328566,0.965038659706787,-4.59535998645278
"Z47055_s_at",-77.1214607815584,-526.12030009541,-0.220017711319039,0.827035079310207,0.965038659706787,-4.59536001673583
"J04168_at",23.4014821187588,-394.913100380177,0.219891305769605,0.827132819724123,0.965038659706787,-4.59536003111734
"M22632_at",155.880743757655,2155.47877803075,0.219889267030534,0.827134396158753,0.965038659706787,-4.59536003134922
"L10035_at",16.7844496295669,-778.038385484867,0.219658760431245,0.827312637754584,0.965038659706787,-4.59536005755317
"X97261_r_at",146.193017058001,984.711125511514,0.21912594390287,0.827724678998783,0.965038659706787,-4.595360118019
"U73377_at",17.2426254123282,-531.988963553126,0.21910419801609,0.82774149672168,0.965038659706787,-4.59536012048369
"M64925_at",160.306682347374,-3544.21813759743,0.218981838478022,0.827836128047622,0.965038659706787,-4.59536013434747
"U73338_at",18.2147537108362,-782.357511702865,0.218856658101405,0.827932943664216,0.965038659706787,-4.59536014852289
"L19493_s_at",27.2080829247495,-464.448941646536,0.21883592849187,0.827948976391028,0.965038659706787,-4.59536015086953
"X61373_at",-25.7703538710387,-749.772499238091,-0.218344329543789,0.828329211445715,0.965038659706787,-4.59536020645487
"L18920_f_at",21.2464982589887,-240.687548144081,0.218266541572913,0.828389381629793,0.965038659706787,-4.595360215239
"X06482_at",-23.6447112894593,-1020.51371422001,-0.218210879924764,0.828432437407917,0.965038659706787,-4.59536022152263
"HG1800-HT1823_at",-422.256639197792,42936.8010294048,-0.217862582235422,0.828701867181191,0.965038659706787,-4.59536026080563
"U64444_at",68.6805527935195,-588.700295661576,0.217629645421554,0.828882069889456,0.965038659706787,-4.59536028704273
"L31529_at",17.0453854115536,-908.028561949631,0.217539149487288,0.828952081153939,0.965038659706787,-4.5953602972283
"Z29077_xpt1_at",-53.1723701968534,-1516.42844177816,-0.21721233996946,0.829204925792374,0.965038659706787,-4.59536033397656
"M33518_at",32.9152701256932,-595.602634195054,0.216592801340521,0.829684298359273,0.965038659706787,-4.59536040348999
"X59841_at",-336.948198912058,2976.19798526242,-0.216437856217039,0.829804198602426,0.965038659706787,-4.59536042084425
"L25270_at",67.4928784316349,-1011.14188360428,0.216233642164847,0.829962230616869,0.965038659706787,-4.59536044369788
"M93221_at",15.372952569578,-651.681999479448,0.216224764588292,0.829969100733951,0.965038659706787,-4.59536044469088
"U24685_at",39.0405989787674,-799.158415836414,0.216177690047863,0.830005530677144,0.965038659706787,-4.59536044995574
"U05321_at",-38.7204428140145,306.33425837859,-0.215733906492091,0.830348983599378,0.965038659706787,-4.59536049953283
"S87759_at",-49.4709374549868,-772.737387584528,-0.215330189744568,0.8306614573034,0.965038659706787,-4.59536054454581
"X14690_s_at",-51.7599573048442,-1218.70107801559,-0.21515496011037,0.83079709238183,0.965038659706787,-4.59536056405718
"L12468_at",15.3586964112616,-632.800653116129,0.214866070713205,0.831020716321641,0.965038659706787,-4.59536059618976
"U10685_at",17.695508378192,-523.935454911812,0.214786684971497,0.831082169849295,0.965038659706787,-4.59536060501215
"U82320_at",-34.6846862577682,-779.460847743079,-0.214683298079686,0.831162204587416,0.965038659706787,-4.595360616497
"U21943_at",17.002284180371,-611.17136367209,0.214430603577654,0.831357830262763,0.965038659706787,-4.59536064454469
"M76482_at",-28.4912096808267,-1122.76778653435,-0.214334614564701,0.831432143851387,0.965038659706787,-4.59536065519033
"X64877_s_at",-19.1060312401541,-596.836802249015,-0.214162355048231,0.831565509115203,0.965038659706787,-4.59536067428282
"J00220_cds4_at",102.579451683662,-230.762909081925,0.214123213821249,0.831595813398684,0.965038659706787,-4.59536067861894
"U83600_at",58.8794340802578,-364.432590413362,0.213923098656483,0.831750752483305,0.965038659706787,-4.59536070077562
"S62539_at",-35.4925760703609,-500.139354297654,-0.213840621434493,0.831814612417763,0.965038659706787,-4.59536070990147
"M13143_at",25.0938176006585,-280.619371523629,0.213706308725477,0.831918609671471,0.965038659706787,-4.59536072475526
"M95767_at",-17.4962504242284,-538.803260160247,-0.213383445529017,0.832168612571071,0.965038659706787,-4.59536076042305
"D31765_at",-44.1228040399304,865.914963039358,-0.213326876278934,0.832212417699186,0.965038659706787,-4.59536076666693
"D13634_at",-17.0582200904452,-470.343882732449,-0.213119860188088,0.832372727897115,0.965038659706787,-4.59536078950244
"X90840_at",21.5396639122961,-1011.59891537506,0.212982514028571,0.832479090732284,0.965038659706787,-4.59536080464062
"X83425_at",52.8583325914532,-942.200814260676,0.212898300550013,0.832544308434992,0.965038659706787,-4.59536081391777
"D90282_at",15.9878513079203,-712.366828854088,0.212634226422255,0.832748823942728,0.965038659706787,-4.59536084298508
"U62317_rna7_at",46.1347344274372,-1051.24946114312,0.212260481969132,0.833038295122071,0.965038659706787,-4.59536088406271
"M76231_at",-20.5548022410552,-947.034864697926,-0.212131939057223,0.833137859148155,0.965038659706787,-4.59536089817402
"U07794_cds2_at",73.6852689808992,1233.44683816625,0.212042444448637,0.833207179616047,0.965038659706787,-4.59536090799363
"X74008_at",75.6118751842339,-341.531016940821,0.211903703126387,0.83331464812257,0.965038659706787,-4.59536092320858
"U45974_at",-48.3225921292242,1362.91450959411,-0.2118162838708,0.833382364412709,0.965038659706787,-4.59536093279024
"X92972_at",-87.5384387778949,487.406174660042,-0.211543955917303,0.833593322040308,0.965038659706787,-4.59536096261376
"HG4518-HT4921_r_at",30.9575390830194,-871.376506881149,0.211387923557473,0.833714197423017,0.965038659706787,-4.59536097968417
"U38175_at",-27.1299727294042,-345.24948476377,-0.211227384514669,0.833838568315458,0.965038659706787,-4.59536099723454
"M31520_at",603.253470746444,2966.04849127511,0.211176178820872,0.833878238689387,0.965038659706787,-4.59536100282963
"X73460_at",1083.44602848374,6926.52168791333,0.211121655710533,0.833920479635021,0.965038659706787,-4.59536100878573
"L34081_at",-15.9855677001675,-775.433691832103,-0.210961432624477,0.834044612903941,0.965038659706787,-4.59536102627959
"X90392_at",20.2169877305076,-864.686321429096,0.210870353596969,0.834115178544321,0.965038659706787,-4.59536103621812
"K02100_at",-19.208779027809,-524.99302348631,-0.210839253927393,0.834139274070398,0.965038659706787,-4.59536103961073
"X79234_at",807.771633437416,3884.11619516673,0.210648814765615,0.834286826815645,0.965038659706787,-4.59536106037455
"U18237_at",43.5493728706315,-1748.4477397544,0.210600124965578,0.834324552770367,0.965038659706787,-4.59536106568026
"Z83803_at",17.1792389530744,-757.899402272485,0.210457973971027,0.834434696834218,0.965038659706787,-4.59536108116343
"X76104_at",35.6772338471552,-779.445583599814,0.210233655797995,0.834608514061966,0.965038659706787,-4.59536110557512
"S75313_at",16.1238939263465,-501.208273174472,0.210130915607034,0.83468812707072,0.965038659706787,-4.59536111674729
"D76435_at",16.1484114456217,-683.503562186121,0.21010522318724,0.834708036310919,0.965038659706787,-4.59536111954029
"X52638_at",28.4368712091247,-803.106344034742,0.209903293437596,0.834864516955582,0.965038659706787,-4.59536114148002
"D28483_at",21.2305407873904,-249.075324618137,0.209779050124145,0.834960799728037,0.965038659706787,-4.59536115496866
"D21337_at",17.3980222206751,-707.807271948063,0.209661649064051,0.835051782437291,0.965038659706787,-4.59536116770716
"J03068_at",-25.3591336189885,-437.427372207287,-0.209571300350839,0.835121801858167,0.965038659706787,-4.59536117750553
"X91247_at",57.7480207191854,-393.965777262511,0.208979129930742,0.835580762102658,0.965412575267993,-4.59536124162269
"HG3484-HT3678_s_at",22.8432593431158,-392.27648392013,0.208791951455882,0.835725846443532,0.965423782761838,-4.59536126185185
"Z00010_at",18.7024306849569,-572.87190549052,0.208473309107348,0.835972843419403,0.965552696213761,-4.59536129624736
"U50330_at",30.2215737297337,-1205.06250006107,0.208069927035169,0.836285550875963,0.965754319127433,-4.59536133971499
"HG3942-HT4212_at",-53.8287025559867,-2182.55994381365,-0.207830913423654,0.83647085028786,0.965754319127433,-4.59536136543109
"X94563_xpt2_r_at",-34.8753594144613,332.036539347147,-0.207596526840385,0.836652571680749,0.965754319127433,-4.59536139062076
"U85430_at",-22.6045363694219,-533.172776063467,-0.207468858814248,0.836751557318848,0.965754319127433,-4.59536140432942
"M24194_at",975.286993423794,3125.6643081109,0.207128993711021,0.837015080122879,0.965754319127433,-4.59536144078234
"X75546_at",-27.3186063595714,-811.812240319509,-0.206714170215941,0.837336749537605,0.965754319127433,-4.59536148519444
"X76040_at",-25.1731223205385,-446.085015329865,-0.206497466658766,0.837504800704699,0.965754319127433,-4.59536150836005
"U23803_at",40.8566989045191,-732.874558025983,0.206322283855442,0.837640658630618,0.965754319127433,-4.59536152706941
"U27193_at",24.0126825187094,-894.66975471064,0.206199163540445,0.837736144021103,0.965754319127433,-4.59536154020909
"L35475_at",53.5130428151594,878.924844240495,0.206153240790978,0.837771759833336,0.965754319127433,-4.59536154510807
"X79981_at",-22.3403520086023,-427.68162569241,-0.2060909391506,0.837820078998165,0.965754319127433,-4.59536155175259
"HG2260-HT2349_s_at",79.780415007234,-91.3614177342854,0.205986615401763,0.837900990593904,0.965754319127433,-4.59536156287433
"D63851_at",28.6845300770215,221.255808705289,0.205871160093314,0.837990537702059,0.965754319127433,-4.59536157517624
"M11973_cds1_at",-24.0575414285333,-622.889439349714,-0.205802961103419,0.838043433846663,0.965754319127433,-4.59536158243971
"M83363_at",-81.7066843167872,-3034.30542579092,-0.205048178966572,0.838628904799643,0.965789451576369,-4.59536166266704
"D88213_at",21.991517292914,8.52621204986179,0.205021799770356,0.838649368350609,0.965789451576369,-4.59536166546564
"Y12856_at",-26.6528742613376,-713.740909306609,-0.205013312414564,0.838655952405437,0.965789451576369,-4.59536166636599
"X83218_at",-120.021787195154,202.256244044941,-0.204927202939338,0.838722752378888,0.965789451576369,-4.59536167549854
"U15655_at",-20.8856625222219,-940.793400327585,-0.204890665201225,0.838751097126975,0.965789451576369,-4.59536167937249
"L14269_at",17.0626194804636,-654.372818588595,0.204638691856352,0.838946575492505,0.965858577629488,-4.59536170606947
"HG1751-HT1768_s_at",26.6702684989104,-132.281084960801,0.204439428084805,0.839101169623479,0.965880619949158,-4.59536172715863
"X75958_at",22.7069485745932,-1177.13114021811,0.203272273869766,0.840006808359678,0.966641828125268,-4.59536185027402
"U49837_at",49.2448857499261,259.84723137341,0.203184989690145,0.840074544297348,0.966641828125268,-4.59536185945284
"U14970_at",-397.44289788712,45478.5000215929,-0.202835293092409,0.840345934882432,0.966641828125268,-4.59536189618767
"L10717_at",-23.3411678475577,-439.060858549613,-0.202425638528982,0.840663882410497,0.966641828125268,-4.5953619391408
"M64554_rna1_at",17.8734757732534,-521.741482784727,0.20230003060475,0.840761376620986,0.966641828125268,-4.59536195229373
"U40846_s_at",15.8407671110865,-516.821982710714,0.202262537858894,0.840790478188524,0.966641828125268,-4.59536195621817
"X59812_at",45.2005332323636,-1770.84214752224,0.202005394301379,0.840990077043111,0.966641828125268,-4.59536198311443
"AF000234_at",-42.3674358034388,-1326.95711587992,-0.201810414245474,0.841141430701159,0.966641828125268,-4.59536200348591
"U70322_at",76.3696891650428,1327.61182237169,0.201768392520938,0.841174050948772,0.966641828125268,-4.59536200787376
"X93512_at",38.3904644720408,-1292.22299649417,0.201657926783684,0.841259803653291,0.966641828125268,-4.59536201940412
"J0",26.5309068289169,-1011.09328003126,0.201409183253709,0.841452906264436,0.966641828125268,-4.59536204534481
"X69978_at",-33.9566328378041,-31.7169061262782,-0.201389897412214,0.841467878510942,0.966641828125268,-4.59536204735474
"U17977_at",-76.0938318319639,1380.41060994804,-0.201288864597024,0.841546314652885,0.966641828125268,-4.59536205788103
"U90543_s_at",66.0136365371369,-1019.87674052491,0.201047738554815,0.84173351783057,0.966641828125268,-4.59536208298193
"U27768_at",45.9350241517092,-808.323040448932,0.200804800589577,0.841922137141554,0.966641828125268,-4.59536210824117
"L76224_at",40.4844482045873,483.812172978317,0.200780170129707,0.841941260988121,0.966641828125268,-4.5953621108004
"U29589_at",184.637796711528,-268.9994579128,0.200618362096836,0.842066896131561,0.966641828125268,-4.5953621276053
"L08835_rna2_s_at",-24.3862088764081,-1051.41708159481,-0.200081313966016,0.842483914768921,0.966767466125117,-4.59536218328482
"U89336_cds8_at",-52.6019645835222,-1048.43251394394,-0.199907992781015,0.842618508727486,0.966767466125117,-4.59536220122251
"M60094_rna1_at",-17.8199152500459,-541.825282701988,-0.199814356475752,0.842691224742071,0.966767466125117,-4.59536221090686
"L40396_at",-14.5411263232314,-761.062879365211,-0.199779063817871,0.842718632650922,0.966767466125117,-4.59536221455584
"X83378_at",17.2245669420533,-247.902323126569,0.199526160250473,0.842915040709985,0.96680163223599,-4.59536224068524
"X87904_at",30.727084912327,-985.658104000451,0.199327202193274,0.84306956115615,0.96680163223599,-4.59536226121797
"M60854_at",938.05854296677,3869.20479231577,0.199127032425628,0.843225029015481,0.96680163223599,-4.59536228185515
"M60459_at",-17.0868153161684,-922.200708657944,-0.19904245058273,0.843290723952862,0.96680163223599,-4.5953622905692
"L04953_at",-29.0865116588014,-110.885373387421,-0.198646375225048,0.843598371793307,0.966998873052254,-4.59536233132582
"D16593_at",42.072966330662,82.586186641163,0.198206628894696,0.8439399697255,0.967026183893827,-4.59536237648153
"X14787_at",-40.9319375871196,211.337786306139,-0.198185692160284,0.843956234284632,0.967026183893827,-4.59536237862896
"X62744_at",1012.59428476406,32809.7287975048,0.198091994168539,0.844029023777195,0.967026183893827,-4.59536238823652
"X51630_at",-16.6554987246908,-918.873685341337,-0.197707923712917,0.844327404230873,0.967212645714113,-4.59536242757089
"D00591_at",23.458435562691,-409.499861255895,0.197521255660018,0.8444724331455,0.967223405197648,-4.59536244666094
"HG4020-HT4290_s_at",-54.9572742558501,833.188974046751,-0.197186361323988,0.84473263796229,0.967366057701797,-4.59536248086469
"L19314_at",-27.4176511976293,-199.055015305746,-0.196958503604939,0.844909687983969,0.967413452956596,-4.59536250410344
"M19481_at",-15.2831862698866,-665.774398246708,-0.196473281255166,0.845286742624561,0.967438516292793,-4.59536255350111
"L33798_at",-32.0368119402977,-1768.37915567411,-0.196018571943753,0.845640119769626,0.967438516292793,-4.59536259968228
"AFFX-HUMGAPDH/M33197_3_at",653.556545840557,40122.7176580346,0.195983565823462,0.845667326100632,0.967438516292793,-4.59536260323315
"U15174_at",-30.9289882354022,-120.703004747103,-0.195918792314086,0.845717667789089,0.967438516292793,-4.59536260980184
"X78687_at",38.7084010374882,-1289.00594787867,0.195657258257616,0.845920937574437,0.967438516292793,-4.59536263630202
"D87743_at",-15.3067499275115,-390.509921567492,-0.195619725461497,0.845950109730672,0.967438516292793,-4.59536264010217
"S77582_at",-15.9368177724511,-785.237801720544,-0.19561260381606,0.845955645014616,0.967438516292793,-4.59536264082315
"Z14000_at",-1059.00686738594,31820.0053030567,-0.195491674742186,0.846049638089759,0.967438516292793,-4.5953626530617
"S83549_at",-25.78796411775,-767.782424831743,-0.195356440466598,0.846154752694008,0.967438516292793,-4.59536266673907
"M14219_at",-22.3119636109629,-344.668012215317,-0.165927370539539,0.869117470754106,0.974085604661332,-4.59536271072557
"X74570_at",19.7469075661706,-131.949459330971,0.194698583898688,0.846666130599033,0.967438516292793,-4.59536273313912
"S65583_rna1_at",-29.8323335085563,305.953445535035,-0.194584607085459,0.846754736111676,0.967438516292793,-4.59536274462057
"D67029_at",29.9622451428049,-239.965721759476,0.194522903363752,0.846802705392101,0.967438516292793,-4.59536275083351
"D63412_at",16.5485774541901,-686.617964357063,0.194452933238993,0.846857101796644,0.967438516292793,-4.5953627578764
"L19063_at",-16.3350968903743,-1000.35944887863,-0.193977250296473,0.847226928896445,0.967438516292793,-4.59536280568974
"M60626_at",30.529908448111,-1625.54096368053,0.193732775625557,0.847417013148153,0.967438516292793,-4.59536283021777
"Z23090_at",-215.953783499748,2843.8953550399,-0.193655926261498,0.847476767069197,0.967438516292793,-4.59536283792167
"U17034_at",-14.8670779030425,-786.390897955241,-0.193541960840336,0.847565382113169,0.967438516292793,-4.59536284934072
"U96781_cds1_at",54.7284291770043,-923.603153399986,0.193498123540033,0.847599468813193,0.967438516292793,-4.59536285373133
"U22680_at",-17.8611333952671,-584.758271007408,-0.193450943534299,0.847636155041849,0.967438516292793,-4.59536285845562
"M57399_at",18.6406758749548,-612.645540353064,0.193439684977112,0.847644909521437,0.967438516292793,-4.59536285958281
"L40394_at",18.1605753501452,-357.254187869103,0.192043455998791,0.848730746726623,0.968259652197191,-4.59536299886435
"L78833_cds1_at",-14.874859020442,-840.063619943575,-0.192037899129589,0.848735068861599,0.968259652197191,-4.59536299941668
"U37055_rna1_s_at",97.7779767205628,-3064.3308595288,0.191990786763874,0.848771713067542,0.968259652197191,-4.59536300409873
"U87269_at",26.6349072925114,-484.351670796129,0.191383457664577,0.849244126720775,0.968571675344577,-4.595363064353
"U18242_at",-38.7006683425198,-352.828165206904,-0.191072004794697,0.849486413578559,0.968571675344577,-4.59536309517906
"X67683_at",-27.4703650246985,-358.210416476776,-0.19099812842889,0.849543885993072,0.968571675344577,-4.59536310248364
"HG3925-HT4195_s_at",-37.1093107793462,45.9009943896274,-0.190817196676882,0.84968464608515,0.968571675344577,-4.59536312036151
"X59834_at",-136.616018537283,-227.958481814363,-0.190710755514813,0.849767456807242,0.968571675344577,-4.59536313087108
"M62843_at",41.7926607244641,-1416.75888223879,0.190530206732731,0.849907926849133,0.968571675344577,-4.59536314868437
"X06617_at",1169.42589973457,7235.17029806171,0.19026374776717,0.850115245534454,0.968571675344577,-4.59536317494303
"L10343_at",-16.3533702525188,-534.110851608096,-0.190200181116682,0.850164705228088,0.968571675344577,-4.5953631812019
"U83117_at",34.3955371840377,-585.496642989135,0.189718253837646,0.850539701273449,0.968571675344577,-4.59536322858547
"U03642_at",-36.0656368308272,-105.644500174796,-0.189684957418454,0.850565611099002,0.968571675344577,-4.59536323185478
"D55638_at",-26.4604654723681,-1100.40815130931,-0.189141818315388,0.850988282002799,0.968571675344577,-4.59536328510389
"U45982_at",53.2514980068975,1083.19621102988,0.188953590637412,0.851134771195423,0.968571675344577,-4.59536330352215
"U46023_at",23.1257027720305,-188.41345901619,0.188863517832499,0.851204872725651,0.968571675344577,-4.5953633123294
"HG64-HT64_at",-23.1024503255753,-489.073171312888,-0.188861823417451,0.851206191460461,0.968571675344577,-4.59536331249504
"S66896_at",32.1698922978028,-1019.63784739458,0.18839052075293,0.851573015204396,0.968571675344577,-4.59536335851002
"M83667_rna1_s_at",-180.776539631444,2951.6201521706,-0.188375749408935,0.851584512559928,0.968571675344577,-4.59536335995034
"M16336_s_at",-679.913432137489,12718.4573077031,-0.188351777925975,0.85160317096322,0.968571675344577,-4.59536336228752
"V01516_f_at",28.3620245763883,-846.438764930897,0.187942023057874,0.851922120424532,0.968571675344577,-4.5953634021921
"M90366_at",28.638885270154,-1163.8140772018,0.187742921468743,0.852077108385664,0.968571675344577,-4.59536342155064
"M55420_at",-29.761656818352,-984.272366624323,-0.187687237268876,0.852120456067355,0.968571675344577,-4.59536342696113
"X89960_at",32.0215723901146,-316.807547356512,0.187665104554886,0.852137685533301,0.968571675344577,-4.59536342911118
"L32179_at",19.0146830062762,-434.146336118882,0.187462246307564,0.852295606288142,0.968571675344577,-4.59536344880582
"M76378_at",43.6534830799403,-1340.16424617773,0.187412037819795,0.85233469346007,0.968571675344577,-4.59536345367707
"X55954_at",824.204409300438,4640.21614112709,0.187373278401022,0.852364867820694,0.968571675344577,-4.59536345743663
"U93049_at",-50.6966360803989,-69.3031941379655,-0.187275655453285,0.852440868666746,0.968571675344577,-4.59536346690238
"D31762_at",-22.4845792479218,-489.579947760115,-0.186510144625264,0.853036879010012,0.969047396267694,-4.59536354095772
"M95929_at",-29.6438778843481,-1230.4582112562,-0.186301984341971,0.853198963255313,0.969047396267694,-4.59536356104283
"U28249_at",-15.1017733773084,-1034.26716349864,-0.186214316615519,0.853267227761162,0.969047396267694,-4.59536356949509
"M17885_at",1071.85164612507,4421.85429216267,0.185949730923914,0.853473260465059,0.9691270414612,-4.5953635949804
"U72263_s_at",15.3455730786012,-696.011102425957,0.185272532017888,0.854000642121543,0.969442661533907,-4.5953636600448
"X12556_at",-111.416994582822,-2793.09010966562,-0.185243683035888,0.854023110328987,0.969442661533907,-4.59536366281132
"S80343_at",41.5083884660942,-483.487473554767,0.18493063058106,0.85426693022461,0.969565093017936,-4.59536369280439
"Y08612_at",-21.5626272264382,-809.138102494268,-0.184426086782411,0.854659922989093,0.969581228062964,-4.59536374103758
"L77571_at",38.6260086164249,-1448.3983206688,0.184403565474264,0.854677465871699,0.969581228062964,-4.5953637431875
"M85220_at",20.8037204583265,-1011.8973443149,0.184323718469314,0.854739662977687,0.969581228062964,-4.59536375080772
"X95525_at",-19.3097003560958,-653.113349744251,-0.184203946258981,0.854832961723051,0.969581228062964,-4.59536376223205
"M89470_s_at",15.9603432778103,-690.471184192309,0.184039604816701,0.854960981918373,0.969581228062964,-4.59536377789552
"U04325_cds3_at",-17.9265826159484,-954.847791563361,-0.183715772886971,0.855213255084781,0.969713105741704,-4.59536380871934
"U13369_at",20.1996111674902,-572.896725073611,0.18292730831056,0.855827552997223,0.969981359450985,-4.59536388354286
"S80437_s_at",-41.0992326848461,-68.229614828259,-0.182831869606355,0.855901916088482,0.969981359450985,-4.59536389257801
"U48736_at",-18.1118621744649,-407.516287687908,-0.182802890164303,0.85592449629898,0.969981359450985,-4.59536389532056
"S79639_at",-594.935808029191,28365.5692133581,-0.182585756338847,0.856093686600639,0.969981359450985,-4.59536391585582
"AB000460_at",-61.2532986097364,3364.82762487667,-0.182428312140094,0.856216371150671,0.969981359450985,-4.59536393073077
"AFFX-BioC-3_at",19.172363799703,-1380.67187595718,0.182364657373357,0.85626597360033,0.969981359450985,-4.59536393674109
"X05246_at",-15.7175196487276,-818.9408008536,-0.182175759832712,0.856413173919146,0.969994018935424,-4.5953639545646
"X82279_s_at",-31.6491482684953,-184.404454201421,-0.181858235725697,0.856660619492105,0.970015140169842,-4.59536398448325
"HG384-HT384_at",293.737067602255,19752.0606879608,0.181693065494694,0.856789341946718,0.970015140169842,-4.59536400002582
"X52075_rna1_at",-16.5094879701334,-529.740783369412,-0.181628185931153,0.856839905753728,0.970015140169842,-4.59536400612715
"X80818_at",-14.2860998214281,-666.116439680098,-0.181280269735767,0.857111064225115,0.970168095077666,-4.59536403880848
"U00952_at",49.8014669598075,-1053.47072648415,0.180153628323138,0.857989264723421,0.970703634774018,-4.59536414421044
"D21089_at",-33.5623037090401,716.007805483911,-0.180038331046253,0.85807914759344,0.970703634774018,-4.59536415496004
"U46116_at",-19.5092337562886,-702.051933033169,-0.179926825287316,0.858166076510946,0.970703634774018,-4.59536416534962
"M14764_at",-56.3433178064153,1455.87405272592,-0.102543237734438,0.918894566408666,0.982551679871075,-4.59536416631345
"M12625_at",-32.6980008319921,-557.363833598828,-0.179743622830026,0.858308903431946,0.970703634774018,-4.59536418240563
"M38258_at",14.9238538315042,-458.595046574577,0.179627485013093,0.858399448420863,0.970703634774018,-4.595364193209
"U17969_at",-61.8995362995492,-418.212156463126,-0.1795883344316,0.858429971981295,0.970703634774018,-4.5953641968493
"AF000959_at",34.0509855996494,-1690.00004386041,0.179450972909812,0.858537066963922,0.970703634774018,-4.59536420961519
"U52155_at",-32.8262141785956,-622.603087431178,-0.179186279963403,0.858743444518123,0.970706629280031,-4.59536423418735
"X80230_at",-112.45963877443,2792.67784397285,-0.179098400425302,0.858811965240179,0.970706629280031,-4.59536424233745
"U90916_at",-267.914901326083,7291.34308373144,-0.178918349031323,0.858952356909074,0.970711451207386,-4.59536425902329
"U48437_at",-52.1710431622232,207.403074298484,-0.178613796827571,0.85918983628417,0.970825974099575,-4.59536428720886
"L08187_at",48.7680170928944,1135.1222832344,0.17770909631744,0.859895368790843,0.971394623707198,-4.59536437065449
"U66618_at",-40.1884584002462,1074.32437724195,-0.177449476993443,0.860097854947413,0.971394623707198,-4.59536439452265
"HG3897-HT4167_at",-15.2853517004265,-720.504413185021,-0.177444469583934,0.860101760494636,0.971394623707198,-4.59536439498267
"M62958_at",36.8197436269096,-1531.44481131552,0.176885260828443,0.860537939760263,0.971602693867113,-4.59536444627409
"L35545_at",-14.0264695967068,-807.144772981469,-0.176858911548057,0.860558493123641,0.971602693867113,-4.5953644486869
"M24364_at",17.3672058737135,-599.768437509383,0.176370768934352,0.860939279242632,0.971878739952384,-4.59536449332148
"X69962_s_at",85.1956844867787,-2376.68799520337,0.175115100308866,0.861918944750054,0.972504503747149,-4.59536460757181
"X75962_at",-20.9687086532036,-704.281414979885,-0.175090413767251,0.861938207268642,0.972504503747149,-4.59536460980982
"X13546_rna1_at",-272.813471408771,2180.96619692234,-0.17507859715835,0.861947427612183,0.972504503747149,-4.59536461088098
"X66363_at",-34.3155586009675,-868.850024971119,-0.174511834528661,0.86238968793754,0.972504503747149,-4.59536466217218
"L35251_rna1_at",-14.9703541560372,-775.630304980182,-0.174474879986756,0.862418526133057,0.972504503747149,-4.59536466551076
"X54457_s_at",86.360372794019,865.860789848296,0.17445398523289,0.862434831845015,0.972504503747149,-4.59536466739813
"Y00067_rna1_at",12.3837943966609,-597.578447157796,0.174305271368672,0.862550885962252,0.972504503747149,-4.59536468082463
"D50370_at",-13.0360768935804,-602.161451991381,-0.174262033740819,0.862584628551496,0.972504503747149,-4.59536468472616
"X90978_at",25.1554316826763,-599.131731980482,0.174053463515238,0.862747400148773,0.972534257107319,-4.59536470353285
"M31776_s_at",41.2796839859559,-660.090457628208,0.173607659652871,0.863095333045337,0.972665817956673,-4.59536474365551
"D45132_at",41.3375421530011,-764.050085605354,0.173078402396362,0.863508433979186,0.972665817956673,-4.59536479115587
"Y07595_at",-17.535468275009,-727.823496119849,-0.17288866610535,0.863656538219119,0.972665817956673,-4.59536480814933
"X13930_f_at",-40.5632835948383,-12.2299504910457,-0.172712287647275,0.863794220078477,0.972665817956673,-4.59536482392974
"U60276_at",-61.3130305052204,-241.293420097208,-0.172643688453891,0.86384777009558,0.972665817956673,-4.59536483006292
"M20030_f_at",-70.6809824835124,932.495685290294,-0.172596378489146,0.863884701658365,0.972665817956673,-4.59536483429128
"U13616_at",38.6456913131991,265.00846541178,0.172518003740088,0.863945883994375,0.972665817956673,-4.59536484129356
"X77794_at",40.937283982984,-528.125441093615,0.172505933528375,0.863955306540116,0.972665817956673,-4.59536484237167
"U02570_at",43.7133292044107,219.375868951746,0.172311417065212,0.864107157542876,0.972683210803197,-4.59536485973554
"U74382_s_at",22.4051749391422,-842.565535835881,0.172121298163712,0.864255580594079,0.972696740090969,-4.59536487668798
"X59739_at",64.2201764879946,-63.4907742332072,0.171821102857897,0.864489948826889,0.972806978867689,-4.59536490341769
"X51757_at",13.7776311501952,-769.989499029102,0.171493338660052,0.864745854779327,0.97294141534102,-4.59536493254904
"Z47087_at",-38.1466993827221,-707.41975190436,-0.170936249705487,0.865180842702677,0.973277266021895,-4.59536498193531
"M55531_at",16.9757633063885,-355.022716723961,0.170577686491624,0.865460839621518,0.973360077979507,-4.59536501363742
"U72761_at",25.5289711037541,-687.741960320717,0.170492387224573,0.865527451194511,0.973360077979507,-4.59536502116933
"D26528_at",12.2844723674088,-498.395961695465,0.170253362679393,0.865714114606699,0.97341648553459,-4.59536504225512
"D63135_at",-18.8679665202516,-337.786123367359,-0.169906820668794,0.865984756353146,0.973424189437249,-4.5953650727733
"X92098_at",39.0381878385596,-603.631968824009,0.169895013100667,0.865993978094224,0.973424189437249,-4.59536507381204
"D83260_s_at",14.612506520884,-939.66889536657,0.169649420094668,0.866185791162801,0.973486347798571,-4.59536509540112
"M11437_cds1_at",14.3869823162595,-780.2651254941,0.169189575717204,0.866544960885322,0.973592002379404,-4.59536513574045
"U11287_at",14.2044490519947,-551.270921098258,0.16917946390479,0.866552859220597,0.973592002379404,-4.59536513662627
"HG3175-HT3352_at",-30.1749318384566,-119.060351828588,-0.168726471986437,0.866906705348232,0.973836124108103,-4.59536517625538
"U90268_at",14.3883012058753,-804.990341039537,0.168025623809375,0.86745421436416,0.974027266069579,-4.59536523735897
"L13203_at",52.3282663205918,698.670413630158,0.167982415929805,0.86748797092226,0.974027266069579,-4.59536524111776
"Z26876_at",813.241699877176,4887.62771634522,0.167721841675329,0.867691552308812,0.974027266069579,-4.5953652637655
"U72206_at",-53.7160069644454,1329.89143076935,-0.167692695168167,0.867714324452104,0.974027266069579,-4.59536526629658
"X59065_at",13.8355243459734,-792.419939650958,0.16749684462735,0.867867345286291,0.974027266069579,-4.59536528329285
"M61156_at",-60.2052308362137,849.743790930167,-0.16745060579595,0.867903473099303,0.974027266069579,-4.59536528730265
"M88279_at",-46.9992643439378,-151.104792605279,-0.167284839937356,0.868032993391133,0.974027266069579,-4.59536530166869
"X56468_at",-131.987374034601,28.4261996570515,-0.166877971440093,0.868350913584908,0.974085604661332,-4.59536533686965
"Z29090_at",-20.7636830549152,-626.997959012409,-0.16684017621889,0.86838044725902,0.974085604661332,-4.59536534013523
"U19796_at",41.0395689055888,-1612.2516937423,0.166658761733801,0.868522209539125,0.974085604661332,-4.59536535579954
"U84720_at",-24.1445445480226,-823.519844540869,-0.166121086972093,0.868942389223553,0.974085604661332,-4.59536540212549
"M14123_xpt3_at",-15.0017865151335,-610.357203480533,-0.165815466708518,0.869181241154952,0.974085604661332,-4.59536542839114
"M90516_at",15.5676935961307,-173.582821399857,0.165742042569384,0.869238626299286,0.974085604661332,-4.59536543469418
"J04046_s_at",67.9080173516914,847.726291683122,0.165585155595362,0.869361244799869,0.974085604661332,-4.59536544815269
"M17886_at",-426.153012378099,51173.9002755162,-0.165471318776089,0.869450218540838,0.974085604661332,-4.5953654579102
"X69150_at",1046.49679311246,7727.99923697806,0.165470356152336,0.869450970925449,0.974085604661332,-4.59536545799268
"M32313_at",-78.7775492172518,-283.224329163602,-0.164579327384942,0.870147449670945,0.974447834329515,-4.59536553413551
"AFFX-DapX-M_at",-18.0847415951388,-399.490926550728,-0.164428631225428,0.870265252729059,0.974447834329515,-4.59536554697272
"HG961-HT961_at",18.7056155487419,-1344.2855780122,0.164295493124251,0.87036933269297,0.974447834329515,-4.59536555830447
"Y08991_at",102.707184570616,2514.77394212241,0.164204644246195,0.870440354634222,0.974447834329515,-4.5953655660316
"U63824_at",-51.8117888311153,65.0205358936694,-0.164040880117677,0.870568381483712,0.974447834329515,-4.59536557994979
"V01515_cds1_at",16.8798711969315,-783.476076869749,0.163970516140948,0.870623391428772,0.974447834329515,-4.59536558592571
"U52827_at",-23.5150005643445,-740.34542754215,-0.163541103633775,0.870959116489941,0.974447834329515,-4.59536562233975
"U69108_at",-12.3836484674468,-791.867466583108,-0.163397198218017,0.87107163062958,0.974447834329515,-4.59536563452158
"Z48481_at",-134.21442866529,-3908.56379293852,-0.163336072904436,0.871119422995164,0.974447834329515,-4.5953656396927
"U62962_at",139.597561072695,335.054938613173,0.163182781835485,0.871239279629463,0.974447834329515,-4.59536565265244
"X73358_s_at",-117.872838984476,571.153803989465,-0.163065020125011,0.871331358330009,0.974447834329515,-4.59536566260017
"U78521_at",-99.9214344700879,-125.730035781465,-0.162620111267242,0.871679252017842,0.974447834329515,-4.59536570011848
"L26494_at",34.8349521034255,-35.3257302088246,0.161743712528967,0.872364621956357,0.974447834329515,-4.59536577372451
"AFFX-HSAC07/X00351_M_at",-715.278687953689,40573.5111354687,-0.161628339219382,0.872454854757532,0.974447834329515,-4.59536578338481
"X99050_rna1_at",12.794560287513,-570.608478254765,0.160941548309945,0.872992025645322,0.974447834329515,-4.59536584074812
"X79353_at",709.694651527342,25725.4672336864,0.16089026605827,0.873032138309255,0.974447834329515,-4.59536584502163
"U25956_at",-59.4305007032372,-332.868316088133,-0.160876299103011,0.87304306323514,0.974447834329515,-4.5953658461853
"HG4542-HT4947_at",245.016566689953,23557.9516553327,0.160852972453236,0.873061309352441,0.974447834329515,-4.59536584812856
"M16342_at",16.9545486208318,-694.956205149258,0.160811184249105,0.873093996282494,0.974447834329515,-4.5953658516091
"M84332_at",147.615215928156,-85.3416022656264,0.160759402008345,0.873134500907599,0.974447834329515,-4.59536585592078
"X86401_s_at",12.8388482493173,-800.985004117043,0.160659824646824,0.873212392361527,0.974447834329515,-4.59536586420826
"L32866_at",30.0690054319972,-964.854539937136,0.160602588608377,0.873257164142851,0.974447834329515,-4.5953658689695
"M62782_s_at",48.5263136752822,-2639.37956647854,0.160030867154713,0.873704405306833,0.974447834329515,-4.5953659164359
"M95724_at",-41.119440415655,415.898046919586,-0.159971266548555,0.873751031556095,0.974447834329515,-4.59536592137444
"M64752_at",30.6586792227719,-838.540829703314,0.159833391039147,0.873858894922104,0.974447834329515,-4.59536593279186
"M27749_r_at",-110.476339265708,1051.84660725605,-0.159812888943528,0.873874934418659,0.974447834329515,-4.59536593448879
"X15943_at",-888.470306559838,33699.4563697252,-0.159611244550466,0.874032690653391,0.974447834329515,-4.59536595116707
"X91653_s_at",29.7056799999637,-1464.18320780606,0.159500063994611,0.874119674847634,0.974447834329515,-4.59536596035398
"Y07846_at",-55.4687705735952,-102.989703733436,-0.15940558977754,0.874193589767603,0.974447834329515,-4.59536596815542
"M16937_at",-11.6718906800557,-711.987258950945,-0.15924148755866,0.874321983091265,0.974447834329515,-4.59536598169561
"HG4535-HT4940_s_at",-18.8989383291256,-417.78745452347,-0.159149093495917,0.87439427357825,0.974447834329515,-4.59536598931298
"U62293_rna1_s_at",-54.0330993478862,-165.554826695134,-0.159086894944484,0.87444293926275,0.974447834329515,-4.59536599443842
"S70348_at",16.2356096013225,-834.988373841458,0.158794551212873,0.874671682839569,0.974447834329515,-4.5953660185021
"U31116_at",-14.547116116808,-739.202820659437,-0.15868638699982,0.874756318402321,0.974447834329515,-4.59536602739422
"Z73497_at",-56.5386059322624,1681.76259390283,-0.158476692261303,0.874920403090564,0.974447834329515,-4.59536604461592
"U06863_at",19.1558052908125,-886.241364755282,0.158300258480288,0.875058465641426,0.974447834329515,-4.59536605908837
"U07802_at",-47.9822223461199,-696.237693464437,-0.15822050042966,0.875120879023493,0.974447834329515,-4.59536606562546
"U31099_at",-23.039787106237,-529.293838961151,-0.158058396331886,0.875247733471739,0.974447834329515,-4.59536607890164
"Y09306_at",-16.0265614693523,-626.732004306532,-0.15805811049691,0.875247957154645,0.974447834329515,-4.59536607892504
"U60519_at",12.1959823724813,-699.389283216481,0.157470873968916,0.875707526597604,0.974447834329515,-4.59536612690543
"M10950_cds2_at",-11.9735092591271,-889.227143356488,-0.15738063351793,0.875778152355952,0.974447834329515,-4.59536613426277
"D79206_s_at",23.2012019320764,206.723681278652,0.157350618958563,0.875801643169333,0.974447834329515,-4.59536613670894
"D88146_at",36.4292831735674,-1583.80525478357,0.157224112073214,0.875900654689879,0.974447834329515,-4.59536614701406
"M33680_at",-119.369485405836,-531.957341712953,-0.157166925813017,0.875945412589296,0.974447834329515,-4.59536615166967
"Y08837_at",32.2737808449736,-277.794278949455,0.157086247344769,0.876008557807698,0.974447834329515,-4.59536615823496
"X95152_rna1_at",-16.1112704900185,-897.978117458659,-0.157020306148914,0.876060169104827,0.974447834329515,-4.59536616359848
"D26561_cds3_at",-11.8303379603494,-773.777650811348,-0.156835270710105,0.876204996808386,0.974456929544698,-4.59536617863691
"U00951_at",16.4617787801492,-1043.87744034984,0.156125485742316,0.876760587228669,0.974922773667182,-4.59536623615936
"U66580_at",23.9225438245341,-263.917763700144,0.155826339351193,0.876994765627663,0.97503113091532,-4.59536626032485
"J00220_cds5_at",-14.5459797368668,-865.577423693306,-0.155415869697951,0.877316108551456,0.975075382862968,-4.59536629340796
"X73874_at",-17.510624108988,-688.491124135845,-0.155178946044321,0.877501597707414,0.975075382862968,-4.59536631246396
"HG4094-HT4364_s_at",61.388440346603,755.666403657073,0.154766070045661,0.877824857872587,0.975075382862968,-4.59536634560268
"HG2797-HT2906_s_at",-12.1037536172458,-853.550494438347,-0.154670841576288,0.877899419758347,0.975075382862968,-4.59536635323352
"D87024_at",-20.8326413175817,77.3326080152035,-0.15443153786767,0.878086794492281,0.975075382862968,-4.59536637238869
"L40366_at",17.5464183462328,-1016.67773102736,0.154371360751348,0.878133914274796,0.975075382862968,-4.59536637720094
"X91196_s_at",-148.348259135597,3196.41279558284,-0.153956581883291,0.878458705916344,0.975075382862968,-4.59536641031913
"Z95624_at",-38.4624625176954,-1087.43926534698,-0.15375616886145,0.878615646499848,0.975075382862968,-4.59536642628935
"U19142_at",-10.4870844489303,-706.67622699256,-0.153614235797907,0.878726795261536,0.975075382862968,-4.59536643758695
"Z84497_s_at",-67.0982002530758,1882.15703910393,-0.153522773703061,0.878798421176382,0.975075382862968,-4.59536644486164
"U73737_at",-12.793634807106,-666.421901484692,-0.153459512525724,0.878847962955515,0.975075382862968,-4.59536644989077
"Y10571_at",-11.339119677998,-643.209820592136,-0.153143467352171,0.879095475063152,0.975075382862968,-4.5953664749847
"U49089_at",25.7601951374952,127.490650899584,0.15272892859101,0.879420141462875,0.975075382862968,-4.59536650782077
"D14446_at",-12.085202630891,-427.436784300282,-0.152701898848889,0.879441311866367,0.975075382862968,-4.59536650995874
"S83364_at",-24.0805357099238,-626.503150995953,-0.152666707028201,0.879468875158332,0.975075382862968,-4.59536651274174
"J04809_rna1_at",22.0198164226277,20.0379136140975,0.152640001880943,0.87948979153389,0.975075382862968,-4.59536651485318
"U79249_at",-11.7207098183112,-714.888302531149,-0.152601218526169,0.879520168126258,0.975075382862968,-4.59536651791893
"L34075_at",13.17813899935,-78.5090759246786,0.152503551067899,0.879596665795493,0.975075382862968,-4.59536652563591
"U00946_at",12.0702724757533,-636.195142771769,0.152361716993674,0.879707758881231,0.975075382862968,-4.59536653683384
"M73489_at",-16.6990815303568,-907.903090188704,-0.152206863273092,0.879829052558779,0.975075382862968,-4.59536654904782
"U79253_at",30.0751262086794,368.71928860713,0.151946914660308,0.880032671456617,0.975075382862968,-4.59536656952322
"X03342_at",1004.15349595435,4992.53170437837,0.151933992045989,0.88004279401291,0.975075382862968,-4.59536657054019
"X65724_at",14.223663862631,-799.410500295329,0.151716376572453,0.880213259862877,0.975091792593063,-4.59536658765282
"U90907_at",18.7645737943379,-473.893659131077,0.15148303712672,0.880396049266296,0.975091792593063,-4.59536660597477
"U22314_s_at",-18.5620437987409,-975.026935495509,-0.151240726648554,0.880585873255479,0.975091792593063,-4.59536662497135
"Z49878_at",61.1545925873054,-197.796009328142,0.110733110559511,0.912426471025641,0.982115194699449,-4.5953666249797
"U16126_at",-21.3263633004672,-418.798195618552,-0.151182541132544,0.880631456361849,0.975091792593063,-4.59536662952844
"M85276_at",19.5173693407758,310.84887940118,0.151042326447232,0.880741303616872,0.975091792593063,-4.59536664050288
"AF012024_s_at",13.0338671900706,-958.021134895926,0.15052805712604,0.881144213874383,0.975386431098762,-4.59536668066716
"M16707_rna1_s_at",55.51366628032,-1610.37324908121,0.15010827094486,0.881473123942311,0.97559907602555,-4.59536671335102
"L06139_at",13.3877629368273,-1059.4512708823,0.149724221871629,0.881774051962541,0.975780689718324,-4.5953667431727
"U56244_at",-38.2817358275612,203.162124930653,-0.149164261644744,0.88221284987829,0.975960995288879,-4.59536678651742
"S78085_at",30.7888778359579,374.516098580318,0.148502225603089,0.882731685276111,0.975960995288879,-4.59536683755448
"U66464_at",-24.9898018594715,198.791543532398,-0.148256348056711,0.882924392011388,0.975960995288879,-4.59536685645175
"L24470_at",-11.4746053519909,-690.694370282298,-0.148142163240016,0.883013886909025,0.975960995288879,-4.59536686521697
"X17644_s_at",-44.4680956046099,287.432956824081,-0.147927787395918,0.883181912953149,0.975960995288879,-4.595366881655
"U72882_s_at",-13.9705728448706,-659.478733200567,-0.147901874633018,0.883202223536499,0.975960995288879,-4.59536688364034
"U07919_at",20.0776413145558,-866.352731255467,0.147869547988496,0.883227561471748,0.975960995288879,-4.59536688611661
"X79440_at",-91.729923403795,1469.47102556827,-0.147860647449193,0.88323453782197,0.975960995288879,-4.5953668867983
"HG4036-HT4306_at",-82.9586154583084,2443.29340721454,-0.147790390459996,0.8832896064293,0.975960995288879,-4.5953668921779
"S77583_at",-19.9707107664173,-161.112120176737,-0.147546995835323,0.883480387755018,0.975960995288879,-4.59536691079497
"Y00971_at",25.0007173790437,-540.896757411074,0.147480028285919,0.88353288052494,0.975960995288879,-4.5953669159119
"U79241_at",-35.591892965306,-1572.82732696384,-0.147420774001747,0.883579327665826,0.975960995288879,-4.59536692043752
"M10942_at",96.0829002577185,-194.452472534881,0.147007665750508,0.883903158797179,0.976022330111188,-4.59536695193883
"M14123_xpt1_at",18.9652950174469,-1411.29730142773,0.147000728033277,0.883908597371764,0.976022330111188,-4.59536695246711
"Z49254_at",31.9176511328276,-463.990744225197,0.104660381652804,0.917210601057104,0.982502373398105,-4.59536696042281
"M60721_at",16.1490030237884,-872.116598076666,0.145829977326983,0.884826446672929,0.976884562815398,-4.59536704125861
"D76444_at",17.1005251687384,-425.689001052542,0.145420355881677,0.885147621175862,0.977033555923453,-4.59536707215763
"U79290_at",-10.4709936748843,-693.176676359105,-0.145308378419247,0.885235423477973,0.977033555923453,-4.59536708058934
"X98307_at",-10.7501000351587,-755.060331781746,-0.144786016142889,0.885645030693849,0.977181264677764,-4.59536711983672
"S81003_at",-57.9336284918333,-402.154738050938,-0.144554469690702,0.885826606613874,0.977181264677764,-4.5953671371887
"U60205_at",-18.8710886779092,-216.627485357612,-0.144498810630523,0.885870254703695,0.977181264677764,-4.59536714135564
"X60957_at",-26.6220425995765,-785.23973299107,-0.144438710991873,0.885917385519807,0.977181264677764,-4.59536714585322
"U50534_at",-21.2777109960732,-611.004249922765,-0.143640987802468,0.886543008751813,0.97756628227631,-4.59536720537432
"AFFX-ThrX-3_at",16.4684446810816,-1382.95000268277,0.143537425151987,0.886624234307264,0.97756628227631,-4.59536721307739
"X99720_rna1_at",38.5828239932353,137.912163521719,0.143469250942263,0.886677704917007,0.97756628227631,-4.59536721814522
"U37248_at",-29.5619977048231,-488.089701724438,-0.142658057568503,0.88731398374433,0.977677190814807,-4.59536727826206
"X51730_at",-20.6345334822697,-640.349651634802,-0.142616007114636,0.887346969081391,0.977677190814807,-4.59536728136911
"X99961_at",15.5486780545396,-918.519648457015,0.142588607039865,0.887368462435449,0.977677190814807,-4.59536728339318
"J00212_f_at",23.106980542533,-943.449238398325,0.142550022225268,0.887398729545672,0.977677190814807,-4.5953672862428
"X87159_at",11.9168979229882,-1072.87675505257,0.142277756895613,0.887612307659576,0.977677190814807,-4.59536730632871
"U49928_at",-32.9398479786106,-747.331172090739,-0.142128779964039,0.887729175974958,0.977677190814807,-4.595367317303
"M27394_s_at",55.2535085452616,457.983618306638,0.142016917022956,0.8878169310518,0.977677190814807,-4.59536732553578
"L15533_rna1_at",12.0522585772038,-806.157472472047,0.141896688519804,0.887911250401794,0.977677190814807,-4.59536733437702
"J04605_at",17.6197746086206,-154.247648913027,0.141410641102206,0.888292571772043,0.977677190814807,-4.59536737004332
"Z48475_at",-91.2863914589418,-665.200138473297,-0.141185245440441,0.888469411761677,0.977677190814807,-4.59536738654148
"X14474_at",12.4124331975421,-759.861172865823,0.141159499254422,0.888489611964608,0.977677190814807,-4.59536738842434
"Z26256_at",-44.2207857510805,338.485516659621,-0.141131584521715,0.88851151367291,0.977677190814807,-4.59536739046539
"U72648_s_at",-65.790809140445,-341.77672357133,-0.140882862198509,0.88870666341174,0.977677190814807,-4.5953674086336
"U86409_at",-59.9814168401335,-1852.76323233675,-0.140780914133208,0.888786654794721,0.977677190814807,-4.59536741607127
"S57153_s_at",-83.7012420699502,1541.84644182988,-0.140719506244505,0.888834837758013,0.977677190814807,-4.59536742054872
"Y12478_at",-13.2182689132925,-648.742654739057,-0.13983110839595,0.889531956167165,0.978081354743236,-4.59536748510659
"U08015_at",-21.5713280879166,-274.085938265649,-0.139766525113844,0.889582637602481,0.978081354743236,-4.59536748978381
"X52425_at",-58.7753747598343,-864.258730191185,-0.139726876135184,0.889613752189683,0.978081354743236,-4.59536749265418
"M91592_at",32.5280085492742,882.946333051909,0.138979502497543,0.890200287642251,0.978525392858173,-4.59536754660786
"J03634_at",-64.1834307558553,-367.661430552685,-0.138862559454857,0.890292069676599,0.978525392858173,-4.59536755502397
"X02875_s_at",-25.1452945326672,-582.753113931351,-0.138177760672213,0.890829560476948,0.978767292298947,-4.59536760416539
"M34079_at",-38.3058090591608,-560.339070277345,-0.137998571303149,0.890970212803709,0.978767292298947,-4.59536761698407
"U71207_at",-26.4644000372337,-1523.35233126147,-0.137922338936265,0.891030051474533,0.978767292298947,-4.59536762243247
"U03644_at",-41.1949867610067,1133.03838228445,-0.137882684930277,0.891061178180446,0.978767292298947,-4.59536762526539
"X65550_at",-14.0069635990989,-983.068982779861,-0.137236552548514,0.891568389145365,0.979009508451215,-4.59536767131121
"U93867_at",-11.9742411371614,-677.258110788034,-0.137059096783308,0.891707699194483,0.979009508451215,-4.59536768391959
"HG3729-HT3999_f_at",11.5293817371759,-564.73803931146,0.136636052956998,0.892039819949094,0.979009508451215,-4.59536771391154
"U12471_cds1_at",-436.854850965028,25447.4976599502,-0.136614383151042,0.892056832883414,0.979009508451215,-4.59536771544535
"J04029_s_at",-25.4129212922322,-659.22289188261,-0.136554330150641,0.892103980679913,0.979009508451215,-4.59536771969467
"M91196_at",-30.8446043220761,400.834578182339,-0.136552490458977,0.892105425033795,0.979009508451215,-4.59536771982481
"U90910_at",-47.8712486387654,861.325611829051,-0.136227668737594,0.892360450508401,0.979138694041454,-4.59536774277641
"D50663_at",32.4196917744227,275.818797879762,0.135882209873603,0.89263169141055,0.979285629453636,-4.59536776712635
"U30930_at",14.2090468969133,-629.465038607634,0.135363866630572,0.893038698914109,0.979540892353385,-4.59536780354641
"U65404_at",59.0014174035002,1327.98935832248,0.134715763639372,0.89354763607262,0.979540892353385,-4.59536784888827
"U82467_at",-11.7899229561224,-798.639831572783,-0.13456554597666,0.89366560431832,0.979540892353385,-4.59536785936663
"S67798_at",-15.3919973369358,-140.815840033772,-0.134550637666363,0.893677312177643,0.979540892353385,-4.59536786040591
"AB002380_at",-13.3013535757173,-689.057746014035,-0.134438496437424,0.893765380189096,0.979540892353385,-4.59536786821979
"U28251_cds2_at",16.6561042455577,-1099.91132158613,0.134289506834926,0.893882388486485,0.979540892353385,-4.59536787859117
"U72621_at",-80.4872822152078,2254.86413066205,-0.133801279279167,0.894265832561616,0.979540892353385,-4.59536791249695
"M69238_at",12.4846241755671,-901.722498169904,0.133693398617194,0.894350563327212,0.979540892353385,-4.59536791997228
"M27504_s_at",12.5985048796701,-674.419605234849,0.133642862701205,0.894390255272885,0.979540892353385,-4.59536792347197
"M28713_at",24.6091129753706,-583.801151129855,0.133449206700236,0.894542359215969,0.979540892353385,-4.59536793687073
"M22760_at",43.1494757873533,179.132584968555,0.133133765912253,0.894790125662092,0.979540892353385,-4.59536795865406
"U58130_at",-13.6496410529564,-58.1273917976893,-0.0833139459665162,0.93405103238875,0.986753118614979,-4.59536798959666
"U09210_at",56.9413581060686,1209.46781496597,0.132675605405913,0.895150011889503,0.979540892353385,-4.59536799020153
"U10886_at",9.9332905744469,-650.601529519976,0.132671407196913,0.895153309697087,0.979540892353385,-4.59536799049011
"AB006190_at",-18.6828876445016,687.752250790895,-0.132625027234435,0.895189742546997,0.979540892353385,-4.59536799367752
"Y07565_s_at",-14.6038137694564,-291.607686680959,-0.132528135434519,0.895265854700081,0.979540892353385,-4.59536800033275
"S68134_s_at",14.4523373929749,-1055.71052941122,0.132525287430187,0.895268091929774,0.979540892353385,-4.5953680005283
"M34668_at",16.5294049994204,65.0507799511497,0.132499206721176,0.89528857948686,0.979540892353385,-4.59536800231884
"S74017_at",-13.9152934470152,-481.067496575288,-0.132305495916371,0.895440750213002,0.979540892353385,-4.59536801560682
"X97058_at",31.0643406603485,297.829660561882,0.132184213180748,0.895536026656436,0.979540892353385,-4.59536802391658
"M95167_at",-31.8871160842304,-1468.31387110724,-0.131904882416905,0.895755467322727,0.979540892353385,-4.59536804302615
"L39211_at",10.819786934635,-740.933549523265,0.131740536546298,0.895884580384783,0.979540892353385,-4.59536805425052
"U79246_at",14.0222200280974,-1092.10447168603,0.131738259411091,0.895886369363172,0.979540892353385,-4.59536805440594
"Z50022_at",-47.9785560718473,-903.738242919271,-0.131365561315379,0.896179178378375,0.9797108264627,-4.59536807980801
"X72882_at",-25.3663951597383,-599.394385913064,-0.130832137331301,0.896598286728972,0.979753851595695,-4.59536811603972
"M63582_at",-121.619248790407,-970.636098491834,-0.130829717899366,0.896600187732058,0.979753851595695,-4.59536811620372
"M25629_at",9.28065926786724,-652.43399477919,0.130790864324367,0.896630715960385,0.979753851595695,-4.59536811883697
"M19483_at",-118.505130531306,-243.439938101467,-0.130580900196603,0.896795692794095,0.979783987331805,-4.5953681330535
"U40380_at",67.7139603594945,-2131.42354309661,0.129888172663784,0.89734002814159,0.980109402780596,-4.59536817979591
"HG415-HT415_at",21.7286684175493,-1136.62670678231,0.1298520269535,0.897368432303255,0.980109402780596,-4.59536818222807
"L25931_s_at",37.4176061069167,-971.439274595561,0.12928070100974,0.897817412003898,0.980449611791699,-4.59536822058137
"X76057_at",-10.9963129583693,-385.285107381144,-0.128569102798703,0.898376673012528,0.98081914262892,-4.59536826811511
"HG2850-HT4814_s_at",-10.6717791997446,-408.509404698803,-0.128500127784136,0.898430884820096,0.98081914262892,-4.59536827270862
"M97815_at",18.6603732294129,-839.727309336319,0.128048796343888,0.898785626774551,0.980910266627303,-4.59536830270507
"M15958_at",27.4903918359574,-719.4447501629,0.127875423651976,0.898921901555081,0.980910266627303,-4.59536831419978
"U13219_at",-10.0582056677948,-746.741386436009,-0.127730099232282,0.899036132159678,0.980910266627303,-4.5953683238229
"D37965_at",10.5884345667055,-770.071330601969,0.127693911346509,0.899064577573419,0.980910266627303,-4.59536832621749
"U83843_at",-36.5702036983557,-829.375949630003,-0.127297934431094,0.899375843221912,0.980931261001441,-4.59536835237551
"AB002356_s_at",10.8203157536274,-876.68554247275,0.127138467006997,0.899501200359226,0.980931261001441,-4.59536836288694
"L41066_at",-15.5880595887657,-822.076439469679,-0.127133605966635,0.899505021657781,0.980931261001441,-4.59536836320715
"D50926_at",15.9675621830667,-96.7440631060825,0.126969465459595,0.899634055104393,0.980931261001441,-4.59536837401245
"L23808_at",-12.8574189395482,-1037.1066114804,-0.126176793183702,0.900257226075601,0.981345228199963,-4.59536842599759
"U02493_at",-166.840085306233,840.481447991352,-0.125806338236247,0.900548486631951,0.981345228199963,-4.59536845018138
"Z48579_at",-11.8120866502378,-638.323402868751,-0.125784183522208,0.900565905640711,0.981345228199963,-4.59536845162541
"S77356_at",-74.6123094357563,-1370.36861750791,-0.125666199427478,0.900658670753992,0.981345228199963,-4.59536845931131
"U66616_at",33.1230724190835,974.346856982319,0.125362584535593,0.900897394752792,0.981345228199963,-4.59536847905675
"M34192_at",-89.43248481763,4506.78696224491,-0.125181385870414,0.901039870698757,0.981345228199963,-4.59536849081819
"U36601_at",13.0710414156908,-847.634401869695,0.124950995564781,0.9012210306655,0.981345228199963,-4.59536850574809
"U11877_at",-20.6721565473395,127.193173823631,-0.124914908053226,0.90124940739816,0.981345228199963,-4.59536850808417
"X98743_at",-23.2279114228711,-382.782919498942,-0.124889307815417,0.901269537740888,0.981345228199963,-4.59536850974095
"S76617_at",-15.7932490302657,-501.537397043248,-0.12473626558008,0.901389881462594,0.981345228199963,-4.59536851963843
"M85164_at",14.0892148853871,-845.933479821637,0.124431779545205,0.901629318993273,0.981347039849103,-4.59536853929399
"U16258_at",-10.3985632558062,-669.468040022744,-0.12416616662533,0.901838195620862,0.981347039849103,-4.59536855640098
"U26726_at",-23.6412198220824,-1488.14378240364,-0.123971699205138,0.901991128277325,0.981347039849103,-4.59536856890266
"L36151_at",50.6426100319367,3256.16730635044,0.123934474124768,0.902020403177645,0.981347039849103,-4.59536857129351
"M20218_at",-12.7739835394947,-509.720542699326,-0.123859162787696,0.902079630656411,0.981347039849103,-4.59536857612832
"X72964_at",38.0792327502287,-980.17538701633,0.123372322859248,0.902462512322857,0.981613815645866,-4.59536860731154
"U24153_at",-14.9012658872009,-927.914451352147,-0.122753512241932,0.902949218115316,0.981774723489133,-4.59536864677081
"U25435_at",-18.9060623533899,-631.35462281512,-0.122498338006482,0.903149928343319,0.981774723489133,-4.59536866298464
"D90064_at",-10.048897218998,-767.535379883953,-0.122366143408366,0.90325391005579,0.981774723489133,-4.59536867137107
"S78873_s_at",-13.781324831746,-480.375983963823,-0.122279019907233,0.903322440659168,0.981774723489133,-4.59536867689324
"Y07566_at",-39.9150328023446,-708.448202618842,-0.122251329476472,0.903344221872865,0.981774723489133,-4.59536867864753
"M87313_s_at",-48.2780488027513,-79.6446804397672,-0.122134007837751,0.903436507577576,0.981774723489133,-4.59536868607588
"X79984_at",19.7697732140185,48.0463609816505,0.121922477758087,0.903602901473591,0.981805925705954,-4.59536869945114
"L22524_s_at",-10.6069953205197,-869.599425792813,-0.121370680377888,0.904036977304831,0.982036956850538,-4.59536873423289
"D12625_at",-9.55812792699754,-810.440184770327,-0.121166683362737,0.904197460750084,0.982036956850538,-4.59536874705167
"M11321_at",10.7099097301388,-1112.85917003133,0.121127010319308,0.904228671810494,0.982036956850538,-4.59536874954215
"X52005_at",14.4255244188317,-582.175041338037,0.120759841897153,0.904517533068439,0.982103501512199,-4.59536877255251
"Y08374_rna1_at",9.16973075755068,-696.875051283277,0.120104003613397,0.905033531330635,0.982103501512199,-4.59536881348018
"L19711_at",-16.5407210123562,-540.852436699091,-0.120067478596108,0.905062269590102,0.982103501512199,-4.59536881575299
"L10102_rna1_at",10.6439115718387,-631.903849762255,0.1200412896847,0.90508287537469,0.982103501512199,-4.5953688173822
"HG2492-HT2588_at",-29.8181737783874,-1900.92501603165,-0.119884302816912,0.905206396127593,0.982103501512199,-4.59536882714088
"L36051_at",10.1301875617695,-880.924023573713,0.11984198069193,0.905239696523421,0.982103501512199,-4.59536882976954
"U38480_at",-12.2242810566881,-593.673484165304,-0.119609995408999,0.905422233008852,0.982103501512199,-4.59536884416188
"X53683_at",-163.704251569083,2835.83182221877,-0.119500927422338,0.905508054417253,0.982103501512199,-4.59536885091882
"M74047_at",-72.326806754582,2183.80918331519,-0.119018637813956,0.905887563323642,0.982103501512199,-4.59536888072368
"U25771_at",8.31573878631805,-721.101495913515,0.118532267566995,0.906270305878184,0.982103501512199,-4.59536891065883
"D26361_at",14.4216150837668,-459.523358474977,0.118452039438606,0.906333442507321,0.982103501512199,-4.59536891558496
"U52152_at",-14.8660816544799,-1342.0475642175,-0.118175140502875,0.90655135665945,0.982103501512199,-4.59536893256138
"M31303_rna1_at",-103.261652582183,-19.3431362139252,-0.117757563966228,0.906879995215302,0.982103501512199,-4.59536895808759
"M59465_at",-71.8856847641032,-722.734201134195,-0.117649196134376,0.906965284921742,0.982103501512199,-4.59536896469731
"HG4116-HT4386_s_at",-27.0304376316888,-1549.41295779451,-0.117215487410526,0.90730664174469,0.982103501512199,-4.59536899108983
"D21241_xpt1_s_at",-13.2993101411799,-926.557038876787,-0.117099073621161,0.907398269961451,0.982103501512199,-4.5953689981574
"L10955_cds1_s_at",-66.67610678124,1449.72335460464,-0.117011314858053,0.907467344919333,0.982103501512199,-4.59536900348066
"L05597_at",-9.28582104941861,-829.474020174558,-0.117008375668491,0.907469658369222,0.982103501512199,-4.59536900365888
"Y08319_at",-19.8298827081847,85.8352200016529,-0.116847352589373,0.907596401636732,0.982103501512199,-4.5953690134156
"X03656_rna1_at",20.2294593048693,-713.821496168482,0.116762945895099,0.907662840172771,0.982103501512199,-4.59536901852462
"U49379_at",-27.7049249186392,-614.883924012683,-0.116464031017035,0.907898128650319,0.982103501512199,-4.59536903658786
"U96629_rna2_at",23.33475988958,-536.30162608379,0.115998063943953,0.908264927692425,0.982103501512199,-4.59536906465374
"X82068_at",-8.04949634813773,-819.268476028575,-0.115987950818992,0.908272888748015,0.982103501512199,-4.59536906526163
"D78012_at",51.4257473296843,611.476807959593,0.115927996210704,0.908320085233859,0.982103501512199,-4.59536906886431
"U18271_cds1_at",32.7040597817706,-1082.59380582376,0.115657759757161,0.908532820528288,0.982103501512199,-4.59536908507978
"L40636_at",10.6544202695735,-734.081953148544,0.11556090163506,0.908609070752318,0.982103501512199,-4.59536909088253
"HG4310-HT4580_at",-45.7228465353986,-1508.86387190814,-0.115313970516003,0.908803467838507,0.982103501512199,-4.59536910565415
"L12168_at",-92.8043442159003,5472.9779701626,-0.115284053521425,0.908827020446613,0.982103501512199,-4.59536910744166
"U30894_at",-17.9917684451034,-387.19933959014,-0.11512410251947,0.90895294571428,0.982103501512199,-4.59536911699074
"HG2992-HT5186_at",-26.1106600021004,-264.923857434813,-0.115114708500951,0.908960341454962,0.982103501512199,-4.59536911755115
"AF001787_s_at",37.1892868251867,-1121.92327879715,0.114939342721072,0.90909840526368,0.982103501512199,-4.59536912800444
"L49054_at",-9.11495147783921,-801.129348158572,-0.114872226984098,0.909151245600037,0.982103501512199,-4.59536913200088
"L36644_at",13.8601127565321,-560.260723229924,0.114669553848241,0.909310813047883,0.982103501512199,-4.59536914405505
"M84820_s_at",13.1150798475632,-705.847868776489,0.114556636177102,0.90939971639021,0.982103501512199,-4.5953691507617
"U82313_at",61.822708944325,1817.42617847304,0.114449481431966,0.909484083505622,0.982103501512199,-4.59536915711997
"U95040_at",-167.636269294981,-110.590193334069,-0.11435311370073,0.909559958490386,0.982103501512199,-4.5953691628331
"L78132_at",-8.36399451333389,-634.451540409581,-0.114137307817115,0.909729876030962,0.982103501512199,-4.59536917560964
"M64571_at",20.632965512406,-689.392132959577,0.113983321202285,0.909851122000048,0.982103501512199,-4.5953691847115
"S55606_at",-229.408616020816,3464.56842197571,-0.11388284663635,0.909930234833412,0.982103501512199,-4.59536919064375
"L40371_at",11.735228704033,-774.896816256358,0.113816506045579,0.909982471369163,0.982103501512199,-4.59536919455779
"S82198_at",-44.5599097785046,-456.164418623904,-0.113506249283906,0.910226772698693,0.982103501512199,-4.59536921283244
"Z36531_at",16.3457467473201,-174.302911974223,0.113409613164424,0.910302867388876,0.982103501512199,-4.5953692185143
"U52111_rna3_at",31.6488605971549,-1120.67829063156,0.112913693270776,0.910693385657646,0.982103501512199,-4.59536924759656
"M92432_at",14.402694729682,-379.327243240013,0.112698344537353,0.910862971680093,0.982103501512199,-4.59536926018564
"X15822_at",-115.880732223591,145.349277026033,-0.11263518939292,0.910912706833376,0.982103501512199,-4.59536926387308
"HG4099-HT4369_s_at",10.6192723389525,-517.77539281991,0.112241644465865,0.911222634606465,0.982103501512199,-4.59536928680446
"X15341_at",189.652085591334,1369.21955317026,0.112078302527973,0.911351275135072,0.982103501512199,-4.59536929629866
"M63928_at",-148.121285585385,3060.8157483791,-0.111936213508518,0.911463179816825,0.982103501512199,-4.59536930454631
"U66702_at",-9.24645074008175,-639.752751724653,-0.111898368015362,0.911492986002097,0.982103501512199,-4.59536930674131
"M21984_at",19.6762219431432,-463.178803421083,0.111548425813886,0.911768598054977,0.982103501512199,-4.59536932700252
"U43318_at",-16.1608314065135,-494.045341243957,-0.111523628740028,0.911788128477718,0.982103501512199,-4.59536932843583
"X61072_at",-22.9099144895303,-1039.98109058686,-0.111471160052336,0.911829453522218,0.982103501512199,-4.59536933146756
"M27093_s_at",-38.7205385987816,-1956.34931237503,-0.111463800051062,0.911835250378101,0.982103501512199,-4.59536933189273
"M73746_s_at",9.7147944946942,-731.45440887327,0.111314432706046,0.911952895565464,0.982103501512199,-4.59536934051506
"U19517_at",12.7018430866272,-585.42240665971,0.111260981867576,0.911994995174014,0.982103501512199,-4.59536934359774
"Z18948_at",-15.0398911269192,-383.598521157562,-0.111152435265383,0.9120804907778,0.982103501512199,-4.59536934985343
"HG4109-HT4379_at",-13.7827893950173,-172.064139906431,-0.111076677350201,0.912140161339965,0.982103501512199,-4.59536935421584
"U22055_at",52.1642827701665,-307.043710046107,0.110848565565078,0.912319836216178,0.982115194699449,-4.59536936733341
"M88579_at",77.6543123633427,3594.65729663167,0.110482437915901,0.912608230619111,0.982162585654223,-4.59536938833127
"J05213_at",-10.7159029898392,-800.480875615149,-0.109839682807268,0.913114550114528,0.982464074003508,-4.59536942502623
"D38503_at",7.84044631331268,-754.207257905983,0.10977701746146,0.913163915649313,0.982464074003508,-4.59536942859236
"U67319_at",-11.3429763745989,-711.559988057398,-0.109510395147924,0.91337395513523,0.982502373398105,-4.59536944374246
"U43408_at",11.4142433472944,-886.986798385689,0.109214497861771,0.913607064198508,0.982502373398105,-4.59536946051296
"L48516_at",-12.0970268137378,-699.092481757725,-0.108685224310602,0.914024047278686,0.982502373398105,-4.59536949039744
"U79251_at",9.01251636167759,-724.932059745578,0.108493548850652,0.914175063024002,0.982502373398105,-4.59536950118429
"X52611_s_at",20.539134088455,234.00298584437,0.108430874878417,0.914224442796831,0.982502373398105,-4.59536950470724
"M96982_at",54.3798305624884,50.4936038704063,0.108338218315673,0.914297445981168,0.982502373398105,-4.59536950991182
"Z29074_at",-14.0912957093605,-794.582396461275,-0.108117372177814,0.914471451487519,0.982502373398105,-4.59536952229896
"M17733_at",-419.037881551356,2176.56634126047,-0.107811834265579,0.914712192989488,0.982502373398105,-4.59536953939479
"U19765_at",-10.1426326699111,-362.992576947514,-0.107717998341693,0.914786130460626,0.982502373398105,-4.59536954463551
"S68805_at",-8.99652250128453,-465.137896513844,-0.107675916525346,0.914819288832448,0.982502373398105,-4.5953695469843
"U73499_at",-72.3098787455374,2093.1383243472,-0.107475720616533,0.914977035330893,0.982502373398105,-4.59536955814562
"J02982_f_at",-156.982508346537,5123.37508533564,-0.107454272857661,0.914993935527555,0.982502373398105,-4.59536955934014
"AFFX-BioB-3_at",12.6302673430978,-813.885454012463,0.107151278958452,0.915232689982821,0.982502373398105,-4.59536957618982
"L77213_at",16.7069094087355,-191.166139863582,0.10688737179183,0.915440651185086,0.982502373398105,-4.59536959082715
"U82010_rna1_at",22.368546059856,-314.577510079385,0.106869988079465,0.915454349917005,0.982502373398105,-4.59536959179006
"U60060_at",-9.75839315417371,-430.786423676687,-0.106742885995903,0.91555450983222,0.982502373398105,-4.59536959882563
"X82200_at",15.5214641299578,-530.970654324965,0.106582701498715,0.915680741579045,0.982502373398105,-4.59536960768053
"X63380_at",-28.7687496446695,-475.132062383232,-0.106522175933466,0.915728438704508,0.982502373398105,-4.59536961102289
"U00957_at",11.622987509153,-1410.42666012956,0.106202389632412,0.915980451287992,0.982502373398105,-4.59536962865073
"U17714_at",12.7484692069486,-32.2540034656266,0.105905961814751,0.916214063697697,0.982502373398105,-4.59536964494368
"U72066_at",-18.5843658768105,-241.607583885236,-0.10572261961048,0.916358558000987,0.982502373398105,-4.59536965499819
"X52520_at",14.2017609432649,-113.555401243128,0.104534417435467,0.917295064561388,0.982502373398105,-4.59536971973755
"U47007_at",-8.57593634545736,-781.380686915759,-0.104394361457527,0.917405460518615,0.982502373398105,-4.59536972732037
"D31815_at",9.88045441899488,-822.357946552241,0.104351745056968,0.917439052261311,0.982502373398105,-4.59536972962567
"Z25749_rna1_at",292.138750063118,3207.93749228117,0.104298150508673,0.917481297582948,0.982502373398105,-4.59536973252348
"M62840_at",213.325642039832,7239.11959430492,0.104102605939789,0.917635435523119,0.982502373398105,-4.5953697430838
"L24559_at",31.9776828642791,1685.64537249932,0.103995715153209,0.917719693510719,0.982502373398105,-4.59536974884804
"X54489_rna1_at",-187.425893360736,2045.84148816956,-0.103958925978032,0.917748693256456,0.982502373398105,-4.59536975083057
"X07948_at",11.5030651669934,-418.958223331753,0.103901791152187,0.917793731062101,0.982502373398105,-4.59536975390813
"M19311_s_at",8.7425797958641,-920.720792850337,0.10378445029728,0.917886228478148,0.982502373398105,-4.59536976022338
"D25218_at",12.5743802559691,89.1538470730417,0.103180640662127,0.918362217614501,0.982502373398105,-4.59536979260753
"U31382_at",10.4771978461691,-309.376666577084,0.103151706046026,0.918385027825326,0.982502373398105,-4.59536979415465
"S66431_at",-49.3098250188228,572.195367033811,-0.102990098536092,0.918512430190493,0.982502373398105,-4.59536980278771
"U38864_at",-52.9750866610602,-2647.33345296833,-0.10298173603342,0.918519022781346,0.982502373398105,-4.59536980323407
"U68485_at",19.7576674116937,-623.598950246114,0.10288310393285,0.918596779977248,0.982502373398105,-4.59536980849591
"M14123_xpt2_at",-10.2743518021287,-406.580818002803,-0.102877453718432,0.918601234381502,0.982502373398105,-4.59536980879719
"U15131_at",12.6401949840535,-449.616994020478,0.10276296741998,0.918691491396441,0.982502373398105,-4.59536981489819
"D87845_at",10.8679108287813,-331.533478567785,0.10275553944952,0.918697347387598,0.982502373398105,-4.59536981529379
"X17206_at",807.581026240058,8485.52773100881,0.102738633775511,0.918710675335656,0.982502373398105,-4.59536981619406
"HG1471-HT3923_s_at",824.453524240321,28053.4573421376,0.101530296413461,0.91966335510621,0.983226294642037,-4.59536988015756
"U17033_at",-7.49862710859924,-773.493711733953,-0.101158802571527,0.919956273196224,0.983392022809515,-4.59536989967071
"X53961_at",-24.5299497623048,-601.410537910037,-0.100745530217011,0.920282146372717,0.983592923528754,-4.59536992129437
"D25303_at",-11.3151848067671,-348.902360480694,-0.0999357686635991,0.920920699195771,0.983974733807886,-4.59536996340717
"M30938_at",-143.018522853807,1459.04300415547,-0.0998897730623185,0.92095697149449,0.983974733807886,-4.59536996578904
"L38935_at",14.0871818448005,-27.7665149821614,0.0997675761141022,0.92105333728336,0.983974733807886,-4.59536997211167
"Z35309_at",-14.6683630842306,-522.834495231113,-0.0995413680685427,0.921231730489333,0.984017895464265,-4.59536998379558
"Y08915_at",-24.2172277880096,-679.877763089639,-0.0985072469479542,0.92204731608604,0.98431628911086,-4.59537003687171
"J03161_at",-23.0338553716911,871.378994800718,-0.0984306624376748,0.922107719785126,0.98431628911086,-4.59537004078037
"U49065_at",-19.5022697332811,-493.337324436663,-0.0980424120149649,0.922413947657172,0.98431628911086,-4.59537006054891
"M77232_rna1_at",306.332085793569,2125.29012172578,0.0978499612794982,0.922565745307032,0.98431628911086,-4.59537007031899
"U50196_at",7.97780234113237,-678.59274675485,0.0978101461523676,0.922597150296049,0.98431628911086,-4.59537007233788
"D63484_at",19.3768269944978,-2053.59438430025,0.0975322104691374,0.922816381195708,0.98431628911086,-4.59537008640816
"M89957_at",-19.7881931746979,-1627.78011346088,-0.0974967605267766,0.922844343941028,0.98431628911086,-4.59537008819991
"M92287_at",-74.6135283874094,1357.91773485792,-0.0973739479904908,0.922941218650062,0.98431628911086,-4.5953700944022
"M96739_at",-26.5833774016667,-1195.19827166981,-0.097286913407736,0.923009872376578,0.98431628911086,-4.59537009879291
"D21267_at",7.26588813941793,-684.554548321893,0.0968967474801684,0.923317646382873,0.98431628911086,-4.59537011842772
"U15172_at",25.2172229984186,-1257.65702012675,0.0967610417031212,0.923424697769335,0.98431628911086,-4.59537012523854
"X56932_at",630.191574336825,7161.89913320953,0.09673572653125,0.923444667780757,0.98431628911086,-4.595370126508
"X00734_at",12.908210388469,-1124.61400993884,0.0964890479311749,0.923639264164803,0.98431628911086,-4.59537013886067
"D37931_at",-8.50761865109759,-318.339298618922,-0.096314668976088,0.923776828678179,0.98431628911086,-4.59537014757386
"X14445_at",-10.5403732103644,-762.491511716336,-0.0962629749206547,0.923817609671789,0.98431628911086,-4.59537015015384
"M57609_at",-30.7989070353094,874.913849811847,-0.0961492556855977,0.923907322526318,0.98431628911086,-4.59537015582451
"U12779_at",15.8421888337115,-583.944161865541,0.0960883886394149,0.923955340818843,0.98431628911086,-4.59537015885694
"HG2238-HT2321_s_at",-13.6116826981807,-373.917737242612,-0.096037247727058,0.923995686342462,0.98431628911086,-4.59537016140332
"U20285_at",27.1405815804902,-332.156703251249,0.0957243595115056,0.924242531080293,0.984432186577082,-4.59537017695297
"M22403_s_at",10.3343853890649,-508.529626153659,0.095332925352961,0.924551353204976,0.984526549102093,-4.59537019633477
"M29696_at",18.0720907546822,583.200203446321,0.0952498940984139,0.924616862265873,0.984526549102093,-4.59537020043584
"X60955_s_at",-496.208286088257,19948.0943221711,-0.0950870878490428,0.924745312843335,0.984526549102093,-4.5953702084668
"L06499_at",-424.059363667573,51637.2467552065,-0.0946469408596225,0.925092589416365,0.984612965450926,-4.5953702301098
"L15440_at",46.603028841619,-4775.75595039617,0.0944795839014781,0.925224638182816,0.984612965450926,-4.59537023831279
"D38462_at",-6.76152292170597,-855.388513036065,-0.0944579865477912,0.925241679183551,0.984612965450926,-4.59537023937032
"M37485_cds1_at",-13.0724167003949,-1057.219973313,-0.0939166334311122,0.925668835686491,0.984612965450926,-4.5953702657993
"L00635_at",12.0082293571948,88.1103917148036,0.0937167787625043,0.925826537325742,0.984612965450926,-4.59537027551789
"U78735_at",-8.18624458303679,-614.864619863861,-0.0935915494974889,0.925925354977962,0.984612965450926,-4.59537028159704
"HG3543-HT3739_at",-11.2169920386981,-622.660493777178,-0.0935906308243227,0.925926079901769,0.984612965450926,-4.5953702816416
"H46990_at",-6.85385711739197,-803.969303061044,-0.0935842917229565,0.925931082080201,0.984612965450926,-4.59537028194911
"D12763_at",-14.1991499594965,-1177.090199006,-0.0932699035041188,0.926179169319535,0.984729932371792,-4.59537029717385
"D14823_at",8.05710773756078,-742.999107948533,0.0929377292602524,0.926441299818356,0.984861793232662,-4.59537031320429
"D79995_at",10.3210618318686,-382.147838885987,0.0922530538758629,0.926981627656158,0.985042992526671,-4.59537034606586
"X95239_at",7.28760494212298,-797.910359626533,0.0921931382703484,0.927028913149124,0.985042992526671,-4.59537034893
"M63483_at",33.970203150836,-1012.64191329574,0.0919802979618096,0.927196889231397,0.985042992526671,-4.59537035908938
"Z24680_at",12.8088014603509,-695.075104099065,0.091709676533028,0.927410471727089,0.985042992526671,-4.59537037197291
"U47334_at",-12.1705150133191,-69.0310499907325,-0.0914986924547586,0.927576990422755,0.985042992526671,-4.59537038199096
"U43142_at",-25.7505547688921,-1337.01365225404,-0.0914507277522353,0.927614846913703,0.985042992526671,-4.59537038426523
"L47726_at",-7.5663121256537,-688.297615331814,-0.0912493307247223,0.927773802843766,0.985042992526671,-4.59537039380156
"X07732_at",-11.3510297511061,-1111.84409092045,-0.091224026296555,0.927793774993704,0.985042992526671,-4.59537039499826
"X16064_at",552.352275381547,7086.66733587272,0.0911464952967703,0.927854968560041,0.985042992526671,-4.5953703986628
"HG2383-HT4824_s_at",-8.65650406305593,-583.454152665148,-0.0904711334906904,0.928388035971492,0.985211588426055,-4.59537043045249
"Y00083_s_at",-548.276993274454,24218.1333121814,-0.0904410093194504,0.928411813953805,0.985211588426055,-4.59537043186495
"Y11651_at",17.4880942789451,-1204.94366651514,0.0904186395917951,0.928429471146095,0.985211588426055,-4.59537043291351
"M74161_at",-11.1265155164645,-177.489712811404,-0.0902451517852315,0.928566412257961,0.985211588426055,-4.59537044103683
"M61176_at",-6.78916602722797,-766.35245637729,-0.0897566711899753,0.928952002029569,0.985458257501852,-4.59537046382551
"U14968_at",316.371191720113,1961.93740040898,0.0896004946235498,0.929075286100821,0.985458257501852,-4.59537047108542
"U25789_at",-139.444252283342,1747.02187348133,-0.0892894020484009,0.929320864444841,0.985572142230244,-4.59537048550899
"M82962_at",-7.45974620746513,-741.048923619029,-0.0890847241571355,0.929482442218513,0.985596921258024,-4.59537049497138
"X77548_at",-24.4011941816886,-1008.50478656586,-0.0886998292161747,0.929786295956592,0.985673692297556,-4.59537051270657
"U46689_at",31.6648071210079,-768.281674497696,0.0886428360644578,0.929831289873181,0.985673692297556,-4.59537051532618
"U24704_at",12.1956010582315,-766.119764295401,0.0882866814321677,0.930112465630177,0.985825206957312,-4.59537053165821
"HG4185-HT4455_at",7.3907410067151,-405.513082756848,0.0877540550936761,0.930532978591554,0.985961532240452,-4.59537055596003
"M34344_at",-6.86403082263097,-614.540660715718,-0.0872775184160687,0.930909225393292,0.985961532240452,-4.59537057757815
"U45878_s_at",20.3794277185849,-382.810670892599,0.0871544372294004,0.931006406051339,0.985961532240452,-4.59537058314262
"HG2465-HT4871_at",24.261898415255,-1387.41658878916,0.0870773167901972,0.931067298234276,0.985961532240452,-4.59537058662522
"Y09836_at",50.552507084737,1995.27066510154,0.0870083343128879,0.9311217652613,0.985961532240452,-4.59537058973771
"HG2663-HT2759_at",6.69678339469996,-615.780429450557,0.0869741241558571,0.931148776963472,0.985961532240452,-4.59537059128036
"U00928_at",-12.6764911869568,-1183.48641086125,-0.086897934004761,0.931208935582589,0.985961532240452,-4.59537059471385
"Z49105_at",13.9349589420397,-1218.90038724378,0.0862729376686699,0.931702438862658,0.986244006441122,-4.59537062276568
"X92814_at",-14.0558514788905,-154.966397724674,-0.0860197932326572,0.931902331990295,0.986244006441122,-4.59537063407003
"M63488_at",-30.5902729933898,1408.88180162197,-0.085567950078438,0.932259136788262,0.986244006441122,-4.59537065416493
"X51952_xpt1_at",-17.0024327924166,-497.51310473268,-0.0855602630934006,0.932265207055226,0.986244006441122,-4.59537065450588
"J04156_at",-6.3042748767889,-796.402607994309,-0.085515018393659,0.932300936023455,0.986244006441122,-4.59537065651205
"X02883_at",-16.6572944438597,-523.552923838445,-0.0855091808470521,0.932305545844847,0.986244006441122,-4.59537065677081
"L05568_at",8.3400354655461,-450.06092215692,0.0848183242159406,0.932851121405021,0.986534532022443,-4.59537068726992
"X87344_cds10_r_at",32.2707899519233,104.226228711736,0.0847395111500172,0.93291336286629,0.986534532022443,-4.59537069073355
"L05188_f_at",-46.4724921058377,684.256706100831,-0.0846358659214236,0.932995215812558,0.986534532022443,-4.59537069528359
"HG4243-HT4513_at",-15.1314709937966,7.12652258496453,-0.0837137045146033,0.933723517352517,0.986753118614979,-4.59537073552166
"HG2320-HT2416_at",19.1968108070392,889.024065587828,0.0833402887071609,0.934018448882231,0.986753118614979,-4.59537075169018
"Z28407_at",294.728912697223,3482.42958397243,0.0830153557077408,0.934275095352179,0.986753118614979,-4.59537076570067
"HG721-HT4828_s_at",45.9289044643979,1673.11642565389,0.0826070334721659,0.934597616402183,0.986753118614979,-4.5953707832292
"M35252_at",8.16224830919216,-611.358777357856,0.0824483693788913,0.934722943255471,0.986753118614979,-4.59537079001706
"M32639_at",7.57599480974646,-666.212207785487,0.0822306042013395,0.934894956080657,0.986753118614979,-4.59537079931211
"M13452_s_at",7.67251367563125,-914.71438638182,0.0821859075869028,0.934930262350498,0.986753118614979,-4.59537080121689
"L08488_at",8.944719486815,-717.421089161391,0.0820341543547449,0.935050134627065,0.986753118614979,-4.59537080767626
"M60298_at",-30.4639984040195,-285.034924061691,-0.0818659406562308,0.935183011075495,0.986753118614979,-4.59537081482233
"X69391_at",-312.476779312324,45006.583743071,-0.0818654858330107,0.93518337035493,0.986753118614979,-4.59537081484163
"D86096_cds1_s_at",23.8618112425857,-463.130021210886,0.0814620076785035,0.935502096076286,0.986753118614979,-4.59537083192239
"HG2936-HT3080_at",-6.7786789431426,-630.03695595062,-0.0813831830056453,0.935564364522681,0.986753118614979,-4.59537083524948
"X75346_s_at",-38.6841413009848,1849.77352361443,-0.0812865574353616,0.93564069554951,0.986753118614979,-4.59537083932355
"X01630_at",-23.5326297742013,990.300169383246,-0.0810750302800714,0.935807797201032,0.986753118614979,-4.59537084822537
"U62325_at",29.9113435048316,-1129.68590908631,0.0808424076970894,0.935991567156503,0.986753118614979,-4.5953708579882
"L35269_at",-8.95599739338009,-352.479118387954,-0.0805892762824598,0.93619154295151,0.986753118614979,-4.59537086857991
"Y08263_at",11.8983127131762,-526.869845497689,0.0804034822093213,0.936338324385306,0.986753118614979,-4.59537087633292
"U78551_at",-46.5099787904696,765.360290902818,-0.0802539167589845,0.936456486039431,0.986753118614979,-4.59537088256115
"X63469_at",-9.48113012466684,-588.593708251995,-0.080019556527001,0.936641641302459,0.986753118614979,-4.59537089229711
"U36448_at",-8.32496073308531,-1160.74231075056,-0.0799755977051808,0.93667637117205,0.986753118614979,-4.59537089412011
"U90551_at",22.8341752030085,812.671098680644,0.0798969413506908,0.936738514299709,0.986753118614979,-4.59537089737954
"HG4011-HT4804_s_at",22.8021009381101,-478.085609877844,0.0798793844682382,0.936752385320033,0.986753118614979,-4.59537089810664
"D17390_at",24.85030260784,-3250.69825685854,0.0798719728179972,0.936758240986984,0.986753118614979,-4.59537089841354
"U14193_at",-31.8414874102913,975.226491541749,-0.0797620629502953,0.936845077069629,0.986753118614979,-4.59537090296129
"U16812_s_at",63.1243070114147,512.584328124443,0.0797482077120763,0.936856023681907,0.986753118614979,-4.59537090353414
"X85133_at",-18.8093627968342,-850.625831156274,-0.0796443633121829,0.936938068453516,0.986753118614979,-4.59537090782442
"S71824_at",-9.50492088677428,-484.400520610273,-0.0790682024938514,0.937393290822334,0.986934180436227,-4.59537093152676
"S81294_at",-15.5054527688216,-1480.72582030995,-0.078848645803772,0.93756676729731,0.986934180436227,-4.59537094051372
"M60749_at",-11.6043997746037,-972.702654041075,-0.0785610407998474,0.937794014873457,0.986934180436227,-4.59537095224827
"Y08134_at",-12.3439753151546,-750.059709273489,-0.0784845925519939,0.937854420408643,0.986934180436227,-4.59537095536022
"U89717_at",-13.1251093959255,-1557.39228732891,-0.0784652268303416,0.937869722280537,0.986934180436227,-4.59537095614805
"U62800_at",41.3888521818191,1714.96719826168,0.078375788167392,0.937940392766276,0.986934180436227,-4.59537095978405
"U30610_at",-36.8685071748773,-217.253415576991,-0.0780557927204287,0.938193243210305,0.987054590931349,-4.59537097275909
"M97675_at",-10.6323434832214,-1261.4347332853,-0.0773472087484692,0.938753167240346,0.987365835225203,-4.59537100130164
"HG3638-HT3849_s_at",-8.56548927751899,-271.643504435036,-0.0773309663709938,0.93876600235968,0.987365835225203,-4.59537100195286
"X17254_at",-563.702901352129,45151.1001611063,-0.0770708751209706,0.938971535004122,0.987436368694056,-4.59537101236216
"U19948_at",-7.86675459998314,-535.95834324995,-0.0759966465603218,0.939820470313321,0.987684007760862,-4.5953710549834
"U49020_cds2_s_at",-22.7957894081656,-1483.48907502,-0.0758758723141183,0.93991591957181,0.987684007760862,-4.59537105973787
"Y08614_at",18.863441824629,-659.580096509025,0.0757841242012128,0.939988429747476,0.987684007760862,-4.59537106334462
"X93511_s_at",12.27130743591,-534.980614592402,0.0755389517183542,0.940182196485321,0.987684007760862,-4.59537107296132
"X99894_at",-20.1330028539223,-2067.39095423671,-0.0755248564116504,0.940193336516371,0.987684007760862,-4.59537107351325
"U28831_at",19.4398399412375,113.820370927757,0.0754742190577988,0.940233357150249,0.987684007760862,-4.59537107549521
"S77812_at",-40.9661465625796,404.949976790028,-0.0752512848387721,0.940409552439436,0.987684007760862,-4.59537108420513
"D88667_at",26.7072530004182,-2795.32916075714,0.0751498543667984,0.940489718666766,0.987684007760862,-4.59537108815943
"U71087_at",12.6570158152881,-1107.49558448294,0.0747967424220803,0.940768807854272,0.987684007760862,-4.59537110188407
"U38291_rna1_at",-16.4716779912502,-313.156929833369,-0.0747927563877874,0.940771958340564,0.987684007760862,-4.59537110203862
"X74764_at",-26.3358175457741,1564.04187433623,-0.0747317214411295,0.940820199331066,0.987684007760862,-4.59537110440423
"M88461_s_at",-8.49219309497859,-226.457439278594,-0.0741571545417538,0.941274338342082,0.987684007760862,-4.59537112657886
"Y11999_at",-24.869560098612,474.945780439331,-0.0739652455447478,0.941426028090132,0.987684007760862,-4.59537113394722
"X90999_at",-10.7118988169498,-99.4710313695669,-0.0738906831791274,0.941484964675025,0.987684007760862,-4.5953711368049
"D87458_at",-5.35200135739342,-838.344771035659,-0.0738238662163389,0.941537779317844,0.987684007760862,-4.59537113936328
"L77730_at",-6.69342092635018,-334.382104834536,-0.073237046755226,0.942001634968898,0.987684007760862,-4.59537116173288
"X53331_at",211.254826817965,16137.8195307806,0.073136951248352,0.942080758226909,0.987684007760862,-4.59537116553072
"M21535_at",5.47448961645588,-818.427757562996,0.0728817899413156,0.942282460216532,0.987684007760862,-4.5953711751886
"Z25521_s_at",28.2550684262722,-90.1879267901236,0.0728798260725819,0.942284012646439,0.987684007760862,-4.5953711752628
"X94754_at",-19.5278421220628,-794.020033084423,-0.0727908641524828,0.942354336906065,0.987684007760862,-4.59537117862199
"L26953_at",5.31964881810459,-705.465865657086,0.0726623750282332,0.942455908183907,0.987684007760862,-4.59537118346649
"U13021_s_at",-17.2886487175694,-541.92241671206,-0.0725891233467847,0.942513814430115,0.987684007760862,-4.59537118622451
"Z47727_at",-14.9567939841995,-290.635166875844,-0.0724878343396424,0.942593885005877,0.987684007760862,-4.5953711900336
"L49218_f_at",-26.8736092013286,542.18035332141,-0.0724803300267249,0.94259981730895,0.987684007760862,-4.5953711903156
"D12775_s_at",-22.0863535987058,-217.790883900267,-0.0722951293192344,0.942746223063277,0.987684007760862,-4.5953711972658
"L12350_at",-4.90230498490238,-666.841112857184,-0.0719840970151484,0.942992106340089,0.987684007760862,-4.59537120889824
"HG4319-HT4589_at",204.955470145254,42550.5459678885,0.0718940038573998,0.943063329583094,0.987684007760862,-4.59537121225831
"HG1602-HT1602_at",14.099191546657,693.774785458977,0.0718663662293648,0.943085178634653,0.987684007760862,-4.59537121328822
"U44429_at",-6.85955727360131,-971.389005916841,-0.0712971750090869,0.943535165200396,0.987761644594747,-4.59537123441113
"U13395_at",14.5022284246129,-929.716777708617,0.0712165957545032,0.943598870409835,0.987761644594747,-4.59537123738789
"Z37166_at",-61.7801258610098,1445.1265373812,-0.0711771660429295,0.943630043309908,0.987761644594747,-4.59537123884327
"X63527_at",434.639780440508,7217.26698198837,0.0709385996991291,0.943818654383421,0.987761644594747,-4.5953712476318
"U20350_at",12.4851623460062,167.42176666574,0.0706770031992848,0.944025476913439,0.987761644594747,-4.59537125723484
"U19107_rna1_at",5.10716837801104,-878.365971510365,0.0705898605493605,0.94409437420931,0.987761644594747,-4.59537126042591
"U87459_at",10.5516745019805,552.156075263379,0.0702860572326648,0.944334572586264,0.987761644594747,-4.59537127152011
"X56692_at",-7.44897369709001,-726.831976716785,-0.0701223338313164,0.944464020675256,0.987761644594747,-4.59537127747908
"U94855_at",-58.9473633448403,784.486357381824,-0.0700472694016964,0.944523370959962,0.987761644594747,-4.59537128020653
"X81889_at",-5.92899777152192,-625.573440348331,-0.0700205771739079,0.944544475458082,0.987761644594747,-4.59537128117568
"U10473_s_at",-14.261133823854,592.905807836654,-0.0697460080242599,0.944761568867914,0.987843804633005,-4.5953712911234
"X76013_at",-27.1106771372544,577.93094661864,-0.0691758728526043,0.945212370878633,0.988170270742637,-4.59537131165479
"U05040_at",-13.4111428743396,-672.604800073741,-0.0687988957567715,0.945510454139419,0.988321056588049,-4.59537132513777
"X85237_at",-14.3246845780615,-1403.56980794891,-0.0686429172379583,0.945633791768371,0.988321056588049,-4.59537133069497
"X54936_at",-6.37801518971011,-760.760304596556,-0.0683451123448712,0.945869280195404,0.988422309067032,-4.59537134127013
"M76446_at",16.438961310433,-293.24101428088,0.0677661547067927,0.94632710346435,0.988737766842109,-4.59537136169763
"X66839_at",8.85051937285089,-612.143757136906,0.0675033382866442,0.946534937322909,0.988737766842109,-4.59537137091332
"X52851_rna1_at",209.78076960973,2656.75633721784,0.0672871049469187,0.946705936361559,0.988737766842109,-4.59537137846873
"X80907_at",-330.143026029857,29308.6799499224,-0.067262023847258,0.946725770859335,0.988737766842109,-4.59537137934352
"HG2480-HT2576_at",-6.89786670192669,-9.35877985242414,-0.0661222586905463,0.947627149729856,0.989534222393265,-4.5953714187528
"X13238_at",-41.1894794482373,471.497070793046,-0.0654367449356125,0.948169319284853,0.98986404618412,-4.59537144213137
"S79522_at",-177.793767961165,1368.27924517538,-0.0653314683898684,0.948252584219401,0.98986404618412,-4.59537144570012
"M25269_at",6.70242758493452,-315.877618503477,0.0651963662488715,0.948359439563863,0.98986404618412,-4.59537145027151
"V01512_rna1_at",-53.4669805367951,-1654.62926414371,-0.0649784916156139,0.948531763581825,0.989894873023584,-4.5953714576237
"M19283_at",-117.237771053864,2956.99669676286,-0.06480800925836,0.948666605278808,0.989894873023584,-4.59537146335949
"AB000220_at",4.9616346392631,-693.639517914075,0.0644523708812739,0.948947899608831,0.990043521888891,-4.59537147527626
"U38810_at",-22.841806519498,-561.171704267503,-0.0638043855671735,0.949460444506347,0.990399415757659,-4.59537149682052
"J03263_s_at",-28.3042408911685,1337.72972586164,-0.0635740687419474,0.949642626282396,0.990399415757659,-4.59537150442569
"X72177_rna1_at",22.2606870420039,-587.570211622916,0.0633504484602131,0.949819513677928,0.990399415757659,-4.59537151178343
"U68566_at",-15.4128968554988,-355.436919095885,-0.0633187769376578,0.949844566591871,0.990399415757659,-4.59537151282342
"D25539_at",9.32277144503277,-537.299216162015,0.0628967058813755,0.950178439565417,0.990478219488184,-4.59537152663322
"S76475_at",5.70718353591423,-804.187135432475,0.0626219889269733,0.950395755179103,0.990478219488184,-4.59537153557212
"U67733_at",9.31494413697709,-188.616541131645,0.0624129352668498,0.950561130232067,0.990478219488184,-4.59537154234821
"U48436_s_at",-11.2702209551344,-1235.92189261896,-0.0622334408537903,0.950703123763617,0.990478219488184,-4.59537154814813
"S79281_at",6.30913725983349,-266.709384438251,0.0622227737695989,0.950711562277862,0.990478219488184,-4.59537154849229
"U80040_at",19.3717528252073,-1109.69578315331,0.0619549737680812,0.950923415315738,0.990478219488184,-4.59537155711306
"J04040_at",-5.81785984429985,-498.423727445081,-0.0618701031062815,0.95099055612681,0.990478219488184,-4.59537155983739
"M36067_at",16.4460511483562,26.8335810128271,0.0617224183207182,0.951107389779986,0.990478219488184,-4.59537156456913
"S50017_s_at",6.36123217407248,-126.502868241738,0.0616429962440928,0.951170221154829,0.990478219488184,-4.59537156710909
"M27288_at",-16.8503089938595,-961.129610368278,-0.0612099579876145,0.951512806369765,0.990516845760617,-4.59537158090041
"X61118_rna1_at",10.3857492716551,-160.396037807287,0.0611056504152769,0.95159532756901,0.990516845760617,-4.59537158420785
"U49857_at",-239.73929453807,2924.30754141113,-0.0610693788739809,0.951624023321552,0.990516845760617,-4.59537158535665
"U79245_at",-5.63707596175499,-641.143734441745,-0.0606764169199504,0.951934914173231,0.990695836685539,-4.59537159775888
"AFFX-BioDn-5_at",-7.0483729978233,-1735.84296583101,-0.0599620618192999,0.952500093846127,0.990938403481804,-4.59537162009958
"L00354_at",-5.91389572092125,-758.776483021516,-0.0598398549466534,0.952596783327097,0.990938403481804,-4.59537162389499
"U03886_at",-5.55191406052997,-955.415826700989,-0.0597450438745492,0.952671797884363,0.990938403481804,-4.59537162683422
"U06452_at",4.63461259177697,-613.358052663036,0.0595619703174655,0.952816646987528,0.990938403481804,-4.59537163249649
"U28727_at",15.3146801928866,-2078.66755839384,0.0589202403258025,0.953324401096903,0.990938403481804,-4.59537165220734
"M26880_at",-72.8052654116224,1029.23715220541,-0.0588474076234432,0.95338202954794,0.990938403481804,-4.59537165443092
"X98248_rna1_at",-10.3839341553686,-654.222614973113,-0.0587915128775506,0.953426256111615,0.990938403481804,-4.59537165613552
"X69654_at",-84.8683829452978,752.765836408955,-0.0586718519858413,0.95352093796371,0.990938403481804,-4.59537165977934
"X67098_at",-7.54000140488782,-684.188435783558,-0.0584214006457837,0.953719110151987,0.990938403481804,-4.59537166738184
"Y10256_at",5.61337899894724,-1127.12239048838,0.0583233367150801,0.953796705053018,0.990938403481804,-4.59537167034974
"D86096_cds6_at",-4.69910750829245,-705.236404107493,-0.0580587971426539,0.954006029157503,0.990938403481804,-4.59537167833115
"U52518_at",19.0513570222373,-1039.31112262483,0.0579554130045504,0.95408783555549,0.990938403481804,-4.59537168144049
"HG2460-HT2556_at",4.95506679009941,-772.533435053633,0.0578764887831552,0.954150287507919,0.990938403481804,-4.59537168381046
"Z49107_s_at",4.84169621397616,-515.547594779863,0.0577629466523887,0.954240132781595,0.990938403481804,-4.59537168721427
"Y00796_at",-35.5022073757967,3253.79483200134,-0.0577474169996729,0.954252421358792,0.990938403481804,-4.59537168767931
"U85245_at",5.16208087379914,-105.127767271889,0.0570596824375108,0.954796635375869,0.991139550812035,-4.5953717081482
"X51956_rna1_at",-5.98195173561925,-704.493708413886,-0.0570413877142033,0.954811112547767,0.991139550812035,-4.59537170868936
"Z49995_at",22.0572793006681,-725.731606378276,0.0569757008340433,0.954863092704906,0.991139550812035,-4.59537171063093
"U68133_at",3.64880114641682,-605.798503961032,0.0567784676552129,0.955019170910274,0.991157285367656,-4.59537171644733
"J03507_at",5.4813495131325,-716.166029981737,0.0563315933511225,0.955372806372365,0.991293908452899,-4.59537172955102
"U51561_at",-5.18727854859783,-618.590456894579,-0.0558123119996359,0.955783752862621,0.991293908452899,-4.59537174464788
"X13334_at",27.6052151868738,-322.235667045466,0.0555761516667885,0.955970648392033,0.991293908452899,-4.59537175146743
"AB002318_at",16.6613934842377,1433.55234852953,0.0550798528450923,0.956363423776264,0.991293908452899,-4.59537176570476
"HG2325-HT2421_at",9.92137622797694,1078.21383957923,0.0549121585451445,0.956496141060147,0.991293908452899,-4.59537177048655
"HG3570-HT3773_at",-20.5668667001895,-1568.349717366,-0.0547542886307264,0.956621084236303,0.991293908452899,-4.59537177497487
"D50931_at",-12.8314289509109,-997.173266007254,-0.0546619920333069,0.95669413115697,0.991293908452899,-4.59537177759293
"X73882_at",4.60238816109029,-815.815191456757,0.0546280526186868,0.956720992152691,0.991293908452899,-4.59537177855454
"M98539_at",-8.13197699797573,-766.557528380208,-0.054596088804905,0.956746289626466,0.991293908452899,-4.59537177945962
"L10405_at",-5.33832130377955,-630.084304847931,-0.0540277251704991,0.957196123468342,0.991293908452899,-4.59537179546493
"X69886_s_at",-4.23050985351014,-898.902974530593,-0.0539490754844122,0.957258372220425,0.991293908452899,-4.59537179766654
"X00237_at",-4.39922532268668,-693.936268953851,-0.0538486042743553,0.957337892416432,0.991293908452899,-4.59537180047433
"K02777_s_at",9.08372151589012,-535.463998191879,0.0537209754347738,0.957438907764894,0.991293908452899,-4.59537180403353
"X70297_at",-24.1578931803421,1870.04324591221,-0.0534331089271553,0.957666750221128,0.991293908452899,-4.59537181203029
"U18914_at",5.71885778733612,-399.171057767612,0.0532320103426242,0.957825919172102,0.991293908452899,-4.59537181759121
"L11370_at",17.0873551075706,1822.64652562327,0.0523040731980688,0.958560401299064,0.991293908452899,-4.59537184297965
"J04080_at",-4.06104088227627,-678.714725654305,-0.0521709037562166,0.958665810781902,0.991293908452899,-4.59537184658656
"D42072_at",4.0175156440665,-787.221331606114,0.0520901726127143,0.958729713406347,0.991293908452899,-4.59537184876869
"V01514_at",117.291229266555,5804.53244490749,0.0518257287933135,0.958939035473024,0.991293908452899,-4.59537185589285
"Y07828_at",4.20134731724161,-908.33598398701,0.0518169954509513,0.95894594845204,0.991293908452899,-4.59537185612751
"X59798_at",-10.5558266496125,-501.104765042262,-0.0517612147402117,0.958990102399988,0.991293908452899,-4.59537185762537
"X95240_s_at",57.2179906079354,-5554.1191126825,0.0516831954363654,0.959051859815331,0.991293908452899,-4.59537185971769
"S57887_at",44.6305536197622,-5798.33113053917,0.0514177874640308,0.959261949609486,0.991293908452899,-4.59537186681177
"U73379_at",25.2041208027075,108.774576012992,0.0510277575284326,0.95957069212399,0.991293908452899,-4.59537187717061
"K02402_at",3.83166062628017,-841.530575619609,0.0507665953246766,0.959777428182181,0.991293908452899,-4.59537188406276
"X80822_at",-256.175535677441,7940.94252740909,-0.050548092257912,0.959950397419954,0.991293908452899,-4.59537188980196
"K02268_at",-7.71234513089756,-562.004086696113,-0.050512597301469,0.959978495771836,0.991293908452899,-4.59537189073193
"D49487_s_at",3.84943678323357,-497.100548765625,0.0503376893564563,0.960116956337945,0.991293908452899,-4.59537189530501
"U66669_at",-5.24006411864766,-502.844651529031,-0.0502342307287893,0.960198856809652,0.991293908452899,-4.59537189800254
"L13258_at",-5.08814230934049,-808.156119611344,-0.0502157571833969,0.960213480982366,0.991293908452899,-4.59537189848362
"M31661_at",-4.48540211182157,-587.708186779663,-0.0501657506442563,0.960253067620436,0.991293908452899,-4.595371899785
"U06681_at",-4.27068193364001,-671.757014149746,-0.0499394461773991,0.960432218123989,0.991293908452899,-4.59537190565817
"X13227_at",-6.60188238398267,-766.256180263121,-0.0496773905300873,0.960639673103574,0.991293908452899,-4.59537191242601
"U71092_at",-11.2529170348906,-111.819410276742,-0.0496753123645026,0.960641318283562,0.991293908452899,-4.59537191247954
"L39833_at",3.56547800397428,-766.581669496116,0.0495358508622327,0.960751723393417,0.991293908452899,-4.5953719160666
"J00207_rna2_at",4.04756359066119,-607.073820321073,0.0495115148431415,0.960770989155025,0.991293908452899,-4.5953719166915
"U24056_s_at",-22.2042946194817,1889.93543105141,-0.0495088460224393,0.960773101945063,0.991293908452899,-4.59537191676001
"U41371_at",-11.6731453554784,1602.51502161938,-0.0493615658531332,0.960889697735285,0.991293908452899,-4.59537192053517
"M26958_s_at",-4.02022374471693,-702.189456203654,-0.0492929737702331,0.960943999627375,0.991293908452899,-4.59537192228952
"L17328_at",-3.80550221655251,-471.348112454188,-0.0491232386824837,0.961078373618543,0.991293908452899,-4.59537192662027
"X99584_at",12.2579378762509,1006.48546028537,0.0490875881407031,0.961106597190187,0.991293908452899,-4.59537192752798
"U30827_s_at",-16.9674362935033,736.900106434817,-0.0489584846325432,0.961208805376697,0.991293908452899,-4.59537193080964
"L34363_s_at",-3.57190815611846,-893.54736400741,-0.0488851935711679,0.961266828467469,0.991293908452899,-4.59537193266877
"M83822_at",-5.85357431569445,-1024.00947020023,-0.0488845517925305,0.961267336551928,0.991293908452899,-4.59537193268504
"L07077_at",-3.73354371901225,-709.944873055867,-0.0482337644989524,0.961782561381,0.991666121821617,-4.59537194907079
"U28043_at",9.20980751822407,-1074.31175637435,0.048077340789877,0.961906403679725,0.991666121821617,-4.59537195297655
"U14603_at",-57.0558720504295,1409.53280185105,-0.0478968582011489,0.962049294834405,0.991670066704848,-4.59537195746729
"D86977_at",-5.44887355274597,628.497722528288,-0.0474570959101414,0.962397467465156,0.991885581802866,-4.59537196833867
"D26135_at",-3.90543062277543,-1275.97818390512,-0.0469333746228176,0.962812122604737,0.99194475630723,-4.59537198115482
"K02215_at",3.45347440260061,-790.222142532566,0.0468651888724132,0.962866109289785,0.99194475630723,-4.59537198281295
"D26068_at",47.9210162639578,7102.71700285395,0.0468309610519638,0.962893209543189,0.99194475630723,-4.5953719836444
"J05008_at",3.2718357194669,-899.846538431289,0.0465318269901547,0.963130054121326,0.99194475630723,-4.59537199088492
"M76732_s_at",-9.88841713945304,-416.442340740403,-0.0463368772418257,0.96328441078582,0.99194475630723,-4.5953719955787
"AC000062_at",-3.28956665678171,-785.302719758588,-0.0461592159353105,0.963425080111662,0.99194475630723,-4.59537199983907
"U91616_at",4.01944996724472,-830.824769456162,0.0461547641346987,0.963428604990026,0.99194475630723,-4.59537199994562
"HG1071-HT1071_at",-4.21440884080625,-394.192960746456,-0.0457467542763169,0.963751665085375,0.991949609430664,-4.59537200966693
"U92436_at",5.09463829449377,-218.227670292384,0.0455542543346785,0.96390408769538,0.991949609430664,-4.59537201422351
"U42408_at",15.3578105122454,-1005.97481516,0.0454946960418249,0.963951246587514,0.991949609430664,-4.5953720156294
"U45983_at",4.72166102850268,-799.764899605282,0.045157315322457,0.96421839071345,0.991949609430664,-4.59537202355862
"U16127_at",-8.44357575534409,-877.027003991017,-0.0451306305784353,0.964239520352708,0.991949609430664,-4.59537202418326
"U62317_rna3_at",-22.8498013683473,573.26941951002,-0.0450947370910221,0.964267941743566,0.991949609430664,-4.59537202502286
"X03066_at",9.42562764933217,-581.274724404638,0.0448479183430907,0.964463380482747,0.991966787152906,-4.5953720307783
"U66075_at",-9.90366619495211,206.528258584524,-0.0447222964689502,0.964562852631924,0.991966787152906,-4.59537203369548
"X61123_at",-21.9693247828378,1009.08531946372,-0.0443250296487812,0.964877427286176,0.992147214704791,-4.59537204286692
"L27050_at",-3.88845069129394,-1060.59067969649,-0.0436240240564325,0.965432530498004,0.992574881052662,-4.59537205885104
"D80000_at",-10.2514244672797,-1209.19978858038,-0.0432674485476139,0.965714897587017,0.992722060644806,-4.59537206688381
"U89326_at",16.6285351107602,1105.23551446471,0.0426619848126106,0.96619436595428,0.992917708172233,-4.59537208037245
"U35340_at",5.10393533666937,-1183.68862680467,0.0422353294213975,0.966532243155797,0.992917708172233,-4.5953720897634
"U48408_at",11.2176001944286,1106.12310124345,0.042221207630862,0.966543426600078,0.992917708172233,-4.59537209007263
"U25975_at",6.99958595205103,-322.512073645817,0.0421496882711545,0.966600064903535,0.992917708172233,-4.59537209163705
"U56814_at",9.04391039526206,-166.927828004425,0.0420409306920564,0.966686193593784,0.992917708172233,-4.59537209401096
"L07807_s_at",-7.21317229786658,-96.578564720241,-0.0418916057508327,0.966804449565438,0.992917708172233,-4.59537209726035
"D89377_at",-4.87403485704568,-499.697897029945,-0.0417963332333145,0.966879899810403,0.992917708172233,-4.59537209932749
"D87328_at",7.06409439440701,-1671.65485431183,0.0415625262494052,0.967065062531388,0.992964861182337,-4.59537210438049
"U45975_at",-19.5104977476672,2453.78223226109,-0.040892632652904,0.967595592891717,0.993224765344867,-4.59537211870122
"X84373_at",3.01003863753751,-637.044102856271,0.0408911679607001,0.967596752888907,0.993224765344867,-4.59537211873228
"U43747_s_at",-6.3659658187337,-8.44153510243577,-0.0405290456675448,0.967883546275569,0.993376161268147,-4.59537212637643
"D15050_at",19.8709504378625,1297.32965433581,0.0402296560098643,0.968120659972652,0.993381706928401,-4.59537213264501
"U80987_s_at",-6.84796557229272,-2055.58366095667,-0.040068284943745,0.968248465504578,0.993381706928401,-4.5953721360045
"Z47556_rna2_at",26.7523820985643,622.613045133342,0.039994550034693,0.968306863674003,0.993381706928401,-4.59537213753505
"Z19002_at",8.06390943786269,-555.866373995889,0.0396326667439029,0.968593478392586,0.993532809898955,-4.59537214500596
"M93415_at",-11.5424156239503,744.36979540898,-0.0385285756426698,0.96946795407034,0.993754524300665,-4.59537216737986
"L10123_at",3.06725004563963,-601.533118528805,0.0383998164388782,0.969569938009432,0.993754524300665,-4.59537216994795
"U37143_at",-7.79249029098249,-508.630168308761,-0.0382789823745863,0.96966564529948,0.993754524300665,-4.59537217235016
"X03363_s_at",-4.43168224589173,-409.978393666072,-0.038197975249134,0.969729807696446,0.993754524300665,-4.59537217395636
"X79536_at",21.954776914079,-343.601424800067,0.0380222098906753,0.969869024874587,0.993754524300665,-4.59537217742973
"M23197_at",6.07346127836272,-85.6985249031076,0.037771385332266,0.970067695295082,0.993754524300665,-4.59537218235863
"D38491_at",2.65176609455562,-436.211781421023,0.0375847322168343,0.970215538742999,0.993754524300665,-4.59537218600534
"Z12962_at",-206.422144276543,6309.88325025719,-0.0374903895358498,0.970290265719084,0.993754524300665,-4.59537218784168
"D63481_at",-7.02742296781483,586.029462589508,-0.0373035803749214,0.970438234369094,0.993754524300665,-4.59537219146421
"X78578_at",-3.51590493138135,-863.234606281547,-0.0370658483835621,0.970626539735854,0.993754524300665,-4.59537219604807
"U13695_at",-3.44746332585959,-708.831255507794,-0.0370267845624853,0.970657481999487,0.993754524300665,-4.59537219679847
"U51095_at",-3.46082323946309,-655.378219963979,-0.0369076617237909,0.97075183890693,0.993754524300665,-4.59537219908192
"U94592_at",32.9639041478305,4494.95892143162,0.0368887214381615,0.97076684149984,0.993754524300665,-4.59537219944431
"M37766_at",-7.21311122948596,-531.886607089836,-0.0368088102002358,0.970830139278822,0.993754524300665,-4.5953722009712
"M11717_rna1_at",-51.4409238234696,1206.78781305568,-0.0364121313618846,0.971144351841011,0.993754524300665,-4.5953722085017
"D14663_at",7.76320674031364,625.684741317401,0.036269645660362,0.971257217073778,0.993754524300665,-4.59537221118672
"X81895_at",-3.18013306794763,-576.524794132693,-0.036207859615085,0.971306158987521,0.993754524300665,-4.59537221234775
"J03459_at",10.8701562012521,1899.17567806625,0.0361928444816751,0.971318052780204,0.993754524300665,-4.5953722126296
"X87160_at",-6.03754792899208,-1216.22395184024,-0.0357382297521775,0.971678165485539,0.993797271284243,-4.59537222110793
"M17183_s_at",-4.0663277876712,-969.540824910866,-0.0356355685273162,0.971759487070786,0.993797271284243,-4.59537222300768
"S71129_at",4.1515791882381,-1081.99235906516,0.0356122942057098,0.971777923526157,0.993797271284243,-4.59537222343762
"L05512_at",-5.23929735591563,-275.802035448578,-0.0352414881433375,0.972071654901343,0.993933377618997,-4.5953722302494
"Z32684_at",-7.93714816439818,187.105508150506,-0.0350923707702049,0.97218977827689,0.993933377618997,-4.59537223296862
"M58569_s_at",-3.39757898192231,-640.069014383407,-0.0349019379699372,0.972340630603465,0.993945102757068,-4.59537223642449
"J03778_s_at",-5.13157141473925,-463.320025627324,-0.0343518845719,0.972776364003233,0.994247993651578,-4.59537224630095
"X65233_at",-3.26117239707962,-606.276989532516,-0.0335656475432474,0.973399208596423,0.994413349158493,-4.59537226014583
"AFFX-PheX-5_at",-2.88610897002261,-973.882190927431,-0.0335113809934545,0.973442198329503,0.994413349158493,-4.59537226108958
"D14134_at",-2.71318544032442,-1017.52881737755,-0.03344287015962,0.973496472439213,0.994413349158493,-4.59537226227888
"Z37986_at",-13.9078441541245,169.659499424005,-0.033384878494487,0.973542413389762,0.994413349158493,-4.59537226328368
"M55267_at",-5.9463491345746,394.032745547986,-0.0332675069759921,0.973635395291628,0.994413349158493,-4.59537226531198
"AF006041_at",-11.6659803456994,979.529559498974,-0.0329262744506334,0.973905722347406,0.994432676939736,-4.59537227116827
"HG2887-HT3031_r_at",220.030190446685,-30776.1012484244,0.0328915602834692,0.973933223355366,0.994432676939736,-4.59537227176066
"U96115_at",3.68616834647041,-69.9840176766171,0.0325167684219507,0.974230140314741,0.994593433154533,-4.59537227811659
"U06155_s_at",191.317472742276,7923.24589521482,0.0316250525460112,0.974936588771372,0.995121436653101,-4.59537229294601
"X68742_at",-7.50220657027711,370.018309481512,-0.0315116511681906,0.975026430780426,0.995121436653101,-4.59537229480235
"D79999_at",8.60794058906337,1367.89530264234,0.0310040365260702,0.975428591461386,0.995204116658549,-4.5953723030301
"S69369_at",2.12535433258707,-701.644920975032,0.0309052339479401,0.975506869142608,0.995204116658549,-4.59537230461602
"U28281_at",-3.2066635030676,-555.855088192758,-0.0308809330139332,0.97552612192445,0.995204116658549,-4.59537230500531
"M94065_at",14.7843400900687,1783.1890573222,0.0304566991922987,0.975862229953002,0.995232395125043,-4.595372311752
"S70585_rna1_at",3.4931438200315,-420.170855942639,0.0303978301714709,0.975908870507136,0.995232395125043,-4.59537231268084
"X95289_at",-2.62434624229684,-855.128949749419,-0.0302081220760104,0.976059172394788,0.995232395125043,-4.59537231566182
"U22028_r_at",-53.7810516896095,2693.85376891466,-0.0294460674352652,0.976662941727325,0.995232395125043,-4.59537232744838
"HG1649-HT1652_at",-18.899714024331,3231.83814752547,-0.029408234694388,0.976692916647535,0.995232395125043,-4.59537232802569
"L33477_at",-2.7624370876387,-1052.92076025835,-0.0293986164306561,0.97670053721342,0.995232395125043,-4.59537232817233
"U57650_at",18.520277346149,2463.49886029708,0.0291340596285306,0.976910146859367,0.995232395125043,-4.59537233218727
"M34182_at",17.9138102723184,358.670767923962,0.0290468411617317,0.976979250840588,0.995232395125043,-4.59537233350295
"U03399_at",-8.02840825711283,389.652444688645,-0.0289445525651684,0.977060295251002,0.995232395125043,-4.59537233504092
"S75168_rna1_at",-3.45341964867345,-355.174426387333,-0.028881744129836,0.977110059205825,0.995232395125043,-4.59537233598261
"X68733_rna1_at",4.36003007419681,-208.610234721072,0.0288499432546739,0.977135255495564,0.995232395125043,-4.59537233645861
"X90530_at",4.77422384243444,-957.682859171557,0.028284591236127,0.977583195948306,0.995232395125043,-4.5953723448335
"U70660_at",10.2113943473077,1311.24219394921,0.0279759893240952,0.977827710930912,0.995232395125043,-4.59537234933508
"U09953_at",-91.8842759781185,95.4638139702539,-0.0279217331074316,0.977870700059212,0.995232395125043,-4.59537235012142
"U68018_at",-3.42619593818743,-780.454350390248,-0.0273320301926639,0.978337946915503,0.995232395125043,-4.59537235856949
"D42123_at",5.05764203671904,1336.50796693287,0.0273034518045858,0.978360590993121,0.995232395125043,-4.59537235897433
"X75042_at",-9.32257536128927,-510.950658479235,-0.027275761744239,0.978382531221812,0.995232395125043,-4.59537235936616
"J02947_s_at",3.62619887151391,-714.345256144626,0.027256689046486,0.978397643490227,0.995232395125043,-4.59537235963584
"D16688_s_at",27.7035424591811,3575.55191696621,0.0272536867922698,0.978400022329663,0.995232395125043,-4.59537235967826
"D13814_s_at",7.98105017797355,591.204167994481,0.0271375380639496,0.97849205305568,0.995232395125043,-4.59537236131624
"U60805_at",-16.4172135726093,-1760.56237413987,-0.0268252253691723,0.978739516248268,0.995232395125043,-4.5953723656859
"HG172-HT3924_at",-2.624181011678,-312.164763113787,-0.0266901181145112,0.9788465701065,0.995232395125043,-4.59537236756055
"AFFX-HUMGAPDH/M33197_3_st",4.81639159819228,76.3658100202347,0.0265869790271208,0.97892829386967,0.995232395125043,-4.59537236898526
"U08023_at",2.15153287205097,-619.909658730079,0.0265457374602417,0.978960972292311,0.995232395125043,-4.59537236955341
"Z22536_at",-3.84201822538306,-753.445562518374,-0.0264034148887311,0.979073744165687,0.995232395125043,-4.59537237150728
"X98330_at",-2.63594926346007,-546.448114551857,-0.0262661476637909,0.979182510755477,0.995232395125043,-4.59537237338181
"M85165_at",2.81133671996329,-132.705195961649,0.0260126353340497,0.979383387669882,0.995244666469558,-4.59537237681809
"U70426_at",7.52690149008446,-1133.64092885883,0.0258986389085902,0.979473716068344,0.995244666469558,-4.59537237835242
"M14113_at",-2.02443056746962,-570.831548375329,-0.0255542348123149,0.979746616374426,0.995317658246575,-4.59537238294697
"Y12556_at",4.64367196902176,-1337.07759499327,0.0254556882741439,0.979824703532598,0.995317658246575,-4.59537238425032
"U28055_at",-2.74587993219866,-511.809096475782,-0.0251643390735123,0.980055566504681,0.995410375266327,-4.59537238807418
"U63455_at",-2.98660314920663,-325.405305499003,-0.0246971637465151,0.980425756428652,0.99555248474386,-4.59537239411381
"X62515_s_at",7.47957444280546,659.967909196207,0.0246353953581333,0.98047470205527,0.99555248474386,-4.59537239490388
"D87445_at",-2.19158991582512,-222.560064759715,-0.0241712742708919,0.980842476708906,0.995784126055127,-4.59537240077711
"U12622_at",-4.79154290317871,-769.471583496666,-0.023635683650306,0.981266889864208,0.996001177148945,-4.59537240741594
"L00058_at",-1.73445007222759,-533.972378727624,-0.0234053503357455,0.98144941247958,0.996001177148945,-4.59537241022526
"U43328_at",1.84325295311822,-728.982019425384,0.0233726982035898,0.981475287032062,0.996001177148945,-4.59537241062128
"X00695_s_at",2.63263543333863,-922.170004858661,0.0229503555786101,0.981809966117229,0.996064999514581,-4.59537241569387
"X01057_at",-4.45881006063873,-1546.41137177157,-0.0223883969542676,0.982255286960923,0.996064999514581,-4.59537242229993
"L34035_at",3.96738990546007,-1335.23356224773,0.0220347210974926,0.982535558294169,0.996064999514581,-4.59537242637357
"D86550_at",2.01785881605389,-657.911948822983,0.0219056041298751,0.98263787792438,0.996064999514581,-4.59537242784458
"M58597_at",-1.79344817975281,-371.107015804733,-0.0217659040703999,0.982748584533092,0.996064999514581,-4.59537242942643
"X92106_at",2.6872300381989,114.663359774115,0.0215983741147583,0.982881345656691,0.996064999514581,-4.59537243131005
"AB000115_at",6.3565894139684,-98.294950371606,0.0215098933997638,0.982951463460196,0.996064999514581,-4.59537243229901
"U66083_at",1.90529128109435,-795.735949968927,0.0212937415421655,0.983122756654886,0.996064999514581,-4.59537243469789
"L78440_at",4.0617654586905,512.069134311018,0.0212658344614178,0.983144872152085,0.996064999514581,-4.59537243500584
"HG2873-HT3017_at",-41.436407353148,48612.2856340164,-0.0212552737134679,0.98315324122128,0.996064999514581,-4.59537243512228
"U77948_at",4.08903547641754,-127.780040353602,0.0211619253610359,0.983227217014343,0.996064999514581,-4.59537243614892
"U84487_at",-1.63591478020335,-683.26303005105,-0.021007996238054,0.983349201593603,0.996064999514581,-4.59537243783195
"X13794_rna1_at",29.2740164444831,597.469941780103,0.0210019018787798,0.983354031213385,0.996064999514581,-4.59537243789833
"K01884_at",-1.58991868588119,-758.527363681335,-0.0206919827506561,0.983599634821214,0.996172276084374,-4.59537244124869
"X63597_at",2.64608209956841,-607.637096149092,0.0199365080499906,0.984198337447865,0.99634403064701,-4.59537244920701
"U59863_at",6.181460775762,995.701382937623,0.019442297112372,0.984589997401023,0.99634403064701,-4.595372454253
"U57721_at",-6.67108483026389,-247.129913689523,-0.0193763890692739,0.984642229523825,0.99634403064701,-4.59537245491636
"L11931_at",-2.58103448361563,-244.886821572422,-0.0193675166889905,0.984649260890251,0.99634403064701,-4.59537245500548
"U70663_at",4.88350939150803,-58.397284392776,0.0191786588485498,0.984798931129532,0.99634403064701,-4.59537245689299
"M27281_at",-2.69253621756656,-486.641842192017,-0.0190844694243999,0.984873576656305,0.99634403064701,-4.59537245782744
"L34357_at",-1.66129055545069,-481.086364789484,-0.0189883557808286,0.984949747277261,0.99634403064701,-4.59537245877623
"X66867_cds1_at",-2.44623994714612,-354.354079314753,-0.01870301740357,0.985175880436778,0.99634403064701,-4.59537246156475
"U63336_at",-1.99377284930654,-744.784855573949,-0.0184551285997262,0.985372335487891,0.99634403064701,-4.59537246395302
"U27325_s_at",5.37882416513269,-262.926099226015,0.0183116124364488,0.985486074307319,0.99634403064701,-4.59537246532115
"S40719_s_at",-11.2996484444955,3301.16450523935,-0.0182760768475795,0.985514236868573,0.99634403064701,-4.59537246565826
"X15880_at",3.45176885912646,-254.125784629961,0.0181334642145585,0.985627260005042,0.99634403064701,-4.59537246700458
"L77701_at",7.26085961663587,-2091.8733866423,0.0181205719987326,0.985637477338186,0.99634403064701,-4.59537246712576
"M32886_at",1.91018576075584,-899.849287471543,0.0180097537437038,0.985725303073153,0.99634403064701,-4.5953724681639
"J03890_rna1_at",3.43653520485531,-417.289576103638,0.0174326900805304,0.986182640717931,0.996576265757597,-4.59537247346689
"Z46788_at",1.2930989607286,-768.889226359746,0.0171695768796076,0.986391166205039,0.996576265757597,-4.59537247582747
"M93119_at",3.33542011928241,423.183650282642,0.0168921782509104,0.98661101438964,0.996576265757597,-4.59537247827735
"X54150_at",-1.67693419635679,-759.453512109112,-0.016552995722669,0.986879829925949,0.996576265757597,-4.59537248121866
"L22569_at",-3.9811758320732,441.585745784146,-0.0165087916555499,0.98691486350801,0.996576265757597,-4.5953724815976
"M62505_at",2.31386593629621,-424.581416707302,0.0164622247840075,0.986951769740315,0.996576265757597,-4.59537248199568
"M16404_at",2.14166111345299,-57.7621938674573,0.016432107316175,0.986975639133893,0.996576265757597,-4.59537248225256
"X86691_at",-4.22157826888416,924.629835558811,-0.0163091548131178,0.987073084426575,0.996576265757597,-4.59537248329633
"AD000684_cds1_at",-1.66029873618996,-966.472624927171,-0.0161266319091042,0.987217742264163,0.996581217452682,-4.59537248483136
"M80244_at",4.70453444443848,-82.8800385751291,0.0158696663533322,0.987421400083544,0.996645718895365,-4.59537248696317
"U94332_at",-1.25662988715919,-808.937565997532,-0.0153094946306444,0.987865366612469,0.996893307909769,-4.59537249149173
"L10403_at",-2.16283956604817,-1264.45768531814,-0.0152073883363699,0.987946291824196,0.996893307909769,-4.59537249229964
"U52522_at",-4.2890589810378,985.878500942376,-0.0146881610808943,0.988357811777562,0.997005489713692,-4.5953724963244
"HG3415-HT3598_at",1.61060947650026,-531.078150184065,0.0146015190023986,0.988426481340162,0.997005489713692,-4.59537249698239
"X60489_at",-33.5804875241776,6163.86679562948,-0.0140514545810208,0.98886244573727,0.997005489713692,-4.59537250106896
"X07834_at",-1.19900159667986,-593.087240194999,-0.0139938908961297,0.988908069172346,0.997005489713692,-4.59537250148754
"S43646_at",-1.53406250907528,-744.347727952678,-0.0139449010931458,0.98894689720795,0.997005489713692,-4.59537250184243
"X96484_at",-4.31042609364735,518.104660280403,-0.0138902123645008,0.988990242095024,0.997005489713692,-4.59537250223713
"U78525_at",3.02441366430344,239.894469721314,0.0138322812977709,0.989036156813161,0.997005489713692,-4.59537250265354
"U52100_at",15.9610768733069,346.249332509813,0.013475731584745,0.989318750045373,0.997017236706167,-4.5953725051781
"L42450_at",-1.13615053197197,-674.89499744976,-0.0133949257179048,0.989382795141445,0.997017236706167,-4.59537250574108
"M95787_at",1.22590969630904,-523.246806010718,0.0132883646163962,0.98946725342442,0.997017236706167,-4.59537250647833
"U35459_at",1.17253106705061,-468.402740377027,0.0128325170211136,0.989828550849164,0.997153716643287,-4.59537250956567
"D11428_at",-5.57187282071318,-887.627725112089,-0.0127646174393859,0.989882367145958,0.997153716643287,-4.59537251001631
"S80905_f_at",-41.6141947192934,19808.2379719808,-0.0123236434673013,0.990231878348959,0.997231213099308,-4.59537251288484
"L40401_at",-1.81865459105118,139.566053514492,-0.0123146739483976,0.990238987513139,0.997231213099308,-4.59537251294215
"U34844_at",1.27589504002984,-511.937522614513,0.0116157641655909,0.990792939877598,0.99755588565029,-4.59537251727874
"Z18956_at",-9.22474768463796,-510.82651896773,-0.0114024888002324,0.990961981787102,0.99755588565029,-4.59537251855162
"U92015_at",1.93576028369931,144.366822071955,0.0113784263421074,0.990981053701676,0.99755588565029,-4.59537251869375
"X86564_at",0.848830027085751,-883.173258033714,0.0111028528764591,0.991199473727414,0.99756632129142,-4.59537252030008
"M26062_at",-1.22673149532835,-600.59115743458,-0.0109323632068958,0.991334604491417,0.99756632129142,-4.59537252127417
"U77975_at",1.83350744983312,-1259.69888878434,0.0106817751244469,0.991533222031786,0.99756632129142,-4.59537252267852
"J04742_at",-0.86337643134741,-868.852190845661,-0.0105887346763215,0.991606966560095,0.99756632129142,-4.59537252319164
"X83441_at",1.84174042278889,261.578245361168,0.0104556926122726,0.991712416786245,0.99756632129142,-4.59537252391759
"X76383_at",-0.733211115554618,-779.161453508427,-0.0101089006287056,0.99198728764654,0.99756632129142,-4.59537252576671
"U29195_at",2.28593145449298,-741.779988690817,0.0100186138554381,0.992058850026762,0.99756632129142,-4.5953725262379
"M23323_s_at",11.9887029381003,756.65490173391,0.009932551974761,0.992127063768258,0.99756632129142,-4.5953725266831
"D29640_s_at",1.98973341061472,-337.033445232148,0.00977688933814404,0.992250444106022,0.99756632129142,-4.5953725274786
"U41515_at",-5.69657847590076,549.184968339688,-0.00950434601584283,0.992466466138317,0.997642848890941,-4.59537252884114
"M74089_at",1.35324026533702,-1057.81500424999,0.00921752189659162,0.992693807969999,0.997730732154202,-4.59537253023347
"HG1996-HT2044_at",16.2357094963347,5641.427041841,0.00858522419631288,0.993194980377881,0.998012038819849,-4.59537253315215
"U17838_at",1.98986829457018,352.423913317004,0.00848219373234082,0.993276644752756,0.998012038819849,-4.5953725336081
"X64594_at",-1.13973926249078,-1260.43618963989,-0.00833469415842125,0.993393556519884,0.998012038819849,-4.59537253425125
"L33262_s_at",-1.58209607661167,-204.534552484329,-0.00803478328436732,0.993631273660495,0.998034420959252,-4.59537253552418
"L46353_at",3.44181694899545,424.766224932933,0.00795343896940101,0.993695749377463,0.998034420959252,-4.59537253586139
"X83929_s_at",1.27523181801179,-1192.96136949612,0.00756443350139312,0.99400408627835,0.998144601679529,-4.59537253742659
"U79258_at",0.502868231656389,-554.736513998586,0.0072954714958014,0.994217273832285,0.998144601679529,-4.59537253846288
"L07044_at",0.755422250529658,-550.20638975439,0.00712040083401523,0.994356040452422,0.998144601679529,-4.59537253911727
"L06133_at",2.95803575329153,-191.056305410471,0.00701753807185086,0.994437572859066,0.998144601679529,-4.59537253949434
"S94421_at",1.77817919209175,48.6813994016106,0.00693207453714089,0.994505314112053,0.998144601679529,-4.59537253980345
"M37712_at",-0.595179411358487,-218.469867940094,-0.00639143988587757,0.994933840133014,0.99835296968888,-4.59537254167113
"AC002086_at",0.453704205492968,-708.612050680504,0.00631689640380338,0.994992926038266,0.99835296968888,-4.59537254191676
"U09087_s_at",1.02131448363077,-1093.16085356613,0.00605995975447121,0.99519658369218,0.998416831500975,-4.59537254274131
"U48861_at",-2.94332275017659,-1606.7534053544,-0.00580030509794991,0.995402396071418,0.998482836740087,-4.5953725435398
"U88898_r_at",-1.20203119719927,-461.010021746332,-0.00530407522956963,0.995795728037361,0.998497502445856,-4.59537254496855
"L47276_s_at",0.791430046252345,-596.026546894479,0.0051182123341658,0.995943050802625,0.998497502445856,-4.59537254547082
"X84709_at",-0.970835646235806,-1662.65834657796,-0.00497715443191322,0.996054859338011,0.998497502445856,-4.59537254584005
"M20681_at",-0.467846973267955,-656.599500568218,-0.00474830442990008,0.996236255822516,0.998497502445856,-4.59537254641713
"U41344_at",1.69046833272744,-546.863046150544,0.00471397192885159,0.996263469276691,0.998497502445856,-4.59537254650137
"U79526_at",0.332095547532726,-842.129540056035,0.00448263180274546,0.996446839777468,0.998497502445856,-4.59537254705301
"M75110_at",-0.421012646673687,-873.432108926556,-0.00427566527100391,0.99661089084609,0.998497502445856,-4.59537254752301
"Z11502_at",1.96601098664066,1331.91472419369,0.00426427414870235,0.996619919971136,0.998497502445856,-4.59537254754824
"U47635_at",-0.853920678413349,-10.0268623696282,-0.00410730921264593,0.996744337610951,0.998497502445856,-4.59537254788895
"HG2415-HT2511_at",-0.507783013010104,-1.58514400127646,-0.00401533909500998,0.996817237401774,0.998497502445856,-4.59537254808264
"X01059_at",-0.30485596539927,-723.618322801693,-0.00334551220628644,0.997348174126684,0.998862817890164,-4.59537254936106
"L16842_at",1.19313290637826,1313.05015653735,0.00295772647314199,0.997655552159612,0.998862817890164,-4.59537254999484
"U09646_at",-0.83028004914548,162.395345569304,-0.00274594668834298,0.99782341938245,0.998862817890164,-4.59537255030803
"Z29083_at",-0.319065554803054,-583.901814392836,-0.00273968243305152,0.997828384745272,0.998862817890164,-4.59537255031694
"U87972_at",-0.463989882297963,-619.574885869741,-0.00246899869376078,0.998042942329497,0.998862817890164,-4.59537255068251
"X78549_at",0.347589191486221,-810.711247280517,0.00238475725551128,0.998109716373118,0.998862817890164,-4.59537255078853
"U17163_at",-0.325254848163461,-992.213007940609,-0.00231822742158311,0.998162451309116,0.998862817890164,-4.59537255086966
"X97074_at",0.64130306156851,-134.840444082063,0.00161392017274686,0.998720721583266,0.999180888755901,-4.59537255158774
"D26561_cds1_at",-0.115626810898914,-752.725832923173,-0.00147851762189745,0.998828048716495,0.999180888755901,-4.59537255169631
"L14778_s_at",-0.375380316344509,-2180.7912132042,-0.00138692110059425,0.998900652915554,0.999180888755901,-4.59537255176436
"U20657_at",-0.103016429437565,-563.233239757469,-0.000968492215109246,0.999232321671343,0.999372466456992,-4.5953725520199
"D87437_at",-0.0781902821700212,1363.56859456772,-0.000342749350502037,0.999728318636572,0.999728318636572,-4.59537255223265
